y1,x1_COBYQA,x1_BOBYQA,x1_COBYLA,y2,x2_COBYQA,x2_BOBYQA,x2_COBYLA,y3,x3_COBYQA,x3_BOBYQA,x3_COBYLA,y4,x4_COBYQA,x4_BOBYQA,x4_COBYLA,y5,x5_COBYQA,x5_BOBYQA,x5_COBYLA,y6,x6_COBYQA,x6_BOBYQA,x6_COBYLA,y7,x7_COBYQA,x7_BOBYQA,x7_COBYLA,y8,x8_COBYQA,x8_BOBYQA,x8_COBYLA,y9,x9_COBYQA,x9_BOBYQA,x9_COBYLA
0.0,0.0,0.0,0.0,0.0,0.0,0.0,0.0,0.0,0.0,0.0,0.0,0.0,0.0,0.0,0.0,0.0,0.0,0.0,0.0,0.0,0.0,0.0,0.0,0.0,0.0,0.0,0.0,0.0,0.0,0.0,0.0,0.0,0.0,0.0,0.0
0.0,0.038461538461538464,0.0196078431372549,0.6666666666666666,0.0,0.2,0.0196078431372549,0.6666666666666666,0.0,0.2,0.0196078431372549,0.6666666666666666,0.0,0.2,0.0196078431372549,0.6666666666666666,0.0,0.2,0.0196078431372549,0.6666666666666666,0.0,0.2,0.0196078431372549,0.6666666666666666,0.0,0.2,0.0196078431372549,0.6666666666666666,0.0,0.2,0.0196078431372549,0.6666666666666666,0.0,0.2,0.0196078431372549,0.6666666666666666
0.013157894736842105,0.038461538461538464,0.0196078431372549,0.6666666666666666,0.013157894736842105,0.2,0.0196078431372549,0.6666666666666666,0.013157894736842105,0.2,0.0196078431372549,0.6666666666666666,0.013157894736842105,0.2,0.0196078431372549,0.6666666666666666,0.013157894736842105,0.2,0.0196078431372549,0.6666666666666666,0.013157894736842105,0.2,0.0196078431372549,0.6666666666666666,0.013157894736842105,0.2,0.0196078431372549,0.6666666666666666,0.013157894736842105,0.2,0.0196078431372549,0.6666666666666666,0.013157894736842105,0.2,0.0196078431372549,0.6666666666666666
0.013157894736842105,0.2,0.038461538461538464,0.6666666666666666,0.013157894736842105,0.6666666666666666,0.3333333333333333,0.6666666666666666,0.013157894736842105,0.6666666666666666,0.3333333333333333,1.1568627450980393,0.013157894736842105,0.6666666666666666,0.3333333333333333,1.3333333333333333,0.013157894736842105,0.6666666666666666,0.3333333333333333,1.3333333333333333,0.013157894736842105,0.6666666666666666,0.3333333333333333,1.3333333333333333,0.013157894736842105,0.6666666666666666,0.3333333333333333,1.3333333333333333,0.013157894736842105,0.6666666666666666,0.3333333333333333,1.3333333333333333,0.013157894736842105,0.6666666666666666,0.3333333333333333,1.3333333333333333
0.02631578947368421,0.2,0.038461538461538464,0.6666666666666666,0.02631578947368421,0.6666666666666666,0.3333333333333333,0.6666666666666666,0.02631578947368421,0.6666666666666666,0.3333333333333333,1.1568627450980393,0.02631578947368421,0.6666666666666666,0.3333333333333333,1.3333333333333333,0.02631578947368421,0.6666666666666666,0.3333333333333333,1.3333333333333333,0.02631578947368421,0.6666666666666666,0.3333333333333333,1.3333333333333333,0.02631578947368421,0.6666666666666666,0.3333333333333333,1.3333333333333333,0.02631578947368421,0.6666666666666666,0.3333333333333333,1.3333333333333333,0.02631578947368421,0.6666666666666666,0.3333333333333333,1.3333333333333333
0.02631578947368421,0.6666666666666666,0.3333333333333333,0.6666666666666666,0.02631578947368421,0.6666666666666666,0.6666666666666666,1.1111111111111112,0.02631578947368421,1.5,0.6666666666666666,1.3333333333333333,0.02631578947368421,1.5,0.6666666666666666,1.5,0.02631578947368421,1.5,0.6666666666666666,1.5,0.02631578947368421,1.5,0.6666666666666666,1.5,0.02631578947368421,1.5,0.6666666666666666,1.5,0.02631578947368421,1.5,0.6666666666666666,1.5,0.02631578947368421,1.5,0.6666666666666666,1.5
0.039473684210526314,0.6666666666666666,0.3333333333333333,0.6666666666666666,0.039473684210526314,0.6666666666666666,0.6666666666666666,1.1111111111111112,0.039473684210526314,1.5,0.6666666666666666,1.3333333333333333,0.039473684210526314,1.5,0.6666666666666666,1.5,0.039473684210526314,1.5,0.6666666666666666,1.5,0.039473684210526314,1.5,0.6666666666666666,1.5,0.039473684210526314,1.5,0.6666666666666666,1.5,0.039473684210526314,1.5,0.6666666666666666,1.5,0.039473684210526314,1.5,0.6666666666666666,1.5
0.039473684210526314,0.6666666666666666,0.6666666666666666,0.7142857142857143,0.039473684210526314,1.5,0.6666666666666666,1.1111111111111112,0.039473684210526314,1.5,1.6666666666666667,1.3333333333333333,0.039473684210526314,1.5,2.0,1.5,0.039473684210526314,1.5,2.0,1.5,0.039473684210526314,1.5,2.0,1.5,0.039473684210526314,1.5,2.0,1.5,0.039473684210526314,1.5,2.0,1.5,0.039473684210526314,1.5,2.0,1.5
0.05263157894736842,0.6666666666666666,0.6666666666666666,0.7142857142857143,0.05263157894736842,1.5,0.6666666666666666,1.1111111111111112,0.05263157894736842,1.5,1.6666666666666667,1.3333333333333333,0.05263157894736842,1.5,2.0,1.5,0.05263157894736842,1.5,2.0,1.5,0.05263157894736842,1.5,2.0,1.5,0.05263157894736842,1.5,2.0,1.5,0.05263157894736842,1.5,2.0,1.5,0.05263157894736842,1.5,2.0,1.5
0.05263157894736842,0.6666666666666666,0.6666666666666666,0.7142857142857143,0.05263157894736842,1.5,1.6666666666666667,1.1176470588235294,0.05263157894736842,1.6666666666666667,2.0,1.5,0.05263157894736842,2.0,2.0,1.6666666666666667,0.05263157894736842,2.0,2.0,1.6666666666666667,0.05263157894736842,2.0,2.0,1.6666666666666667,0.05263157894736842,2.0,2.0,1.6666666666666667,0.05263157894736842,2.0,2.0,1.6666666666666667,0.05263157894736842,2.0,2.0,1.6666666666666667
0.06578947368421052,0.6666666666666666,0.6666666666666666,0.7142857142857143,0.06578947368421052,1.5,1.6666666666666667,1.1176470588235294,0.06578947368421052,1.6666666666666667,2.0,1.5,0.06578947368421052,2.0,2.0,1.6666666666666667,0.06578947368421052,2.0,2.0,1.6666666666666667,0.06578947368421052,2.0,2.0,1.6666666666666667,0.06578947368421052,2.0,2.0,1.6666666666666667,0.06578947368421052,2.0,2.0,1.6666666666666667,0.06578947368421052,2.0,2.0,1.6666666666666667
0.06578947368421052,1.3333333333333333,0.6666666666666666,1.0,0.06578947368421052,1.6666666666666667,2.0,1.25,0.06578947368421052,2.0,2.0,1.5,0.06578947368421052,2.0,2.0392156862745097,2.176470588235294,0.06578947368421052,2.0,2.0392156862745097,2.176470588235294,0.06578947368421052,2.0,2.0392156862745097,2.196078431372549,0.06578947368421052,2.0,2.111111111111111,2.196078431372549,0.06578947368421052,2.0,2.111111111111111,2.196078431372549,0.06578947368421052,2.0,2.111111111111111,3.627450980392157
0.07894736842105263,1.3333333333333333,0.6666666666666666,1.0,0.07894736842105263,1.6666666666666667,2.0,1.25,0.07894736842105263,2.0,2.0,1.5,0.07894736842105263,2.0,2.0392156862745097,2.176470588235294,0.07894736842105263,2.0,2.0392156862745097,2.176470588235294,0.07894736842105263,2.0,2.0392156862745097,2.196078431372549,0.07894736842105263,2.0,2.111111111111111,2.196078431372549,0.07894736842105263,2.0,2.111111111111111,2.196078431372549,0.07894736842105263,2.0,2.111111111111111,3.627450980392157
0.07894736842105263,1.5,1.6666666666666667,1.0784313725490196,0.07894736842105263,2.0,2.0,1.3333333333333333,0.07894736842105263,2.0,2.0392156862745097,1.6666666666666667,0.07894736842105263,2.0392156862745097,2.0588235294117645,3.627450980392157,0.07894736842105263,2.0784313725490198,2.0588235294117645,3.627450980392157,0.07894736842105263,2.0784313725490198,2.0588235294117645,3.627450980392157,0.07894736842105263,2.111111111111111,2.1176470588235294,3.627450980392157,0.07894736842105263,2.111111111111111,2.1176470588235294,3.627450980392157,0.07894736842105263,2.111111111111111,2.1176470588235294,4.666666666666667
0.09210526315789473,1.5,1.6666666666666667,1.0784313725490196,0.09210526315789473,2.0,2.0,1.3333333333333333,0.09210526315789473,2.0,2.0392156862745097,1.6666666666666667,0.09210526315789473,2.0392156862745097,2.0588235294117645,3.627450980392157,0.09210526315789473,2.0784313725490198,2.0588235294117645,3.627450980392157,0.09210526315789473,2.0784313725490198,2.0588235294117645,3.627450980392157,0.09210526315789473,2.111111111111111,2.1176470588235294,3.627450980392157,0.09210526315789473,2.111111111111111,2.1176470588235294,3.627450980392157,0.09210526315789473,2.111111111111111,2.1176470588235294,4.666666666666667
0.09210526315789473,1.5,1.6666666666666667,1.1,0.09210526315789473,2.0,2.0392156862745097,1.3333333333333333,0.09210526315789473,2.0392156862745097,2.0392156862745097,2.0,0.09210526315789473,2.0784313725490198,2.111111111111111,3.6666666666666665,0.09210526315789473,2.0980392156862746,2.111111111111111,4.333333333333333,0.09210526315789473,2.111111111111111,2.111111111111111,4.666666666666667,0.09210526315789473,2.196078431372549,2.156862745098039,4.666666666666667,0.09210526315789473,2.196078431372549,2.156862745098039,4.666666666666667,0.09210526315789473,2.196078431372549,2.411764705882353,5.588235294117647
0.10526315789473684,1.5,1.6666666666666667,1.1,0.10526315789473684,2.0,2.0392156862745097,1.3333333333333333,0.10526315789473684,2.0392156862745097,2.0392156862745097,2.0,0.10526315789473684,2.0784313725490198,2.111111111111111,3.6666666666666665,0.10526315789473684,2.0980392156862746,2.111111111111111,4.333333333333333,0.10526315789473684,2.111111111111111,2.111111111111111,4.666666666666667,0.10526315789473684,2.196078431372549,2.156862745098039,4.666666666666667,0.10526315789473684,2.196078431372549,2.156862745098039,4.666666666666667,0.10526315789473684,2.196078431372549,2.411764705882353,5.588235294117647
0.10526315789473684,1.6666666666666667,1.6666666666666667,1.1111111111111112,0.10526315789473684,2.0392156862745097,2.0392156862745097,1.3333333333333333,0.10526315789473684,2.0784313725490198,2.0980392156862746,2.0392156862745097,0.10526315789473684,2.111111111111111,2.1176470588235294,4.333333333333333,0.10526315789473684,2.111111111111111,2.1176470588235294,4.666666666666667,0.10526315789473684,2.196078431372549,2.1176470588235294,5.588235294117647,0.10526315789473684,2.3333333333333335,2.411764705882353,5.588235294117647,0.10526315789473684,2.4901960784313726,2.411764705882353,5.588235294117647,0.10526315789473684,2.4901960784313726,2.5,6.019607843137255
0.11842105263157894,1.6666666666666667,1.6666666666666667,1.1111111111111112,0.11842105263157894,2.0392156862745097,2.0392156862745097,1.3333333333333333,0.11842105263157894,2.0784313725490198,2.0980392156862746,2.0392156862745097,0.11842105263157894,2.111111111111111,2.1176470588235294,4.333333333333333,0.11842105263157894,2.111111111111111,2.1176470588235294,4.666666666666667,0.11842105263157894,2.196078431372549,2.1176470588235294,5.588235294117647,0.11842105263157894,2.3333333333333335,2.411764705882353,5.588235294117647,0.11842105263157894,2.4901960784313726,2.411764705882353,5.588235294117647,0.11842105263157894,2.4901960784313726,2.5,6.019607843137255
0.11842105263157894,1.6666666666666667,1.6666666666666667,1.1111111111111112,0.11842105263157894,2.0588235294117645,2.0392156862745097,1.4,0.11842105263157894,2.111111111111111,2.111111111111111,2.75,0.11842105263157894,2.196078431372549,2.411764705882353,4.607843137254902,0.11842105263157894,2.196078431372549,2.411764705882353,5.588235294117647,0.11842105263157894,2.215686274509804,2.411764705882353,6.019607843137255,0.11842105263157894,2.4901960784313726,2.5,6.019607843137255,0.11842105263157894,2.5294117647058822,2.5,6.019607843137255,0.11842105263157894,2.8333333333333335,3.6666666666666665,7.490196078431373
0.13157894736842105,1.6666666666666667,1.6666666666666667,1.1111111111111112,0.13157894736842105,2.0588235294117645,2.0392156862745097,1.4,0.13157894736842105,2.111111111111111,2.111111111111111,2.75,0.13157894736842105,2.196078431372549,2.411764705882353,4.607843137254902,0.13157894736842105,2.196078431372549,2.411764705882353,5.588235294117647,0.13157894736842105,2.215686274509804,2.411764705882353,6.019607843137255,0.13157894736842105,2.4901960784313726,2.5,6.019607843137255,0.13157894736842105,2.5294117647058822,2.5,6.019607843137255,0.13157894736842105,2.8333333333333335,3.6666666666666665,7.490196078431373
0.13157894736842105,1.6666666666666667,1.6666666666666667,1.1111111111111112,0.13157894736842105,2.0784313725490198,2.111111111111111,1.5,0.13157894736842105,2.196078431372549,2.1176470588235294,2.8,0.13157894736842105,2.4901960784313726,2.5,4.666666666666667,0.13157894736842105,2.4901960784313726,2.5,6.019607843137255,0.13157894736842105,2.4901960784313726,2.5,7.0,0.13157894736842105,2.8333333333333335,3.6666666666666665,7.333333333333333,0.13157894736842105,2.8333333333333335,3.6666666666666665,9.0,0.13157894736842105,3.3333333333333335,3.8333333333333335,9.098039215686274
0.14473684210526316,1.6666666666666667,1.6666666666666667,1.1111111111111112,0.14473684210526316,2.0784313725490198,2.111111111111111,1.5,0.14473684210526316,2.196078431372549,2.1176470588235294,2.8,0.14473684210526316,2.4901960784313726,2.5,4.666666666666667,0.14473684210526316,2.4901960784313726,2.5,6.019607843137255,0.14473684210526316,2.4901960784313726,2.5,7.0,0.14473684210526316,2.8333333333333335,3.6666666666666665,7.333333333333333,0.14473684210526316,2.8333333333333335,3.6666666666666665,9.0,0.14473684210526316,3.3333333333333335,3.8333333333333335,9.098039215686274
0.14473684210526316,1.6666666666666667,1.6666666666666667,1.1111111111111112,0.14473684210526316,2.111111111111111,2.111111111111111,1.5,0.14473684210526316,2.4705882352941178,2.411764705882353,3.6666666666666665,0.14473684210526316,2.8333333333333335,2.6666666666666665,5.0,0.14473684210526316,2.8333333333333335,3.0,6.5,0.14473684210526316,2.8333333333333335,3.0,7.333333333333333,0.14473684210526316,3.3333333333333335,3.8333333333333335,8.0,0.14473684210526316,3.3333333333333335,3.8333333333333335,9.098039215686274,0.14473684210526316,5.333333333333333,4.0588235294117645,10.666666666666666
0.15789473684210525,1.6666666666666667,1.6666666666666667,1.1111111111111112,0.15789473684210525,2.111111111111111,2.111111111111111,1.5,0.15789473684210525,2.4705882352941178,2.411764705882353,3.6666666666666665,0.15789473684210525,2.8333333333333335,2.6666666666666665,5.0,0.15789473684210525,2.8333333333333335,3.0,6.5,0.15789473684210525,2.8333333333333335,3.0,7.333333333333333,0.15789473684210525,3.3333333333333335,3.8333333333333335,8.0,0.15789473684210525,3.3333333333333335,3.8333333333333335,9.098039215686274,0.15789473684210525,5.333333333333333,4.0588235294117645,10.666666666666666
0.15789473684210525,1.6666666666666667,2.0,1.1764705882352942,0.15789473684210525,2.111111111111111,2.111111111111111,1.6666666666666667,0.15789473684210525,2.8,2.5,4.333333333333333,0.15789473684210525,3.0,3.8333333333333335,5.03921568627451,0.15789473684210525,3.3333333333333335,3.8333333333333335,6.666666666666667,0.15789473684210525,3.3333333333333335,3.8333333333333335,8.0,0.15789473684210525,5.333333333333333,4.0,9.0,0.15789473684210525,5.333333333333333,4.0588235294117645,9.666666666666666,0.15789473684210525,6.333333333333333,6.0,11.333333333333334
0.17105263157894735,1.6666666666666667,2.0,1.1764705882352942,0.17105263157894735,2.111111111111111,2.111111111111111,1.6666666666666667,0.17105263157894735,2.8,2.5,4.333333333333333,0.17105263157894735,3.0,3.8333333333333335,5.03921568627451,0.17105263157894735,3.3333333333333335,3.8333333333333335,6.666666666666667,0.17105263157894735,3.3333333333333335,3.8333333333333335,8.0,0.17105263157894735,5.333333333333333,4.0,9.0,0.17105263157894735,5.333333333333333,4.0588235294117645,9.666666666666666,0.17105263157894735,6.333333333333333,6.0,11.333333333333334
0.17105263157894735,1.6666666666666667,2.0,1.2,0.17105263157894735,2.111111111111111,2.111111111111111,1.8,0.17105263157894735,2.8333333333333335,3.3333333333333335,4.5,0.17105263157894735,3.6666666666666665,4.0,5.1,0.17105263157894735,5.0,4.0,7.333333333333333,0.17105263157894735,5.333333333333333,4.0,8.7,0.17105263157894735,5.666666666666667,4.0588235294117645,9.098039215686274,0.17105263157894735,6.333333333333333,6.0,11.333333333333334,0.17105263157894735,8.0,6.333333333333333,11.666666666666666
0.18421052631578944,1.6666666666666667,2.0,1.2,0.18421052631578944,2.111111111111111,2.111111111111111,1.8,0.18421052631578944,2.8333333333333335,3.3333333333333335,4.5,0.18421052631578944,3.6666666666666665,4.0,5.1,0.18421052631578944,5.0,4.0,7.333333333333333,0.18421052631578944,5.333333333333333,4.0,8.7,0.18421052631578944,5.666666666666667,4.0588235294117645,9.098039215686274,0.18421052631578944,6.333333333333333,6.0,11.333333333333334,0.18421052631578944,8.0,6.333333333333333,11.666666666666666
0.18421052631578944,2.0,2.019607843137255,1.25,0.18421052631578944,2.111111111111111,2.1176470588235294,2.0,0.18421052631578944,3.3333333333333335,3.6666666666666665,4.568627450980392,0.18421052631578944,4.2,4.03921568627451,6.333333333333333,0.18421052631578944,5.333333333333333,4.0588235294117645,7.555555555555555,0.18421052631578944,5.666666666666667,4.0588235294117645,8.88888888888889,0.18421052631578944,6.333333333333333,5.666666666666667,10.666666666666666,0.18421052631578944,7.666666666666667,6.333333333333333,12.333333333333334,0.18421052631578944,8.333333333333334,6.333333333333333,12.333333333333334
0.19736842105263158,2.0,2.019607843137255,1.25,0.19736842105263158,2.111111111111111,2.1176470588235294,2.0,0.19736842105263158,3.3333333333333335,3.6666666666666665,4.568627450980392,0.19736842105263158,4.2,4.03921568627451,6.333333333333333,0.19736842105263158,5.333333333333333,4.0588235294117645,7.555555555555555,0.19736842105263158,5.666666666666667,4.0588235294117645,8.88888888888889,0.19736842105263158,6.333333333333333,5.666666666666667,10.666666666666666,0.19736842105263158,7.666666666666667,6.333333333333333,12.333333333333334,0.19736842105263158,8.333333333333334,6.333333333333333,12.333333333333334
0.19736842105263158,2.0,2.0392156862745097,1.2857142857142858,0.19736842105263158,2.176470588235294,2.215686274509804,2.0392156862745097,0.19736842105263158,3.6666666666666665,3.8333333333333335,4.6,0.19736842105263158,4.666666666666667,4.333333333333333,6.444444444444445,0.19736842105263158,5.5,5.333333333333333,7.666666666666667,0.19736842105263158,6.333333333333333,5.666666666666667,9.098039215686274,0.19736842105263158,7.25,6.25,10.666666666666666,0.19736842105263158,8.333333333333334,6.333333333333333,12.7,0.19736842105263158,9.666666666666666,7.0,14.333333333333334
0.21052631578947367,2.0,2.0392156862745097,1.2857142857142858,0.21052631578947367,2.176470588235294,2.215686274509804,2.0392156862745097,0.21052631578947367,3.6666666666666665,3.8333333333333335,4.6,0.21052631578947367,4.666666666666667,4.333333333333333,6.444444444444445,0.21052631578947367,5.5,5.333333333333333,7.666666666666667,0.21052631578947367,6.333333333333333,5.666666666666667,9.098039215686274,0.21052631578947367,7.25,6.25,10.666666666666666,0.21052631578947367,8.333333333333334,6.333333333333333,12.7,0.21052631578947367,9.666666666666666,7.0,14.333333333333334
0.21052631578947367,2.0,2.0392156862745097,1.3333333333333333,0.21052631578947367,2.196078431372549,2.5,2.3333333333333335,0.21052631578947367,3.6923076923076925,4.0,4.6,0.21052631578947367,5.333333333333333,4.9411764705882355,7.0,0.21052631578947367,5.666666666666667,5.666666666666667,8.0,0.21052631578947367,6.666666666666667,6.0,9.75,0.21052631578947367,8.333333333333334,6.333333333333333,12.25,0.21052631578947367,8.8,7.0,12.75,0.21052631578947367,10.0,7.5,16.0
0.22368421052631576,2.0,2.0392156862745097,1.3333333333333333,0.22368421052631576,2.196078431372549,2.5,2.3333333333333335,0.22368421052631576,3.6923076923076925,4.0,4.6,0.22368421052631576,5.333333333333333,4.9411764705882355,7.0,0.22368421052631576,5.666666666666667,5.666666666666667,8.0,0.22368421052631576,6.666666666666667,6.0,9.75,0.22368421052631576,8.333333333333334,6.333333333333333,12.25,0.22368421052631576,8.8,7.0,12.75,0.22368421052631576,10.0,7.5,16.0
0.22368421052631576,2.019607843137255,2.111111111111111,1.3333333333333333,0.22368421052631576,2.450980392156863,2.6666666666666665,2.8,0.22368421052631576,4.392156862745098,4.03921568627451,5.019607843137255,0.22368421052631576,5.5,5.0,7.25,0.22368421052631576,5.666666666666667,6.25,9.098039215686274,0.22368421052631576,7.2,6.25,10.666666666666666,0.22368421052631576,8.4,7.0,12.7,0.22368421052631576,9.666666666666666,7.5,13.0,0.22368421052631576,10.75,9.0,19.254901960784313
0.23684210526315785,2.019607843137255,2.111111111111111,1.3333333333333333,0.23684210526315785,2.450980392156863,2.6666666666666665,2.8,0.23684210526315785,4.392156862745098,4.03921568627451,5.019607843137255,0.23684210526315785,5.5,5.0,7.25,0.23684210526315785,5.666666666666667,6.25,9.098039215686274,0.23684210526315785,7.2,6.25,10.666666666666666,0.23684210526315785,8.4,7.0,12.7,0.23684210526315785,9.666666666666666,7.5,13.0,0.23684210526315785,10.75,9.0,19.254901960784313
0.23684210526315785,2.0588235294117645,2.111111111111111,1.3333333333333333,0.23684210526315785,2.6666666666666665,2.75,2.857142857142857,0.23684210526315785,4.5,5.5,5.222222222222222,0.23684210526315785,5.666666666666667,5.666666666666667,7.431372549019608,0.23684210526315785,6.0,6.333333333333333,11.450980392156863,0.23684210526315785,7.25,6.333333333333333,13.176470588235293,0.23684210526315785,8.4,7.333333333333333,14.823529411764707,0.23684210526315785,10.2,8.666666666666666,15.72549019607843,0.23684210526315785,11.25,9.0,19.428571428571427
0.25,2.0588235294117645,2.111111111111111,1.3333333333333333,0.25,2.6666666666666665,2.75,2.857142857142857,0.25,4.5,5.5,5.222222222222222,0.25,5.666666666666667,5.666666666666667,7.431372549019608,0.25,6.0,6.333333333333333,11.450980392156863,0.25,7.25,6.333333333333333,13.176470588235293,0.25,8.4,7.333333333333333,14.823529411764707,0.25,10.2,8.666666666666666,15.72549019607843,0.25,11.25,9.0,19.428571428571427
0.25,2.0588235294117645,2.1176470588235294,1.4285714285714286,0.25,2.7,2.888888888888889,3.3333333333333335,0.25,4.6,5.666666666666667,5.75,0.25,6.0,5.75,9.509803921568627,0.25,6.6,6.490196078431373,12.571428571428571,0.25,7.333333333333333,7.333333333333333,14.857142857142858,0.25,9.5,8.666666666666666,16.0,0.25,10.25,9.0,18.571428571428573,0.25,12.0,12.6,21.0
0.2631578947368421,2.0588235294117645,2.1176470588235294,1.4285714285714286,0.2631578947368421,2.7,2.888888888888889,3.3333333333333335,0.2631578947368421,4.6,5.666666666666667,5.75,0.2631578947368421,6.0,5.75,9.509803921568627,0.2631578947368421,6.6,6.490196078431373,12.571428571428571,0.2631578947368421,7.333333333333333,7.333333333333333,14.857142857142858,0.2631578947368421,9.5,8.666666666666666,16.0,0.2631578947368421,10.25,9.0,18.571428571428573,0.2631578947368421,12.0,12.6,21.0
0.2631578947368421,2.0588235294117645,2.1176470588235294,1.4285714285714286,0.2631578947368421,2.8333333333333335,3.0,3.5,0.2631578947368421,4.666666666666667,5.666666666666667,6.0,0.2631578947368421,6.2,6.0,10.25,0.2631578947368421,7.176470588235294,7.333333333333333,13.5,0.2631578947368421,7.4,7.666666666666667,15.25,0.2631578947368421,9.666666666666666,9.568627450980392,18.0,0.2631578947368421,10.96078431372549,11.058823529411764,18.75,0.2631578947368421,12.215686274509803,12.745098039215685,22.333333333333332
0.2763157894736842,2.0588235294117645,2.1176470588235294,1.4285714285714286,0.2763157894736842,2.8333333333333335,3.0,3.5,0.2763157894736842,4.666666666666667,5.666666666666667,6.0,0.2763157894736842,6.2,6.0,10.25,0.2763157894736842,7.176470588235294,7.333333333333333,13.5,0.2763157894736842,7.4,7.666666666666667,15.25,0.2763157894736842,9.666666666666666,9.568627450980392,18.0,0.2763157894736842,10.96078431372549,11.058823529411764,18.75,0.2763157894736842,12.215686274509803,12.745098039215685,22.333333333333332
0.2763157894736842,2.111111111111111,2.1176470588235294,1.4444444444444444,0.2763157894736842,3.0,3.019607843137255,4.215686274509804,0.2763157894736842,4.75,5.777777777777778,6.764705882352941,0.2763157894736842,6.75,6.333333333333333,10.571428571428571,0.2763157894736842,7.333333333333333,7.666666666666667,15.176470588235293,0.2763157894736842,8.686274509803921,8.156862745098039,19.0,0.2763157894736842,9.92156862745098,10.5,19.0,0.2763157894736842,11.25,12.0,22.333333333333332,0.2763157894736842,13.0,13.0,28.58823529411765
0.28947368421052627,2.111111111111111,2.1176470588235294,1.4444444444444444,0.28947368421052627,3.0,3.019607843137255,4.215686274509804,0.28947368421052627,4.75,5.777777777777778,6.764705882352941,0.28947368421052627,6.75,6.333333333333333,10.571428571428571,0.28947368421052627,7.333333333333333,7.666666666666667,15.176470588235293,0.28947368421052627,8.686274509803921,8.156862745098039,19.0,0.28947368421052627,9.92156862745098,10.5,19.0,0.28947368421052627,11.25,12.0,22.333333333333332,0.28947368421052627,13.0,13.0,28.58823529411765
0.28947368421052627,2.111111111111111,2.2,1.5,0.28947368421052627,3.25,3.25,4.25,0.28947368421052627,5.333333333333333,6.333333333333333,7.176470588235294,0.28947368421052627,7.333333333333333,8.0,11.529411764705882,0.28947368421052627,8.5,8.25,15.843137254901961,0.28947368421052627,9.0,9.75,19.392156862745097,0.28947368421052627,10.666666666666666,11.0,21.84313725490196,0.28947368421052627,12.0,12.571428571428571,26.11764705882353,0.28947368421052627,13.8,13.714285714285714,31.725490196078432
0.3026315789473684,2.111111111111111,2.2,1.5,0.3026315789473684,3.25,3.25,4.25,0.3026315789473684,5.333333333333333,6.333333333333333,7.176470588235294,0.3026315789473684,7.333333333333333,8.0,11.529411764705882,0.3026315789473684,8.5,8.25,15.843137254901961,0.3026315789473684,9.0,9.75,19.392156862745097,0.3026315789473684,10.666666666666666,11.0,21.84313725490196,0.3026315789473684,12.0,12.571428571428571,26.11764705882353,0.3026315789473684,13.8,13.714285714285714,31.725490196078432
0.3026315789473684,2.176470588235294,2.238095238095238,1.5,0.3026315789473684,3.3333333333333335,3.8333333333333335,4.313725490196078,0.3026315789473684,5.333333333333333,6.5,7.25,0.3026315789473684,7.666666666666667,8.3,12.411764705882353,0.3026315789473684,8.666666666666666,9.714285714285714,16.666666666666668,0.3026315789473684,9.5,10.2,20.019607843137255,0.3026315789473684,12.2,11.428571428571429,22.529411764705884,0.3026315789473684,13.0,12.6,26.352941176470587,0.3026315789473684,16.568627450980394,24.666666666666668,32.0
0.3157894736842105,2.176470588235294,2.238095238095238,1.5,0.3157894736842105,3.3333333333333335,3.8333333333333335,4.313725490196078,0.3157894736842105,5.333333333333333,6.5,7.25,0.3157894736842105,7.666666666666667,8.3,12.411764705882353,0.3157894736842105,8.666666666666666,9.714285714285714,16.666666666666668,0.3157894736842105,9.5,10.2,20.019607843137255,0.3157894736842105,12.2,11.428571428571429,22.529411764705884,0.3157894736842105,13.0,12.6,26.352941176470587,0.3157894736842105,16.568627450980394,24.666666666666668,32.0
0.3157894736842105,2.176470588235294,2.3333333333333335,1.5,0.3157894736842105,3.4,4.0,4.333333333333333,0.3157894736842105,6.0,7.5,7.333333333333333,0.3157894736842105,9.6,9.0,16.313725490196077,0.3157894736842105,10.4,10.0,18.19607843137255,0.3157894736842105,12.2,10.571428571428571,20.666666666666668,0.3157894736842105,16.568627450980394,17.2,24.254901960784313,0.3157894736842105,16.568627450980394,24.666666666666668,28.431372549019606,0.3157894736842105,17.5531914893617,34.25,32.11764705882353
0.3289473684210526,2.176470588235294,2.3333333333333335,1.5,0.3289473684210526,3.4,4.0,4.333333333333333,0.3289473684210526,6.0,7.5,7.333333333333333,0.3289473684210526,9.6,9.0,16.313725490196077,0.3289473684210526,10.4,10.0,18.19607843137255,0.3289473684210526,12.2,10.571428571428571,20.666666666666668,0.3289473684210526,16.568627450980394,17.2,24.254901960784313,0.3289473684210526,16.568627450980394,24.666666666666668,28.431372549019606,0.3289473684210526,17.5531914893617,34.25,32.11764705882353
0.3289473684210526,2.176470588235294,2.4285714285714284,1.6274509803921569,0.3289473684210526,3.6923076923076925,4.333333333333333,4.333333333333333,0.3289473684210526,7.0,7.714285714285714,7.529411764705882,0.3289473684210526,10.423076923076923,9.285714285714286,16.666666666666668,0.3289473684210526,15.92156862745098,10.803921568627452,22.0,0.3289473684210526,16.372549019607842,12.8,24.6,0.3289473684210526,17.5531914893617,22.55,28.4,0.3289473684210526,17.5531914893617,26.9,30.666666666666668,0.3289473684210526,25.333333333333332,41.2,33.64705882352941
0.3421052631578947,2.176470588235294,2.4285714285714284,1.6274509803921569,0.3421052631578947,3.6923076923076925,4.333333333333333,4.333333333333333,0.3421052631578947,7.0,7.714285714285714,7.529411764705882,0.3421052631578947,10.423076923076923,9.285714285714286,16.666666666666668,0.3421052631578947,15.92156862745098,10.803921568627452,22.0,0.3421052631578947,16.372549019607842,12.8,24.6,0.3421052631578947,17.5531914893617,22.55,28.4,0.3421052631578947,17.5531914893617,26.9,30.666666666666668,0.3421052631578947,25.333333333333332,41.2,33.64705882352941
0.3421052631578947,2.4,2.5,1.6666666666666667,0.3421052631578947,4.0,5.0,4.450980392156863,0.3421052631578947,8.0,7.8,8.571428571428571,0.3421052631578947,14.431372549019608,9.549019607843137,16.8,0.3421052631578947,16.638297872340427,11.297872340425531,24.333333333333332,0.3421052631578947,17.46808510638298,16.3,27.666666666666668,0.3421052631578947,23.666666666666668,24.333333333333332,30.333333333333332,0.3421052631578947,24.0,40.6,31.725490196078432,0.3421052631578947,29.73076923076923,42.2,38.6
0.3552631578947368,2.4,2.5,1.6666666666666667,0.3552631578947368,4.0,5.0,4.450980392156863,0.3552631578947368,8.0,7.8,8.571428571428571,0.3552631578947368,14.431372549019608,9.549019607843137,16.8,0.3552631578947368,16.638297872340427,11.297872340425531,24.333333333333332,0.3552631578947368,17.46808510638298,16.3,27.666666666666668,0.3552631578947368,23.666666666666668,24.333333333333332,30.333333333333332,0.3552631578947368,24.0,40.6,31.725490196078432,0.3552631578947368,29.73076923076923,42.2,38.6
0.3552631578947368,2.4,2.5,1.8,0.3552631578947368,4.0,5.2,4.5,0.3552631578947368,9.1,7.980392156862745,9.254901960784315,0.3552631578947368,14.957446808510639,10.170212765957446,22.76923076923077,0.3552631578947368,17.115384615384617,12.5,25.6,0.3552631578947368,20.95,18.666666666666668,28.6,0.3552631578947368,25.884615384615383,38.4,31.725490196078432,0.3552631578947368,27.923076923076923,41.2,33.0,0.3552631578947368,33.8,52.333333333333336,45.96153846153846
0.3684210526315789,2.4,2.5,1.8,0.3684210526315789,4.0,5.2,4.5,0.3684210526315789,9.1,7.980392156862745,9.254901960784315,0.3684210526315789,14.957446808510639,10.170212765957446,22.76923076923077,0.3684210526315789,17.115384615384617,12.5,25.6,0.3684210526315789,20.95,18.666666666666668,28.6,0.3684210526315789,25.884615384615383,38.4,31.725490196078432,0.3684210526315789,27.923076923076923,41.2,33.0,0.3684210526315789,33.8,52.333333333333336,45.96153846153846
0.3684210526315789,2.4,2.5,1.8888888888888888,0.3684210526315789,4.333333333333333,5.428571428571429,4.5,0.3684210526315789,10.0,8.1,9.45,0.3684210526315789,15.45,11.2,23.0,0.3684210526315789,18.0,14.85,26.807692307692307,0.3684210526315789,21.666666666666668,37.8,28.941176470588236,0.3684210526315789,26.75,41.0,36.73076923076923,0.3684210526315789,31.25,51.333333333333336,42.03846153846154,0.3684210526315789,35.4,63.65384615384615,50.0
0.381578947368421,2.4,2.5,1.8888888888888888,0.381578947368421,4.333333333333333,5.428571428571429,4.5,0.381578947368421,10.0,8.1,9.45,0.381578947368421,15.45,11.2,23.0,0.381578947368421,18.0,14.85,26.807692307692307,0.381578947368421,21.666666666666668,37.8,28.941176470588236,0.381578947368421,26.75,41.0,36.73076923076923,0.381578947368421,31.25,51.333333333333336,42.03846153846154,0.381578947368421,35.4,63.65384615384615,50.0
0.381578947368421,2.4444444444444446,2.5714285714285716,2.0,0.381578947368421,4.75,5.666666666666667,4.5,0.381578947368421,12.0,8.97872340425532,10.8,0.381578947368421,20.0,17.333333333333332,24.333333333333332,0.381578947368421,21.666666666666668,18.666666666666668,28.941176470588236,0.381578947368421,21.807692307692307,39.4,31.307692307692307,0.381578947368421,33.6,51.0,37.4,0.381578947368421,33.6,60.03846153846154,45.4,0.381578947368421,42.09803921568628,72.6078431372549,476.1904761904762
0.3947368421052631,2.4444444444444446,2.5714285714285716,2.0,0.3947368421052631,4.75,5.666666666666667,4.5,0.3947368421052631,12.0,8.97872340425532,10.8,0.3947368421052631,20.0,17.333333333333332,24.333333333333332,0.3947368421052631,21.666666666666668,18.666666666666668,28.941176470588236,0.3947368421052631,21.807692307692307,39.4,31.307692307692307,0.3947368421052631,33.6,51.0,37.4,0.3947368421052631,33.6,60.03846153846154,45.4,0.3947368421052631,42.09803921568628,72.6078431372549,476.1904761904762
0.3947368421052631,2.5,2.5714285714285716,2.0,0.3947368421052631,5.254901960784314,5.85,4.555555555555555,0.3947368421052631,13.5,14.4,13.352941176470589,0.3947368421052631,21.6,25.77777777777778,28.88235294117647,0.3947368421052631,25.0,36.0,116.05,0.3947368421052631,31.647058823529413,44.333333333333336,319.55,0.3947368421052631,34.84313725490196,56.84615384615385,475.95238095238096,0.3947368421052631,38.705882352941174,64.45098039215686,476.1904761904762,0.3947368421052631,48.666666666666664,84.6,980.3137254901961
0.40789473684210525,2.5,2.5714285714285716,2.0,0.40789473684210525,5.254901960784314,5.85,4.555555555555555,0.40789473684210525,13.5,14.4,13.352941176470589,0.40789473684210525,21.6,25.77777777777778,28.88235294117647,0.40789473684210525,25.0,36.0,116.05,0.40789473684210525,31.647058823529413,44.333333333333336,319.55,0.40789473684210525,34.84313725490196,56.84615384615385,475.95238095238096,0.40789473684210525,38.705882352941174,64.45098039215686,476.1904761904762,0.40789473684210525,48.666666666666664,84.6,980.3137254901961
0.40789473684210525,2.5686274509803924,2.6666666666666665,2.0,0.40789473684210525,5.444444444444445,6.0,4.686274509803922,0.40789473684210525,13.588235294117647,15.285714285714286,15.666666666666666,0.40789473684210525,22.941176470588236,30.4,33.6078431372549,0.40789473684210525,27.58823529411765,38.6,187.6,0.40789473684210525,31.8,52.80769230769231,384.8,0.40789473684210525,39.0,57.86274509803921,980.2352941176471,0.40789473684210525,44.6,78.0,980.3137254901961,0.40789473684210525,50.4,92.2,980.3137254901961
0.42105263157894735,2.5686274509803924,2.6666666666666665,2.0,0.42105263157894735,5.444444444444445,6.0,4.686274509803922,0.42105263157894735,13.588235294117647,15.285714285714286,15.666666666666666,0.42105263157894735,22.941176470588236,30.4,33.6078431372549,0.42105263157894735,27.58823529411765,38.6,187.6,0.42105263157894735,31.8,52.80769230769231,384.8,0.42105263157894735,39.0,57.86274509803921,980.2352941176471,0.42105263157894735,44.6,78.0,980.3137254901961,0.42105263157894735,50.4,92.2,980.3137254901961
0.42105263157894735,2.6666666666666665,2.6666666666666665,2.0,0.42105263157894735,6.0,6.0,4.862745098039215,0.42105263157894735,13.74468085106383,15.666666666666666,17.0,0.42105263157894735,24.666666666666668,31.333333333333332,34.1063829787234,0.42105263157894735,33.8,41.0,449.7142857142857,0.42105263157894735,36.2,52.84313725490196,473.57142857142856,0.42105263157894735,45.333333333333336,74.2,980.2352941176471,0.42105263157894735,46.666666666666664,84.4,980.3137254901961,0.42105263157894735,55.2,107.66666666666667,980.3137254901961
0.43421052631578944,2.6666666666666665,2.6666666666666665,2.0,0.43421052631578944,6.0,6.0,4.862745098039215,0.43421052631578944,13.74468085106383,15.666666666666666,17.0,0.43421052631578944,24.666666666666668,31.333333333333332,34.1063829787234,0.43421052631578944,33.8,41.0,449.7142857142857,0.43421052631578944,36.2,52.84313725490196,473.57142857142856,0.43421052631578944,45.333333333333336,74.2,980.2352941176471,0.43421052631578944,46.666666666666664,84.4,980.3137254901961,0.43421052631578944,55.2,107.66666666666667,980.3137254901961
0.43421052631578944,2.857142857142857,2.75,2.0,0.43421052631578944,6.0,6.6,6.235294117647059,0.43421052631578944,16.6,17.88888888888889,18.115384615384617,0.43421052631578944,24.77777777777778,33.45454545454545,40.05,0.43421052631578944,37.333333333333336,45.745098039215684,950.0392156862745,0.43421052631578944,44.333333333333336,70.6,977.4509803921569,0.43421052631578944,53.0,80.6,980.2352941176471,0.43421052631578944,54.2,102.8,980.3137254901961,0.43421052631578944,80.0,110.8,980.3137254901961
0.4473684210526315,2.857142857142857,2.75,2.0,0.4473684210526315,6.0,6.6,6.235294117647059,0.4473684210526315,16.6,17.88888888888889,18.115384615384617,0.4473684210526315,24.77777777777778,33.45454545454545,40.05,0.4473684210526315,37.333333333333336,45.745098039215684,950.0392156862745,0.4473684210526315,44.333333333333336,70.6,977.4509803921569,0.4473684210526315,53.0,80.6,980.2352941176471,0.4473684210526315,54.2,102.8,980.3137254901961,0.4473684210526315,80.0,110.8,980.3137254901961
0.4473684210526315,2.857142857142857,2.823529411764706,2.0,0.4473684210526315,6.6,6.714285714285714,6.285714285714286,0.4473684210526315,17.333333333333332,18.5,24.0,0.4473684210526315,26.8,38.4,223.23809523809524,0.4473684210526315,41.2,47.38461538461539,950.0392156862745,0.4473684210526315,45.0,73.2,977.4509803921569,0.4473684210526315,80.0,99.4,980.2352941176471,0.4473684210526315,80.0,107.66666666666667,980.3137254901961,0.4473684210526315,106.75,116.4,980.3137254901961
0.4605263157894736,2.857142857142857,2.823529411764706,2.0,0.4605263157894736,6.6,6.714285714285714,6.285714285714286,0.4605263157894736,17.333333333333332,18.5,24.0,0.4605263157894736,26.8,38.4,223.23809523809524,0.4605263157894736,41.2,47.38461538461539,950.0392156862745,0.4605263157894736,45.0,73.2,977.4509803921569,0.4605263157894736,80.0,99.4,980.2352941176471,0.4605263157894736,80.0,107.66666666666667,980.3137254901961,0.4605263157894736,106.75,116.4,980.3137254901961
0.4605263157894736,3.0,3.0,2.6862745098039214,0.4605263157894736,6.75,6.923076923076923,6.65,0.4605263157894736,17.40909090909091,19.333333333333332,26.319148936170212,0.4605263157894736,29.0,39.0,265.44444444444446,0.4605263157894736,71.55555555555556,55.2,950.0392156862745,0.4605263157894736,79.77777777777777,98.6,977.4509803921569,0.4605263157894736,93.0,107.66666666666667,980.2352941176471,0.4605263157894736,106.0,113.8,980.3137254901961,0.4605263157894736,120.8,157.8,980.3137254901961
0.47368421052631576,3.0,3.0,2.6862745098039214,0.47368421052631576,6.75,6.923076923076923,6.65,0.47368421052631576,17.40909090909091,19.333333333333332,26.319148936170212,0.47368421052631576,29.0,39.0,265.44444444444446,0.47368421052631576,71.55555555555556,55.2,950.0392156862745,0.47368421052631576,79.77777777777777,98.6,977.4509803921569,0.47368421052631576,93.0,107.66666666666667,980.2352941176471,0.47368421052631576,106.0,113.8,980.3137254901961,0.47368421052631576,120.8,157.8,980.3137254901961
0.47368421052631576,3.0,3.0,2.75,0.47368421052631576,6.75,7.03921568627451,7.8,0.47368421052631576,19.142857142857142,21.923076923076923,26.745098039215687,0.47368421052631576,40.25,39.27450980392157,885.1111111111111,0.47368421052631576,77.25,71.04545454545455,950.0392156862745,0.47368421052631576,80.0,104.55555555555556,977.4509803921569,0.47368421052631576,104.0,113.2,980.2352941176471,0.47368421052631576,119.4,124.25,980.3137254901961,0.47368421052631576,125.5,195.95454545454547,980.3137254901961
0.48684210526315785,3.0,3.0,2.75,0.48684210526315785,6.75,7.03921568627451,7.8,0.48684210526315785,19.142857142857142,21.923076923076923,26.745098039215687,0.48684210526315785,40.25,39.27450980392157,885.1111111111111,0.48684210526315785,77.25,71.04545454545455,950.0392156862745,0.48684210526315785,80.0,104.55555555555556,977.4509803921569,0.48684210526315785,104.0,113.2,980.2352941176471,0.48684210526315785,119.4,124.25,980.3137254901961,0.48684210526315785,125.5,195.95454545454547,980.3137254901961
0.48684210526315785,3.0,3.25,2.8,0.48684210526315785,7.142857142857143,7.446808510638298,9.8,0.48684210526315785,19.666666666666668,23.555555555555557,28.294117647058822,0.48684210526315785,41.2,39.53846153846154,885.1111111111111,0.48684210526315785,78.33333333333333,72.8,950.0392156862745,0.48684210526315785,94.5,107.66666666666667,977.4509803921569,0.48684210526315785,113.6,122.0,980.2352941176471,0.48684210526315785,125.25,154.4,980.3137254901961,0.48684210526315785,144.4,221.6,980.3137254901961
0.49999999999999994,3.0,3.25,2.8,0.49999999999999994,7.142857142857143,7.446808510638298,9.8,0.49999999999999994,19.666666666666668,23.555555555555557,28.294117647058822,0.49999999999999994,41.2,39.53846153846154,885.1111111111111,0.49999999999999994,78.33333333333333,72.8,950.0392156862745,0.49999999999999994,94.5,107.66666666666667,977.4509803921569,0.49999999999999994,113.6,122.0,980.2352941176471,0.49999999999999994,125.25,154.4,980.3137254901961,0.49999999999999994,144.4,221.6,980.3137254901961
0.49999999999999994,3.0,3.3333333333333335,2.888888888888889,0.49999999999999994,7.8,7.6,10.285714285714286,0.49999999999999994,20.0,25.8,35.857142857142854,0.49999999999999994,47.111111111111114,40.333333333333336,885.1111111111111,0.49999999999999994,78.5909090909091,89.11111111111111,950.0392156862745,0.49999999999999994,111.8,111.4,977.4509803921569,0.49999999999999994,115.75,138.0,980.2352941176471,0.49999999999999994,143.4,183.6818181818182,980.3137254901961,0.49999999999999994,169.8,234.0,980.3137254901961
0.5131578947368421,3.0,3.3333333333333335,2.888888888888889,0.5131578947368421,7.8,7.6,10.285714285714286,0.5131578947368421,20.0,25.8,35.857142857142854,0.5131578947368421,47.111111111111114,40.333333333333336,885.1111111111111,0.5131578947368421,78.5909090909091,89.11111111111111,950.0392156862745,0.5131578947368421,111.8,111.4,977.4509803921569,0.5131578947368421,115.75,138.0,980.2352941176471,0.5131578947368421,143.4,183.6818181818182,980.3137254901961,0.5131578947368421,169.8,234.0,980.3137254901961
0.5131578947368421,3.25,3.5,3.0,0.5131578947368421,8.75,7.666666666666667,11.254901960784315,0.5131578947368421,20.77777777777778,27.11111111111111,62.36363636363637,0.5131578947368421,49.68181818181818,51.888888888888886,885.1111111111111,0.5131578947368421,88.77777777777777,90.0,950.0392156862745,0.5131578947368421,112.0,117.72727272727273,977.4509803921569,0.5131578947368421,132.88888888888889,146.8,980.2352941176471,0.5131578947368421,162.88888888888889,197.66666666666666,980.3137254901961,0.5131578947368421,171.2,251.0,980.3137254901961
0.5263157894736842,3.25,3.5,3.0,0.5263157894736842,8.75,7.666666666666667,11.254901960784315,0.5263157894736842,20.77777777777778,27.11111111111111,62.36363636363637,0.5263157894736842,49.68181818181818,51.888888888888886,885.1111111111111,0.5263157894736842,88.77777777777777,90.0,950.0392156862745,0.5263157894736842,112.0,117.72727272727273,977.4509803921569,0.5263157894736842,132.88888888888889,146.8,980.2352941176471,0.5263157894736842,162.88888888888889,197.66666666666666,980.3137254901961,0.5263157894736842,171.2,251.0,980.3137254901961
0.5263157894736842,3.75,3.5,3.0,0.5263157894736842,10.714285714285714,8.333333333333334,11.6,0.5263157894736842,21.666666666666668,27.363636363636363,368.0,0.5263157894736842,60.111111111111114,52.2,885.1111111111111,0.5263157894736842,90.33333333333333,93.11111111111111,950.0392156862745,0.5263157894736842,116.33333333333333,119.5,977.4509803921569,0.5263157894736842,137.6,151.4090909090909,980.2352941176471,0.5263157894736842,163.6,221.2,980.3137254901961,0.5263157894736842,175.8,281.2,980.3137254901961
0.5394736842105263,3.75,3.5,3.0,0.5394736842105263,10.714285714285714,8.333333333333334,11.6,0.5394736842105263,21.666666666666668,27.363636363636363,368.0,0.5394736842105263,60.111111111111114,52.2,885.1111111111111,0.5394736842105263,90.33333333333333,93.11111111111111,950.0392156862745,0.5394736842105263,116.33333333333333,119.5,977.4509803921569,0.5394736842105263,137.6,151.4090909090909,980.2352941176471,0.5394736842105263,163.6,221.2,980.3137254901961,0.5394736842105263,175.8,281.2,980.3137254901961
0.5394736842105263,3.75,3.627450980392157,3.25,0.5394736842105263,10.88888888888889,8.428571428571429,12.615384615384615,0.5394736842105263,24.8,28.8,797.1111111111111,0.5394736842105263,64.5,62.44444444444444,885.1111111111111,0.5394736842105263,93.5,104.75,950.0392156862745,0.5394736842105263,124.81818181818181,128.33333333333334,977.4509803921569,0.5394736842105263,153.4,173.88888888888889,980.2352941176471,0.5394736842105263,170.6,233.75,980.3137254901961,0.5394736842105263,187.5,284.6,980.3137254901961
0.5526315789473685,3.75,3.627450980392157,3.25,0.5526315789473685,10.88888888888889,8.428571428571429,12.615384615384615,0.5526315789473685,24.8,28.8,797.1111111111111,0.5526315789473685,64.5,62.44444444444444,885.1111111111111,0.5526315789473685,93.5,104.75,950.0392156862745,0.5526315789473685,124.81818181818181,128.33333333333334,977.4509803921569,0.5526315789473685,153.4,173.88888888888889,980.2352941176471,0.5526315789473685,170.6,233.75,980.3137254901961,0.5526315789473685,187.5,284.6,980.3137254901961
0.5526315789473685,4.142857142857143,3.6666666666666665,3.25,0.5526315789473685,11.0,10.333333333333334,13.904761904761905,0.5526315789473685,25.11111111111111,30.274509803921568,797.1111111111111,0.5526315789473685,67.33333333333333,72.22222222222223,885.1111111111111,0.5526315789473685,103.6,106.8,950.0392156862745,0.5526315789473685,134.4,141.0,977.4509803921569,0.5526315789473685,165.0909090909091,187.22222222222223,980.2352941176471,0.5526315789473685,174.6,250.25,980.3137254901961,0.5526315789473685,194.8,292.2,980.3137254901961
0.5657894736842105,4.142857142857143,3.6666666666666665,3.25,0.5657894736842105,11.0,10.333333333333334,13.904761904761905,0.5657894736842105,25.11111111111111,30.274509803921568,797.1111111111111,0.5657894736842105,67.33333333333333,72.22222222222223,885.1111111111111,0.5657894736842105,103.6,106.8,950.0392156862745,0.5657894736842105,134.4,141.0,977.4509803921569,0.5657894736842105,165.0909090909091,187.22222222222223,980.2352941176471,0.5657894736842105,174.6,250.25,980.3137254901961,0.5657894736842105,194.8,292.2,980.3137254901961
0.5657894736842105,4.25,4.0,3.3333333333333335,0.5657894736842105,12.411764705882353,12.0,14.333333333333334,0.5657894736842105,36.0,34.2,797.1111111111111,0.5657894736842105,78.33333333333333,74.55555555555556,885.1111111111111,0.5657894736842105,104.77777777777777,107.33333333333333,950.0392156862745,0.5657894736842105,139.22222222222223,154.22222222222223,977.4509803921569,0.5657894736842105,167.2,197.11111111111111,980.2352941176471,0.5657894736842105,186.75,279.8,980.3137254901961,0.5657894736842105,213.36363636363637,348.44444444444446,980.3137254901961
0.5789473684210527,4.25,4.0,3.3333333333333335,0.5789473684210527,12.411764705882353,12.0,14.333333333333334,0.5789473684210527,36.0,34.2,797.1111111111111,0.5789473684210527,78.33333333333333,74.55555555555556,885.1111111111111,0.5789473684210527,104.77777777777777,107.33333333333333,950.0392156862745,0.5789473684210527,139.22222222222223,154.22222222222223,977.4509803921569,0.5789473684210527,167.2,197.11111111111111,980.2352941176471,0.5789473684210527,186.75,279.8,980.3137254901961,0.5789473684210527,213.36363636363637,348.44444444444446,980.3137254901961
0.5789473684210527,4.285714285714286,4.6,3.3529411764705883,0.5789473684210527,12.446808510638299,12.137254901960784,19.607843137254903,0.5789473684210527,40.8,36.2,797.1111111111111,0.5789473684210527,83.22222222222223,75.25,885.1111111111111,0.5789473684210527,127.4,107.33333333333333,950.0392156862745,0.5789473684210527,144.6,156.88888888888889,977.4509803921569,0.5789473684210527,170.4,197.5,980.2352941176471,0.5789473684210527,191.2,280.2,980.3137254901961,0.5789473684210527,324.75,412.0,980.3137254901961
0.5921052631578948,4.285714285714286,4.6,3.3529411764705883,0.5921052631578948,12.446808510638299,12.137254901960784,19.607843137254903,0.5921052631578948,40.8,36.2,797.1111111111111,0.5921052631578948,83.22222222222223,75.25,885.1111111111111,0.5921052631578948,127.4,107.33333333333333,950.0392156862745,0.5921052631578948,144.6,156.88888888888889,977.4509803921569,0.5921052631578948,170.4,197.5,980.2352941176471,0.5921052631578948,191.2,280.2,980.3137254901961,0.5921052631578948,324.75,412.0,980.3137254901961
0.5921052631578948,4.333333333333333,4.75,3.6470588235294117,0.5921052631578948,12.5,13.954545454545455,20.25531914893617,0.5921052631578948,55.0,42.75,797.1111111111111,0.5921052631578948,88.6,78.8,885.1111111111111,0.5921052631578948,130.8,119.88888888888889,950.0392156862745,0.5921052631578948,155.0,180.75,977.4509803921569,0.5921052631578948,173.5,213.0,980.2352941176471,0.5921052631578948,195.63636363636363,287.8,980.3137254901961,0.5921052631578948,350.5,429.8888888888889,980.3137254901961
0.6052631578947368,4.333333333333333,4.75,3.6470588235294117,0.6052631578947368,12.5,13.954545454545455,20.25531914893617,0.6052631578947368,55.0,42.75,797.1111111111111,0.6052631578947368,88.6,78.8,885.1111111111111,0.6052631578947368,130.8,119.88888888888889,950.0392156862745,0.6052631578947368,155.0,180.75,977.4509803921569,0.6052631578947368,173.5,213.0,980.2352941176471,0.6052631578947368,195.63636363636363,287.8,980.3137254901961,0.6052631578947368,350.5,429.8888888888889,980.3137254901961
0.6052631578947368,4.5,5.0,3.6862745098039214,0.6052631578947368,12.75,14.6,22.50980392156863,0.6052631578947368,65.75,44.0,797.1111111111111,0.6052631578947368,117.4,94.4,885.1111111111111,0.6052631578947368,134.2,124.0,950.0392156862745,0.6052631578947368,155.2,212.8,977.4509803921569,0.6052631578947368,174.22222222222223,219.5,980.2352941176471,0.6052631578947368,255.22222222222223,322.3333333333333,980.3137254901961,0.6052631578947368,372.5,443.44444444444446,980.3137254901961
0.618421052631579,4.5,5.0,3.6862745098039214,0.618421052631579,12.75,14.6,22.50980392156863,0.618421052631579,65.75,44.0,797.1111111111111,0.618421052631579,117.4,94.4,885.1111111111111,0.618421052631579,134.2,124.0,950.0392156862745,0.618421052631579,155.2,212.8,977.4509803921569,0.618421052631579,174.22222222222223,219.5,980.2352941176471,0.618421052631579,255.22222222222223,322.3333333333333,980.3137254901961,0.618421052631579,372.5,443.44444444444446,980.3137254901961
0.618421052631579,4.5,5.0,4.0,0.618421052631579,14.8,15.4,22.666666666666668,0.618421052631579,72.0,52.55555555555556,797.1111111111111,0.618421052631579,121.0,96.6,885.1111111111111,0.618421052631579,149.6,130.0,950.0392156862745,0.618421052631579,156.8,215.25,977.4509803921569,0.618421052631579,179.2,250.0,980.2352941176471,0.618421052631579,316.25,402.8888888888889,980.3137254901961,0.618421052631579,400.0,444.0,980.3137254901961
0.631578947368421,4.5,5.0,4.0,0.631578947368421,14.8,15.4,22.666666666666668,0.631578947368421,72.0,52.55555555555556,797.1111111111111,0.631578947368421,121.0,96.6,885.1111111111111,0.631578947368421,149.6,130.0,950.0392156862745,0.631578947368421,156.8,215.25,977.4509803921569,0.631578947368421,179.2,250.0,980.2352941176471,0.631578947368421,316.25,402.8888888888889,980.3137254901961,0.631578947368421,400.0,444.0,980.3137254901961
0.631578947368421,5.285714285714286,5.0,4.0,0.631578947368421,17.333333333333332,17.5,28.136363636363637,0.631578947368421,77.33333333333333,57.77777777777778,797.1111111111111,0.631578947368421,121.57142857142857,105.5,885.1111111111111,0.631578947368421,149.6,143.22222222222223,950.0392156862745,0.631578947368421,171.25,249.0,977.4509803921569,0.631578947368421,312.5,276.2,980.2352941176471,0.631578947368421,348.5,443.1111111111111,980.3137254901961,0.631578947368421,404.14285714285717,444.44444444444446,980.3137254901961
0.6447368421052632,5.285714285714286,5.0,4.0,0.6447368421052632,17.333333333333332,17.5,28.136363636363637,0.6447368421052632,77.33333333333333,57.77777777777778,797.1111111111111,0.6447368421052632,121.57142857142857,105.5,885.1111111111111,0.6447368421052632,149.6,143.22222222222223,950.0392156862745,0.6447368421052632,171.25,249.0,977.4509803921569,0.6447368421052632,312.5,276.2,980.2352941176471,0.6447368421052632,348.5,443.1111111111111,980.3137254901961,0.6447368421052632,404.14285714285717,444.44444444444446,980.3137254901961
0.6447368421052632,5.444444444444445,5.392156862745098,4.15,0.6447368421052632,18.333333333333332,18.4,90.22222222222223,0.6447368421052632,77.77777777777777,62.6,797.1111111111111,0.6447368421052632,130.0,107.0,885.1111111111111,0.6447368421052632,153.5,166.0,950.0392156862745,0.6447368421052632,302.75,266.0,977.4509803921569,0.6447368421052632,341.0,277.0,980.2352941176471,0.6447368421052632,369.25,444.0,980.3137254901961,0.6447368421052632,424.85714285714283,444.44444444444446,980.3137254901961
0.6578947368421053,5.444444444444445,5.392156862745098,4.15,0.6578947368421053,18.333333333333332,18.4,90.22222222222223,0.6578947368421053,77.77777777777777,62.6,797.1111111111111,0.6578947368421053,130.0,107.0,885.1111111111111,0.6578947368421053,153.5,166.0,950.0392156862745,0.6578947368421053,302.75,266.0,977.4509803921569,0.6578947368421053,341.0,277.0,980.2352941176471,0.6578947368421053,369.25,444.0,980.3137254901961,0.6578947368421053,424.85714285714283,444.44444444444446,980.3137254901961
0.6578947368421053,5.666666666666667,5.48936170212766,4.285714285714286,0.6578947368421053,18.75,19.0,334.57142857142856,0.6578947368421053,85.0,71.0,797.1111111111111,0.6578947368421053,133.2,109.44444444444444,885.1111111111111,0.6578947368421053,163.11111111111111,179.5,950.0392156862745,0.6578947368421053,317.1111111111111,275.8,977.4509803921569,0.6578947368421053,362.42857142857144,283.8,980.2352941176471,0.6578947368421053,385.0,444.3333333333333,980.3137254901961,0.6578947368421053,426.85714285714283,980.3137254901961,980.3137254901961
0.6710526315789473,5.666666666666667,5.48936170212766,4.285714285714286,0.6710526315789473,18.75,19.0,334.57142857142856,0.6710526315789473,85.0,71.0,797.1111111111111,0.6710526315789473,133.2,109.44444444444444,885.1111111111111,0.6710526315789473,163.11111111111111,179.5,950.0392156862745,0.6710526315789473,317.1111111111111,275.8,977.4509803921569,0.6710526315789473,362.42857142857144,283.8,980.2352941176471,0.6710526315789473,385.0,444.3333333333333,980.3137254901961,0.6710526315789473,426.85714285714283,980.3137254901961,980.3137254901961
0.6710526315789473,5.8,6.0,4.490196078431373,0.6710526315789473,22.4,19.555555555555557,345.77777777777777,0.6710526315789473,99.42857142857143,73.0,797.1111111111111,0.6710526315789473,134.2,120.5,885.1111111111111,0.6710526315789473,246.0,199.2,950.0392156862745,0.6710526315789473,320.57142857142856,276.2,977.4509803921569,0.6710526315789473,368.25,317.25,980.2352941176471,0.6710526315789473,400.0,444.44444444444446,980.3137254901961,0.6710526315789473,428.2857142857143,980.3137254901961,980.3137254901961
0.6842105263157895,5.8,6.0,4.490196078431373,0.6842105263157895,22.4,19.555555555555557,345.77777777777777,0.6842105263157895,99.42857142857143,73.0,797.1111111111111,0.6842105263157895,134.2,120.5,885.1111111111111,0.6842105263157895,246.0,199.2,950.0392156862745,0.6842105263157895,320.57142857142856,276.2,977.4509803921569,0.6842105263157895,368.25,317.25,980.2352941176471,0.6842105263157895,400.0,444.44444444444446,980.3137254901961,0.6842105263157895,428.2857142857143,980.3137254901961,980.3137254901961
0.6842105263157895,6.285714285714286,6.2,5.8,0.6842105263157895,26.25,19.75,812.8888888888889,0.6842105263157895,101.0,86.2,797.1111111111111,0.6842105263157895,135.11111111111111,183.5,885.1111111111111,0.6842105263157895,259.57142857142856,228.5,950.0392156862745,0.6842105263157895,321.6666666666667,301.75,977.4509803921569,0.6842105263157895,368.57142857142856,428.55555555555554,980.2352941176471,0.6842105263157895,414.2857142857143,980.3137254901961,980.3137254901961,0.6842105263157895,428.57142857142856,980.3137254901961,980.3137254901961
0.6973684210526315,6.285714285714286,6.2,5.8,0.6973684210526315,26.25,19.75,812.8888888888889,0.6973684210526315,101.0,86.2,797.1111111111111,0.6973684210526315,135.11111111111111,183.5,885.1111111111111,0.6973684210526315,259.57142857142856,228.5,950.0392156862745,0.6973684210526315,321.6666666666667,301.75,977.4509803921569,0.6973684210526315,368.57142857142856,428.55555555555554,980.2352941176471,0.6973684210526315,414.2857142857143,980.3137254901961,980.3137254901961,0.6973684210526315,428.57142857142856,980.3137254901961,980.3137254901961
0.6973684210526315,6.571428571428571,6.285714285714286,6.2,0.6973684210526315,30.2,21.8,812.8888888888889,0.6973684210526315,110.0,97.66666666666667,797.1111111111111,0.6973684210526315,145.0,184.8,885.1111111111111,0.6973684210526315,260.14285714285717,234.2,950.0392156862745,0.6973684210526315,325.75,364.0,977.4509803921569,0.6973684210526315,396.42857142857144,443.55555555555554,980.2352941176471,0.6973684210526315,422.42857142857144,980.3137254901961,980.3137254901961,0.6973684210526315,428.57142857142856,980.3137254901961,980.3137254901961
0.7105263157894737,6.571428571428571,6.285714285714286,6.2,0.7105263157894737,30.2,21.8,812.8888888888889,0.7105263157894737,110.0,97.66666666666667,797.1111111111111,0.7105263157894737,145.0,184.8,885.1111111111111,0.7105263157894737,260.14285714285717,234.2,950.0392156862745,0.7105263157894737,325.75,364.0,977.4509803921569,0.7105263157894737,396.42857142857144,443.55555555555554,980.2352941176471,0.7105263157894737,422.42857142857144,980.3137254901961,980.3137254901961,0.7105263157894737,428.57142857142856,980.3137254901961,980.3137254901961
0.7105263157894737,6.571428571428571,6.4,6.8,0.7105263157894737,42.25,24.571428571428573,812.8888888888889,0.7105263157894737,114.0,102.5,797.1111111111111,0.7105263157894737,171.44444444444446,188.25,885.1111111111111,0.7105263157894737,279.5,245.75,950.0392156862745,0.7105263157894737,328.2857142857143,367.6666666666667,977.4509803921569,0.7105263157894737,399.8,444.0,980.2352941176471,0.7105263157894737,425.2857142857143,980.3137254901961,980.3137254901961,0.7105263157894737,428.57142857142856,980.3137254901961,980.3137254901961
0.7236842105263158,6.571428571428571,6.4,6.8,0.7236842105263158,42.25,24.571428571428573,812.8888888888889,0.7236842105263158,114.0,102.5,797.1111111111111,0.7236842105263158,171.44444444444446,188.25,885.1111111111111,0.7236842105263158,279.5,245.75,950.0392156862745,0.7236842105263158,328.2857142857143,367.6666666666667,977.4509803921569,0.7236842105263158,399.8,444.0,980.2352941176471,0.7236842105263158,425.2857142857143,980.3137254901961,980.3137254901961,0.7236842105263158,428.57142857142856,980.3137254901961,980.3137254901961
0.7236842105263158,7.4,6.4,7.076923076923077,0.7236842105263158,46.0,28.75,812.8888888888889,0.7236842105263158,118.4,106.0,797.1111111111111,0.7236842105263158,174.25,214.75,885.1111111111111,0.7236842105263158,288.25,262.8,950.0392156862745,0.7236842105263158,342.2857142857143,370.0,977.4509803921569,0.7236842105263158,400.3333333333333,444.22222222222223,980.2352941176471,0.7236842105263158,428.42857142857144,980.3137254901961,980.3137254901961,0.7236842105263158,429.22222222222223,980.3137254901961,980.3137254901961
0.7368421052631579,7.4,6.4,7.076923076923077,0.7368421052631579,46.0,28.75,812.8888888888889,0.7368421052631579,118.4,106.0,797.1111111111111,0.7368421052631579,174.25,214.75,885.1111111111111,0.7368421052631579,288.25,262.8,950.0392156862745,0.7368421052631579,342.2857142857143,370.0,977.4509803921569,0.7368421052631579,400.3333333333333,444.22222222222223,980.2352941176471,0.7368421052631579,428.42857142857144,980.3137254901961,980.3137254901961,0.7368421052631579,429.22222222222223,980.3137254901961,980.3137254901961
0.7368421052631579,7.4,6.571428571428571,7.117647058823529,0.7368421052631579,51.0,33.5,812.8888888888889,0.7368421052631579,120.8,106.75,797.1111111111111,0.7368421052631579,179.5,217.66666666666666,885.1111111111111,0.7368421052631579,290.6666666666667,266.0,950.0392156862745,0.7368421052631579,363.25,436.44444444444446,977.4509803921569,0.7368421052631579,418.7142857142857,980.2352941176471,980.2352941176471,0.7368421052631579,428.57142857142856,980.3137254901961,980.3137254901961,0.7368421052631579,444.0,980.3137254901961,980.3137254901961
0.75,7.4,6.571428571428571,7.117647058823529,0.75,51.0,33.5,812.8888888888889,0.75,120.8,106.75,797.1111111111111,0.75,179.5,217.66666666666666,885.1111111111111,0.75,290.6666666666667,266.0,950.0392156862745,0.75,363.25,436.44444444444446,977.4509803921569,0.75,418.7142857142857,980.2352941176471,980.2352941176471,0.75,428.57142857142856,980.3137254901961,980.3137254901961,0.75,444.0,980.3137254901961,980.3137254901961
0.75,7.6,6.777777777777778,10.454545454545455,0.75,57.666666666666664,34.6,812.8888888888889,0.75,127.0,133.25,797.1111111111111,0.75,219.0,219.4,885.1111111111111,0.75,308.57142857142856,303.0,950.0392156862745,0.75,379.85714285714283,437.8888888888889,977.4509803921569,0.75,426.2857142857143,980.2352941176471,980.2352941176471,0.75,428.57142857142856,980.3137254901961,980.3137254901961,0.75,444.44444444444446,980.3137254901961,980.3137254901961
0.7631578947368421,7.6,6.777777777777778,10.454545454545455,0.7631578947368421,57.666666666666664,34.6,812.8888888888889,0.7631578947368421,127.0,133.25,797.1111111111111,0.7631578947368421,219.0,219.4,885.1111111111111,0.7631578947368421,308.57142857142856,303.0,950.0392156862745,0.7631578947368421,379.85714285714283,437.8888888888889,977.4509803921569,0.7631578947368421,426.2857142857143,980.2352941176471,980.2352941176471,0.7631578947368421,428.57142857142856,980.3137254901961,980.3137254901961,0.7631578947368421,444.44444444444446,980.3137254901961,980.3137254901961
0.7631578947368421,8.0,7.333333333333333,10.666666666666666,0.7631578947368421,62.0,52.75,812.8888888888889,0.7631578947368421,128.8,157.0,797.1111111111111,0.7631578947368421,230.11111111111111,241.0,885.1111111111111,0.7631578947368421,313.42857142857144,336.14285714285717,950.0392156862745,0.7631578947368421,389.0,443.8888888888889,977.4509803921569,0.7631578947368421,428.57142857142856,980.2352941176471,980.2352941176471,0.7631578947368421,436.55555555555554,980.3137254901961,980.3137254901961,0.7631578947368421,450.0,980.3137254901961,980.3137254901961
0.7763157894736842,8.0,7.333333333333333,10.666666666666666,0.7763157894736842,62.0,52.75,812.8888888888889,0.7763157894736842,128.8,157.0,797.1111111111111,0.7763157894736842,230.11111111111111,241.0,885.1111111111111,0.7763157894736842,313.42857142857144,336.14285714285717,950.0392156862745,0.7763157894736842,389.0,443.8888888888889,977.4509803921569,0.7763157894736842,428.57142857142856,980.2352941176471,980.2352941176471,0.7763157894736842,436.55555555555554,980.3137254901961,980.3137254901961,0.7763157894736842,450.0,980.3137254901961,980.3137254901961
0.7763157894736842,8.5,8.3,10.857142857142858,0.7763157894736842,63.285714285714285,53.0,812.8888888888889,0.7763157894736842,159.5,160.8,797.1111111111111,0.7763157894736842,233.0,247.4,885.1111111111111,0.7763157894736842,320.5,337.25,950.0392156862745,0.7763157894736842,398.2,977.4509803921569,977.4509803921569,0.7763157894736842,428.57142857142856,980.2352941176471,980.2352941176471,0.7763157894736842,444.3333333333333,980.3137254901961,980.3137254901961,0.7763157894736842,483.8709677419355,980.3137254901961,980.3137254901961
0.7894736842105263,8.5,8.3,10.857142857142858,0.7894736842105263,63.285714285714285,53.0,812.8888888888889,0.7894736842105263,159.5,160.8,797.1111111111111,0.7894736842105263,233.0,247.4,885.1111111111111,0.7894736842105263,320.5,337.25,950.0392156862745,0.7894736842105263,398.2,977.4509803921569,977.4509803921569,0.7894736842105263,428.57142857142856,980.2352941176471,980.2352941176471,0.7894736842105263,444.3333333333333,980.3137254901961,980.3137254901961,0.7894736842105263,483.8709677419355,980.3137254901961,980.3137254901961
0.7894736842105263,9.25,8.4,13.03921568627451,0.7894736842105263,75.5,61.4,812.8888888888889,0.7894736842105263,166.42857142857142,192.71428571428572,797.1111111111111,0.7894736842105263,251.85714285714286,254.0,885.1111111111111,0.7894736842105263,343.7142857142857,353.22222222222223,950.0392156862745,0.7894736842105263,425.7142857142857,977.4509803921569,977.4509803921569,0.7894736842105263,441.77777777777777,980.2352941176471,980.2352941176471,0.7894736842105263,450.0,980.3137254901961,980.3137254901961,0.7894736842105263,490.15686274509807,980.3137254901961,980.3137254901961
0.8026315789473685,9.25,8.4,13.03921568627451,0.8026315789473685,75.5,61.4,812.8888888888889,0.8026315789473685,166.42857142857142,192.71428571428572,797.1111111111111,0.8026315789473685,251.85714285714286,254.0,885.1111111111111,0.8026315789473685,343.7142857142857,353.22222222222223,950.0392156862745,0.8026315789473685,425.7142857142857,977.4509803921569,977.4509803921569,0.8026315789473685,441.77777777777777,980.2352941176471,980.2352941176471,0.8026315789473685,450.0,980.3137254901961,980.3137254901961,0.8026315789473685,490.15686274509807,980.3137254901961,980.3137254901961
0.8026315789473685,10.647058823529411,8.454545454545455,14.574468085106384,0.8026315789473685,81.4,83.33333333333333,812.8888888888889,0.8026315789473685,190.14285714285714,213.2,797.1111111111111,0.8026315789473685,255.0,267.25,885.1111111111111,0.8026315789473685,369.1111111111111,359.77777777777777,950.0392156862745,0.8026315789473685,426.1111111111111,977.4509803921569,977.4509803921569,0.8026315789473685,449.3,980.2352941176471,980.2352941176471,0.8026315789473685,483.8709677419355,980.3137254901961,980.3137254901961,0.8026315789473685,980.3137254901961,980.3137254901961,980.3137254901961
0.8157894736842105,10.647058823529411,8.454545454545455,14.574468085106384,0.8157894736842105,81.4,83.33333333333333,812.8888888888889,0.8157894736842105,190.14285714285714,213.2,797.1111111111111,0.8157894736842105,255.0,267.25,885.1111111111111,0.8157894736842105,369.1111111111111,359.77777777777777,950.0392156862745,0.8157894736842105,426.1111111111111,977.4509803921569,977.4509803921569,0.8157894736842105,449.3,980.2352941176471,980.2352941176471,0.8157894736842105,483.8709677419355,980.3137254901961,980.3137254901961,0.8157894736842105,980.3137254901961,980.3137254901961,980.3137254901961
0.8157894736842105,10.702127659574469,8.75,19.333333333333332,0.8157894736842105,84.6,90.42857142857143,812.8888888888889,0.8157894736842105,192.14285714285714,217.8,797.1111111111111,0.8157894736842105,281.42857142857144,295.85714285714283,885.1111111111111,0.8157894736842105,371.4,381.8,950.0392156862745,0.8157894736842105,426.14285714285717,977.4509803921569,977.4509803921569,0.8157894736842105,483.7741935483871,980.2352941176471,980.2352941176471,0.8157894736842105,490.15686274509807,980.3137254901961,980.3137254901961,0.8157894736842105,980.3137254901961,980.3137254901961,980.3137254901961
0.8289473684210527,10.702127659574469,8.75,19.333333333333332,0.8289473684210527,84.6,90.42857142857143,812.8888888888889,0.8289473684210527,192.14285714285714,217.8,797.1111111111111,0.8289473684210527,281.42857142857144,295.85714285714283,885.1111111111111,0.8289473684210527,371.4,381.8,950.0392156862745,0.8289473684210527,426.14285714285717,977.4509803921569,977.4509803921569,0.8289473684210527,483.7741935483871,980.2352941176471,980.2352941176471,0.8289473684210527,490.15686274509807,980.3137254901961,980.3137254901961,0.8289473684210527,980.3137254901961,980.3137254901961,980.3137254901961
0.8289473684210527,14.2,10.285714285714286,19.6,0.8289473684210527,90.2,138.8,812.8888888888889,0.8289473684210527,207.77777777777777,231.2,797.1111111111111,0.8289473684210527,285.0,336.6,885.1111111111111,0.8289473684210527,420.57142857142856,390.57142857142856,950.0392156862745,0.8289473684210527,446.6,977.4509803921569,977.4509803921569,0.8289473684210527,490.11764705882354,980.2352941176471,980.2352941176471,0.8289473684210527,980.3137254901961,980.3137254901961,980.3137254901961,0.8289473684210527,980.3137254901961,980.3137254901961,980.3137254901961
0.8421052631578947,14.2,10.285714285714286,19.6,0.8421052631578947,90.2,138.8,812.8888888888889,0.8421052631578947,207.77777777777777,231.2,797.1111111111111,0.8421052631578947,285.0,336.6,885.1111111111111,0.8421052631578947,420.57142857142856,390.57142857142856,950.0392156862745,0.8421052631578947,446.6,977.4509803921569,977.4509803921569,0.8421052631578947,490.11764705882354,980.2352941176471,980.2352941176471,0.8421052631578947,980.3137254901961,980.3137254901961,980.3137254901961,0.8421052631578947,980.3137254901961,980.3137254901961,980.3137254901961
0.8421052631578947,20.4,11.2,24.88235294117647,0.8421052631578947,99.0,149.4,812.8888888888889,0.8421052631578947,212.0,249.42857142857142,797.1111111111111,0.8421052631578947,331.64516129032256,363.57142857142856,885.1111111111111,0.8421052631578947,421.2857142857143,423.0,950.0392156862745,0.8421052631578947,479.5806451612903,977.4509803921569,977.4509803921569,0.8421052631578947,980.2352941176471,980.2352941176471,980.2352941176471,0.8421052631578947,980.3137254901961,980.3137254901961,980.3137254901961,0.8421052631578947,980.3137254901961,980.3137254901961,980.3137254901961
0.8552631578947368,20.4,11.2,24.88235294117647,0.8552631578947368,99.0,149.4,812.8888888888889,0.8552631578947368,212.0,249.42857142857142,797.1111111111111,0.8552631578947368,331.64516129032256,363.57142857142856,885.1111111111111,0.8552631578947368,421.2857142857143,423.0,950.0392156862745,0.8552631578947368,479.5806451612903,977.4509803921569,977.4509803921569,0.8552631578947368,980.2352941176471,980.2352941176471,980.2352941176471,0.8552631578947368,980.3137254901961,980.3137254901961,980.3137254901961,0.8552631578947368,980.3137254901961,980.3137254901961,980.3137254901961
0.8552631578947368,21.4,12.2,27.11111111111111,0.8552631578947368,110.42857142857143,151.4,812.8888888888889,0.8552631578947368,262.078431372549,259.6,797.1111111111111,0.8552631578947368,360.7142857142857,406.8709677419355,885.1111111111111,0.8552631578947368,431.2,442.6666666666667,950.0392156862745,0.8552631578947368,488.72549019607845,977.4509803921569,977.4509803921569,0.8552631578947368,980.2352941176471,980.2352941176471,980.2352941176471,0.8552631578947368,980.3137254901961,980.3137254901961,980.3137254901961,0.8552631578947368,980.3137254901961,980.3137254901961,980.3137254901961
0.868421052631579,21.4,12.2,27.11111111111111,0.868421052631579,110.42857142857143,151.4,812.8888888888889,0.868421052631579,262.078431372549,259.6,797.1111111111111,0.868421052631579,360.7142857142857,406.8709677419355,885.1111111111111,0.868421052631579,431.2,442.6666666666667,950.0392156862745,0.868421052631579,488.72549019607845,977.4509803921569,977.4509803921569,0.868421052631579,980.2352941176471,980.2352941176471,980.2352941176471,0.868421052631579,980.3137254901961,980.3137254901961,980.3137254901961,0.868421052631579,980.3137254901961,980.3137254901961,980.3137254901961
0.868421052631579,22.75,14.222222222222221,187.6,0.868421052631579,159.77777777777777,158.4,812.8888888888889,0.868421052631579,279.6,303.6774193548387,797.1111111111111,0.868421052631579,366.8,442.55555555555554,885.1111111111111,0.868421052631579,450.35483870967744,950.0392156862745,950.0392156862745,0.868421052631579,977.4509803921569,977.4509803921569,977.4509803921569,0.868421052631579,980.2352941176471,980.2352941176471,980.2352941176471,0.868421052631579,980.3137254901961,980.3137254901961,980.3137254901961,0.868421052631579,980.3137254901961,980.3137254901961,980.3137254901961
0.881578947368421,22.75,14.222222222222221,187.6,0.881578947368421,159.77777777777777,158.4,812.8888888888889,0.881578947368421,279.6,303.6774193548387,797.1111111111111,0.881578947368421,366.8,442.55555555555554,885.1111111111111,0.881578947368421,450.35483870967744,950.0392156862745,950.0392156862745,0.881578947368421,977.4509803921569,977.4509803921569,977.4509803921569,0.881578947368421,980.2352941176471,980.2352941176471,980.2352941176471,0.881578947368421,980.3137254901961,980.3137254901961,980.3137254901961,0.881578947368421,980.3137254901961,980.3137254901961,980.3137254901961
0.881578947368421,26.0,17.25,267.7142857142857,0.881578947368421,174.19607843137254,158.85714285714286,812.8888888888889,0.881578947368421,284.258064516129,322.2857142857143,797.1111111111111,0.881578947368421,379.2,885.1111111111111,885.1111111111111,0.881578947368421,475.01960784313724,950.0392156862745,950.0392156862745,0.881578947368421,977.4509803921569,977.4509803921569,977.4509803921569,0.881578947368421,980.2352941176471,980.2352941176471,980.2352941176471,0.881578947368421,980.3137254901961,980.3137254901961,980.3137254901961,0.881578947368421,980.3137254901961,980.3137254901961,980.3137254901961
0.8947368421052632,26.0,17.25,267.7142857142857,0.8947368421052632,174.19607843137254,158.85714285714286,812.8888888888889,0.8947368421052632,284.258064516129,322.2857142857143,797.1111111111111,0.8947368421052632,379.2,885.1111111111111,885.1111111111111,0.8947368421052632,475.01960784313724,950.0392156862745,950.0392156862745,0.8947368421052632,977.4509803921569,977.4509803921569,977.4509803921569,0.8947368421052632,980.2352941176471,980.2352941176471,980.2352941176471,0.8947368421052632,980.3137254901961,980.3137254901961,980.3137254901961,0.8947368421052632,980.3137254901961,980.3137254901961,980.3137254901961
0.8947368421052632,39.0,25.8,275.2,0.8947368421052632,178.0,182.0,812.8888888888889,0.8947368421052632,304.6,398.55555555555554,797.1111111111111,0.8947368421052632,418.7142857142857,885.1111111111111,885.1111111111111,0.8947368421052632,950.0392156862745,950.0392156862745,950.0392156862745,0.8947368421052632,977.4509803921569,977.4509803921569,977.4509803921569,0.8947368421052632,980.2352941176471,980.2352941176471,980.2352941176471,0.8947368421052632,980.3137254901961,980.3137254901961,980.3137254901961,0.8947368421052632,980.3137254901961,980.3137254901961,980.3137254901961
0.9078947368421052,39.0,25.8,275.2,0.9078947368421052,178.0,182.0,812.8888888888889,0.9078947368421052,304.6,398.55555555555554,797.1111111111111,0.9078947368421052,418.7142857142857,885.1111111111111,885.1111111111111,0.9078947368421052,950.0392156862745,950.0392156862745,950.0392156862745,0.9078947368421052,977.4509803921569,977.4509803921569,977.4509803921569,0.9078947368421052,980.2352941176471,980.2352941176471,980.2352941176471,0.9078947368421052,980.3137254901961,980.3137254901961,980.3137254901961,0.9078947368421052,980.3137254901961,980.3137254901961,980.3137254901961
0.9078947368421052,69.77777777777777,45.2,550.4,0.9078947368421052,197.8,204.25806451612902,812.8888888888889,0.9078947368421052,344.42857142857144,797.1111111111111,797.1111111111111,0.9078947368421052,435.15686274509807,885.1111111111111,885.1111111111111,0.9078947368421052,950.0392156862745,950.0392156862745,950.0392156862745,0.9078947368421052,977.4509803921569,977.4509803921569,977.4509803921569,0.9078947368421052,980.2352941176471,980.2352941176471,980.2352941176471,0.9078947368421052,980.3137254901961,980.3137254901961,980.3137254901961,0.9078947368421052,980.3137254901961,980.3137254901961,980.3137254901961
0.9210526315789473,69.77777777777777,45.2,550.4,0.9210526315789473,197.8,204.25806451612902,812.8888888888889,0.9210526315789473,344.42857142857144,797.1111111111111,797.1111111111111,0.9210526315789473,435.15686274509807,885.1111111111111,885.1111111111111,0.9210526315789473,950.0392156862745,950.0392156862745,950.0392156862745,0.9210526315789473,977.4509803921569,977.4509803921569,977.4509803921569,0.9210526315789473,980.2352941176471,980.2352941176471,980.2352941176471,0.9210526315789473,980.3137254901961,980.3137254901961,980.3137254901961,0.9210526315789473,980.3137254901961,980.3137254901961,980.3137254901961
0.9210526315789473,90.33333333333333,62.0,550.4,0.9210526315789473,221.0,211.3,812.8888888888889,0.9210526315789473,797.1111111111111,797.1111111111111,797.1111111111111,0.9210526315789473,885.1111111111111,885.1111111111111,885.1111111111111,0.9210526315789473,950.0392156862745,950.0392156862745,950.0392156862745,0.9210526315789473,977.4509803921569,977.4509803921569,977.4509803921569,0.9210526315789473,980.2352941176471,980.2352941176471,980.2352941176471,0.9210526315789473,980.3137254901961,980.3137254901961,980.3137254901961,0.9210526315789473,980.3137254901961,980.3137254901961,980.3137254901961
0.9342105263157895,90.33333333333333,62.0,550.4,0.9342105263157895,221.0,211.3,812.8888888888889,0.9342105263157895,797.1111111111111,797.1111111111111,797.1111111111111,0.9342105263157895,885.1111111111111,885.1111111111111,885.1111111111111,0.9342105263157895,950.0392156862745,950.0392156862745,950.0392156862745,0.9342105263157895,977.4509803921569,977.4509803921569,977.4509803921569,0.9342105263157895,980.2352941176471,980.2352941176471,980.2352941176471,0.9342105263157895,980.3137254901961,980.3137254901961,980.3137254901961,0.9342105263157895,980.3137254901961,980.3137254901961,980.3137254901961
0.9342105263157895,91.93548387096774,84.0,550.4,0.9342105263157895,812.8888888888889,224.33333333333334,812.8888888888889,0.9342105263157895,797.1111111111111,797.1111111111111,797.1111111111111,0.9342105263157895,885.1111111111111,885.1111111111111,885.1111111111111,0.9342105263157895,950.0392156862745,950.0392156862745,950.0392156862745,0.9342105263157895,977.4509803921569,977.4509803921569,977.4509803921569,0.9342105263157895,980.2352941176471,980.2352941176471,980.2352941176471,0.9342105263157895,980.3137254901961,980.3137254901961,980.3137254901961,0.9342105263157895,980.3137254901961,980.3137254901961,980.3137254901961
0.9473684210526315,91.93548387096774,84.0,550.4,0.9473684210526315,812.8888888888889,224.33333333333334,812.8888888888889,0.9473684210526315,797.1111111111111,797.1111111111111,797.1111111111111,0.9473684210526315,885.1111111111111,885.1111111111111,885.1111111111111,0.9473684210526315,950.0392156862745,950.0392156862745,950.0392156862745,0.9473684210526315,977.4509803921569,977.4509803921569,977.4509803921569,0.9473684210526315,980.2352941176471,980.2352941176471,980.2352941176471,0.9473684210526315,980.3137254901961,980.3137254901961,980.3137254901961,0.9473684210526315,980.3137254901961,980.3137254901961,980.3137254901961
0.9473684210526315,97.57142857142857,94.51612903225806,550.4,0.9473684210526315,812.8888888888889,363.57142857142856,812.8888888888889,0.9473684210526315,797.1111111111111,797.1111111111111,797.1111111111111,0.9473684210526315,885.1111111111111,885.1111111111111,885.1111111111111,0.9473684210526315,950.0392156862745,950.0392156862745,950.0392156862745,0.9473684210526315,977.4509803921569,977.4509803921569,977.4509803921569,0.9473684210526315,980.2352941176471,980.2352941176471,980.2352941176471,0.9473684210526315,980.3137254901961,980.3137254901961,980.3137254901961,0.9473684210526315,980.3137254901961,980.3137254901961,980.3137254901961
0.9605263157894737,97.57142857142857,94.51612903225806,550.4,0.9605263157894737,812.8888888888889,363.57142857142856,812.8888888888889,0.9605263157894737,797.1111111111111,797.1111111111111,797.1111111111111,0.9605263157894737,885.1111111111111,885.1111111111111,885.1111111111111,0.9605263157894737,950.0392156862745,950.0392156862745,950.0392156862745,0.9605263157894737,977.4509803921569,977.4509803921569,977.4509803921569,0.9605263157894737,980.2352941176471,980.2352941176471,980.2352941176471,0.9605263157894737,980.3137254901961,980.3137254901961,980.3137254901961,0.9605263157894737,980.3137254901961,980.3137254901961,980.3137254901961
0.9605263157894737,98.0,146.57142857142858,550.4,0.9605263157894737,812.8888888888889,406.44444444444446,812.8888888888889,0.9605263157894737,797.1111111111111,797.1111111111111,797.1111111111111,0.9605263157894737,885.1111111111111,885.1111111111111,885.1111111111111,0.9605263157894737,950.0392156862745,950.0392156862745,950.0392156862745,0.9605263157894737,977.4509803921569,977.4509803921569,977.4509803921569,0.9605263157894737,980.2352941176471,980.2352941176471,980.2352941176471,0.9605263157894737,980.3137254901961,980.3137254901961,980.3137254901961,0.9605263157894737,980.3137254901961,980.3137254901961,980.3137254901961
0.9736842105263158,98.0,146.57142857142858,550.4,0.9736842105263158,812.8888888888889,406.44444444444446,812.8888888888889,0.9736842105263158,797.1111111111111,797.1111111111111,797.1111111111111,0.9736842105263158,885.1111111111111,885.1111111111111,885.1111111111111,0.9736842105263158,950.0392156862745,950.0392156862745,950.0392156862745,0.9736842105263158,977.4509803921569,977.4509803921569,977.4509803921569,0.9736842105263158,980.2352941176471,980.2352941176471,980.2352941176471,0.9736842105263158,980.3137254901961,980.3137254901961,980.3137254901961,0.9736842105263158,980.3137254901961,980.3137254901961,980.3137254901961
0.9736842105263158,126.74509803921569,227.11111111111111,550.4,0.9736842105263158,812.8888888888889,812.8888888888889,812.8888888888889,0.9736842105263158,797.1111111111111,797.1111111111111,797.1111111111111,0.9736842105263158,885.1111111111111,885.1111111111111,885.1111111111111,0.9736842105263158,950.0392156862745,950.0392156862745,950.0392156862745,0.9736842105263158,977.4509803921569,977.4509803921569,977.4509803921569,0.9736842105263158,980.2352941176471,980.2352941176471,980.2352941176471,0.9736842105263158,980.3137254901961,980.3137254901961,980.3137254901961,0.9736842105263158,980.3137254901961,980.3137254901961,980.3137254901961
0.9868421052631579,126.74509803921569,227.11111111111111,550.4,0.9868421052631579,812.8888888888889,812.8888888888889,812.8888888888889,0.9868421052631579,797.1111111111111,797.1111111111111,797.1111111111111,0.9868421052631579,885.1111111111111,885.1111111111111,885.1111111111111,0.9868421052631579,950.0392156862745,950.0392156862745,950.0392156862745,0.9868421052631579,977.4509803921569,977.4509803921569,977.4509803921569,0.9868421052631579,980.2352941176471,980.2352941176471,980.2352941176471,0.9868421052631579,980.3137254901961,980.3137254901961,980.3137254901961,0.9868421052631579,980.3137254901961,980.3137254901961,980.3137254901961
0.9868421052631579,550.4,253.27450980392157,550.4,0.9868421052631579,812.8888888888889,812.8888888888889,812.8888888888889,0.9868421052631579,797.1111111111111,797.1111111111111,797.1111111111111,0.9868421052631579,885.1111111111111,885.1111111111111,885.1111111111111,0.9868421052631579,950.0392156862745,950.0392156862745,950.0392156862745,0.9868421052631579,977.4509803921569,977.4509803921569,977.4509803921569,0.9868421052631579,980.2352941176471,980.2352941176471,980.2352941176471,0.9868421052631579,980.3137254901961,980.3137254901961,980.3137254901961,0.9868421052631579,980.3137254901961,980.3137254901961,980.3137254901961
1.0,550.4,253.27450980392157,550.4,1.0,812.8888888888889,812.8888888888889,812.8888888888889,1.0,797.1111111111111,797.1111111111111,797.1111111111111,1.0,885.1111111111111,885.1111111111111,885.1111111111111,1.0,950.0392156862745,950.0392156862745,950.0392156862745,1.0,977.4509803921569,977.4509803921569,977.4509803921569,1.0,980.2352941176471,980.2352941176471,980.2352941176471,1.0,980.3137254901961,980.3137254901961,980.3137254901961,1.0,980.3137254901961,980.3137254901961,980.3137254901961
1.0,550.4,550.4,550.4,1.0,812.8888888888889,812.8888888888889,812.8888888888889,1.0,797.1111111111111,797.1111111111111,797.1111111111111,1.0,885.1111111111111,885.1111111111111,885.1111111111111,1.0,950.0392156862745,950.0392156862745,950.0392156862745,1.0,977.4509803921569,977.4509803921569,977.4509803921569,1.0,980.2352941176471,980.2352941176471,980.2352941176471,1.0,980.3137254901961,980.3137254901961,980.3137254901961,1.0,980.3137254901961,980.3137254901961,980.3137254901961
