y1,x1_COBYQA,x1_Erroneous-COBYQA,y2,x2_COBYQA,x2_Erroneous-COBYQA,y3,x3_COBYQA,x3_Erroneous-COBYQA,y4,x4_COBYQA,x4_Erroneous-COBYQA,y5,x5_COBYQA,x5_Erroneous-COBYQA,y6,x6_COBYQA,x6_Erroneous-COBYQA,y7,x7_COBYQA,x7_Erroneous-COBYQA,y8,x8_COBYQA,x8_Erroneous-COBYQA,y9,x9_COBYQA,x9_Erroneous-COBYQA
0.0,0.0,0.0,0.0,0.0,0.0,0.0,0.0,0.0,0.0,0.0,0.0,0.0,0.0,0.0,0.0,0.0,0.0,0.0,0.0,0.0,0.0,0.0,0.0,0.0,0.0,0.0
0.0,0.0,0.0,0.0,0.0,0.0,0.0,0.0,0.0,0.0,0.0,0.0,0.0,0.0,0.0,0.0,0.0,0.0,0.0,0.0,0.0,0.0,0.0,0.0,0.0,0.0,0.0
0.009259259259259259,0.0,0.0,0.009259259259259259,0.0,0.0,0.009259259259259259,0.0,0.0,0.009259259259259259,0.0,0.0,0.009259259259259259,0.0,0.0,0.009259259259259259,0.0,0.0,0.009259259259259259,0.0,0.0,0.009259259259259259,0.0,0.0,0.009259259259259259,0.0,0.0
0.009259259259259259,0.0,0.0,0.009259259259259259,0.0,0.0,0.009259259259259259,0.0,0.0,0.009259259259259259,0.0,0.0,0.009259259259259259,0.0,0.0,0.009259259259259259,0.0,0.0,0.009259259259259259,0.0,0.0,0.009259259259259259,0.0,0.0,0.009259259259259259,0.0,0.0
0.018518518518518517,0.0,0.0,0.018518518518518517,0.0,0.0,0.018518518518518517,0.0,0.0,0.018518518518518517,0.0,0.0,0.018518518518518517,0.0,0.0,0.018518518518518517,0.0,0.0,0.018518518518518517,0.0,0.0,0.018518518518518517,0.0,0.0,0.018518518518518517,0.0,0.0
0.018518518518518517,0.0,0.0,0.018518518518518517,0.0,0.0,0.018518518518518517,0.0,0.0,0.018518518518518517,0.0,0.0,0.018518518518518517,0.0,0.0,0.018518518518518517,0.0,0.0,0.018518518518518517,0.0,0.0,0.018518518518518517,0.0,0.0,0.018518518518518517,0.0,0.0
0.027777777777777776,0.0,0.0,0.027777777777777776,0.0,0.0,0.027777777777777776,0.0,0.0,0.027777777777777776,0.0,0.0,0.027777777777777776,0.0,0.0,0.027777777777777776,0.0,0.0,0.027777777777777776,0.0,0.0,0.027777777777777776,0.0,0.0,0.027777777777777776,0.0,0.0
0.027777777777777776,0.0,0.0,0.027777777777777776,0.0,0.0,0.027777777777777776,0.0,0.0,0.027777777777777776,0.0,0.0,0.027777777777777776,0.0,0.0,0.027777777777777776,0.0,0.0,0.027777777777777776,0.0,0.0,0.027777777777777776,0.0,0.0,0.027777777777777776,0.0,0.0
0.037037037037037035,0.0,0.0,0.037037037037037035,0.0,0.0,0.037037037037037035,0.0,0.0,0.037037037037037035,0.0,0.0,0.037037037037037035,0.0,0.0,0.037037037037037035,0.0,0.0,0.037037037037037035,0.0,0.0,0.037037037037037035,0.0,0.0,0.037037037037037035,0.0,0.0
0.037037037037037035,0.0,0.0,0.037037037037037035,0.0,0.0,0.037037037037037035,0.0,0.0,0.037037037037037035,0.0,0.0,0.037037037037037035,0.0,0.0,0.037037037037037035,0.0,0.0,0.037037037037037035,0.0,0.0,0.037037037037037035,0.0,0.0,0.037037037037037035,0.0,0.0
0.046296296296296294,0.0,0.0,0.046296296296296294,0.0,0.0,0.046296296296296294,0.0,0.0,0.046296296296296294,0.0,0.0,0.046296296296296294,0.0,0.0,0.046296296296296294,0.0,0.0,0.046296296296296294,0.0,0.0,0.046296296296296294,0.0,0.0,0.046296296296296294,0.0,0.0
0.046296296296296294,0.0,0.0,0.046296296296296294,0.0,0.0,0.046296296296296294,0.0,0.0,0.046296296296296294,0.0,0.0,0.046296296296296294,0.0,0.0,0.046296296296296294,0.0,0.0,0.046296296296296294,0.0,0.0,0.046296296296296294,0.0,0.0,0.046296296296296294,0.0,0.0
0.05555555555555555,0.0,0.0,0.05555555555555555,0.0,0.0,0.05555555555555555,0.0,0.0,0.05555555555555555,0.0,0.0,0.05555555555555555,0.0,0.0,0.05555555555555555,0.0,0.0,0.05555555555555555,0.0,0.0,0.05555555555555555,0.0,0.0,0.05555555555555555,0.0,0.0
0.05555555555555555,0.0,0.0,0.05555555555555555,0.0,0.0,0.05555555555555555,0.0,0.0,0.05555555555555555,0.0,0.0,0.05555555555555555,0.0,0.0,0.05555555555555555,0.0,0.0,0.05555555555555555,0.0,0.0,0.05555555555555555,0.0,0.0,0.05555555555555555,0.0,0.0
0.06481481481481481,0.0,0.0,0.06481481481481481,0.0,0.0,0.06481481481481481,0.0,0.0,0.06481481481481481,0.0,0.0,0.06481481481481481,0.0,0.0,0.06481481481481481,0.0,0.0,0.06481481481481481,0.0,0.0,0.06481481481481481,0.0,0.0,0.06481481481481481,0.0,0.0
0.06481481481481481,0.0,0.0,0.06481481481481481,0.0,0.0,0.06481481481481481,0.0,0.0,0.06481481481481481,0.0,0.0,0.06481481481481481,0.0,0.0,0.06481481481481481,0.0,0.0,0.06481481481481481,0.0,0.0,0.06481481481481481,0.0,0.0,0.06481481481481481,0.0,0.0
0.07407407407407407,0.0,0.0,0.07407407407407407,0.0,0.0,0.07407407407407407,0.0,0.0,0.07407407407407407,0.0,0.0,0.07407407407407407,0.0,0.0,0.07407407407407407,0.0,0.0,0.07407407407407407,0.0,0.0,0.07407407407407407,0.0,0.0,0.07407407407407407,0.0,0.0
0.07407407407407407,0.0,0.0,0.07407407407407407,0.0,0.0,0.07407407407407407,0.0,0.0,0.07407407407407407,0.0,0.0,0.07407407407407407,0.0,0.0,0.07407407407407407,0.0,0.0,0.07407407407407407,0.0,0.0,0.07407407407407407,0.0,0.0,0.07407407407407407,0.0,0.0
0.08333333333333333,0.0,0.0,0.08333333333333333,0.0,0.0,0.08333333333333333,0.0,0.0,0.08333333333333333,0.0,0.0,0.08333333333333333,0.0,0.0,0.08333333333333333,0.0,0.0,0.08333333333333333,0.0,0.0,0.08333333333333333,0.0,0.0,0.08333333333333333,0.0,0.0
0.08333333333333333,0.0,0.0,0.08333333333333333,0.0,0.0,0.08333333333333333,0.0,0.0,0.08333333333333333,0.0,0.0,0.08333333333333333,0.0,0.0,0.08333333333333333,0.0,0.0,0.08333333333333333,0.0,0.0,0.08333333333333333,0.0,0.0,0.08333333333333333,0.0,0.0
0.09259259259259259,0.0,0.0,0.09259259259259259,0.0,0.0,0.09259259259259259,0.0,0.0,0.09259259259259259,0.0,0.0,0.09259259259259259,0.0,0.0,0.09259259259259259,0.0,0.0,0.09259259259259259,0.0,0.0,0.09259259259259259,0.0,0.0,0.09259259259259259,0.0,0.0
0.09259259259259259,0.0,0.0,0.09259259259259259,0.0,0.0,0.09259259259259259,0.0,0.0,0.09259259259259259,0.0,0.0,0.09259259259259259,0.0,0.0,0.09259259259259259,0.0,0.0,0.09259259259259259,0.0,0.0,0.09259259259259259,0.0,0.0,0.09259259259259259,0.0,0.0
0.10185185185185185,0.0,0.0,0.10185185185185185,0.0,0.0,0.10185185185185185,0.0,0.0,0.10185185185185185,0.0,0.0,0.10185185185185185,0.0,0.0,0.10185185185185185,0.0,0.0,0.10185185185185185,0.0,0.0,0.10185185185185185,0.0,0.0,0.10185185185185185,0.0,0.0
0.10185185185185185,0.0,0.0,0.10185185185185185,0.0,0.0,0.10185185185185185,0.0,0.0,0.10185185185185185,0.0,0.0,0.10185185185185185,0.0,0.0,0.10185185185185185,0.0,0.0,0.10185185185185185,0.0,0.0,0.10185185185185185,0.0,0.0,0.10185185185185185,0.0,0.0
0.1111111111111111,0.0,0.0,0.1111111111111111,0.0,0.0,0.1111111111111111,0.0,0.0,0.1111111111111111,0.0,0.0,0.1111111111111111,0.0,0.0,0.1111111111111111,0.0,0.0,0.1111111111111111,0.0,0.0,0.1111111111111111,0.0,0.0,0.1111111111111111,0.0,0.0
0.1111111111111111,0.0,0.0,0.1111111111111111,0.0,0.0,0.1111111111111111,0.0,0.0,0.1111111111111111,0.0,0.0,0.1111111111111111,0.0,0.0,0.1111111111111111,0.0,0.0,0.1111111111111111,0.0,0.0,0.1111111111111111,0.0,0.0,0.1111111111111111,0.0,0.0
0.12037037037037036,0.0,0.0,0.12037037037037036,0.0,0.0,0.12037037037037036,0.0,0.0,0.12037037037037036,0.0,0.0,0.12037037037037036,0.0,0.0,0.12037037037037036,0.0,0.0,0.12037037037037036,0.0,0.0,0.12037037037037036,0.0,0.0,0.12037037037037036,0.0,0.0
0.12037037037037036,0.0,0.0,0.12037037037037036,0.0,0.0,0.12037037037037036,0.0,0.0,0.12037037037037036,0.0,0.0,0.12037037037037036,0.0,0.0,0.12037037037037036,0.0,0.0,0.12037037037037036,0.0,0.0,0.12037037037037036,0.0,0.0,0.12037037037037036,0.0,0.0
0.12962962962962962,0.0,0.0,0.12962962962962962,0.0,0.0,0.12962962962962962,0.0,0.0,0.12962962962962962,0.0,0.0,0.12962962962962962,0.0,0.0,0.12962962962962962,0.0,0.0,0.12962962962962962,0.0,0.0,0.12962962962962962,0.0,0.0,0.12962962962962962,0.0,0.0
0.12962962962962962,0.0,0.0,0.12962962962962962,0.0,0.0,0.12962962962962962,0.0,0.0,0.12962962962962962,0.0,0.0,0.12962962962962962,0.0,0.0,0.12962962962962962,0.0,0.0,0.12962962962962962,0.0,0.0,0.12962962962962962,0.0,0.0,0.12962962962962962,0.0,0.0
0.1388888888888889,0.0,0.0,0.1388888888888889,0.0,0.0,0.1388888888888889,0.0,0.0,0.1388888888888889,0.0,0.0,0.1388888888888889,0.0,0.0,0.1388888888888889,0.0,0.0,0.1388888888888889,0.0,0.0,0.1388888888888889,0.0,0.0,0.1388888888888889,0.0,0.0
0.1388888888888889,0.0,0.0,0.1388888888888889,0.0,0.0,0.1388888888888889,0.0,0.0,0.1388888888888889,0.0,0.0,0.1388888888888889,0.0,0.0,0.1388888888888889,0.0,0.0,0.1388888888888889,0.0,0.0,0.1388888888888889,0.0,0.0,0.1388888888888889,0.0,0.0
0.14814814814814814,0.0,0.0,0.14814814814814814,0.0,0.0,0.14814814814814814,0.0,0.0,0.14814814814814814,0.0,0.0,0.14814814814814814,0.0,0.0,0.14814814814814814,0.0,0.0,0.14814814814814814,0.0,0.0,0.14814814814814814,0.0,0.0,0.14814814814814814,0.0,0.0
0.14814814814814814,0.0,0.0,0.14814814814814814,0.0,0.0,0.14814814814814814,0.0,0.0,0.14814814814814814,0.0,0.0,0.14814814814814814,0.0,0.0,0.14814814814814814,0.0,0.0,0.14814814814814814,0.0,0.0,0.14814814814814814,0.0,0.0,0.14814814814814814,0.0,0.0
0.15740740740740738,0.0,0.0,0.15740740740740738,0.0,0.0,0.15740740740740738,0.0,0.0,0.15740740740740738,0.0,0.0,0.15740740740740738,0.0,0.0,0.15740740740740738,0.0,0.0,0.15740740740740738,0.0,0.0,0.15740740740740738,0.0,0.0,0.15740740740740738,0.0,0.0
0.15740740740740738,0.0,0.0,0.15740740740740738,0.0,0.0,0.15740740740740738,0.0,0.0,0.15740740740740738,0.0,0.0,0.15740740740740738,0.0,0.0,0.15740740740740738,0.0,0.0,0.15740740740740738,0.0,0.0,0.15740740740740738,0.0,0.0,0.15740740740740738,0.0,0.0
0.16666666666666663,0.0,0.0,0.16666666666666663,0.0,0.0,0.16666666666666663,0.0,0.0,0.16666666666666663,0.0,0.0,0.16666666666666663,0.0,0.0,0.16666666666666663,0.0,0.0,0.16666666666666663,0.0,0.0,0.16666666666666663,0.0,0.0,0.16666666666666663,0.0,0.0
0.16666666666666663,0.0,0.0,0.16666666666666663,0.0,0.0,0.16666666666666663,0.0,0.0,0.16666666666666663,0.0,0.0,0.16666666666666663,0.0,0.0,0.16666666666666663,0.0,0.0,0.16666666666666663,0.0,0.0,0.16666666666666663,0.0,0.0,0.16666666666666663,0.0,0.0
0.17592592592592593,0.0,0.0,0.17592592592592593,0.0,0.0,0.17592592592592593,0.0,0.0,0.17592592592592593,0.0,0.0,0.17592592592592593,0.0,0.0,0.17592592592592593,0.0,0.0,0.17592592592592593,0.0,0.0,0.17592592592592593,0.0,0.0,0.17592592592592593,0.0,0.0
0.17592592592592593,0.0,0.0,0.17592592592592593,0.0,0.0,0.17592592592592593,0.0,0.0,0.17592592592592593,0.0,0.0,0.17592592592592593,0.0,0.0,0.17592592592592593,0.0,0.0,0.17592592592592593,0.0,0.0,0.17592592592592593,0.0,0.0,0.17592592592592593,0.0,0.0
0.18518518518518517,0.0,0.0,0.18518518518518517,0.0,0.0,0.18518518518518517,0.0,0.0,0.18518518518518517,0.0,0.0,0.18518518518518517,0.0,0.0,0.18518518518518517,0.0,0.0,0.18518518518518517,0.0,0.0,0.18518518518518517,0.0,0.0,0.18518518518518517,0.0,0.0
0.18518518518518517,0.0,0.0,0.18518518518518517,0.0,0.0,0.18518518518518517,0.0,0.0,0.18518518518518517,0.0,0.0,0.18518518518518517,0.0,0.0,0.18518518518518517,0.0,0.0,0.18518518518518517,0.0,0.0,0.18518518518518517,0.0,0.0,0.18518518518518517,0.0,0.0
0.19444444444444442,0.0,0.0,0.19444444444444442,0.0,0.0,0.19444444444444442,0.0,0.0,0.19444444444444442,0.0,0.0,0.19444444444444442,0.0,0.0,0.19444444444444442,0.0,0.0,0.19444444444444442,0.0,0.0,0.19444444444444442,0.0,0.0,0.19444444444444442,0.0,0.0
0.19444444444444442,0.0,0.0,0.19444444444444442,0.0,0.0,0.19444444444444442,0.0,0.0,0.19444444444444442,0.0,0.0,0.19444444444444442,0.0,0.0,0.19444444444444442,0.0,0.0,0.19444444444444442,0.0,0.0,0.19444444444444442,0.0,0.0,0.19444444444444442,0.0,0.0
0.20370370370370366,0.0,0.0,0.20370370370370366,0.0,0.0,0.20370370370370366,0.0,0.0,0.20370370370370366,0.0,0.0,0.20370370370370366,0.0,0.0,0.20370370370370366,0.0,0.0,0.20370370370370366,0.0,0.0,0.20370370370370366,0.0,0.0,0.20370370370370366,0.0,0.0
0.20370370370370366,0.0,0.0,0.20370370370370366,0.0,0.0,0.20370370370370366,0.0,0.0,0.20370370370370366,0.0,0.0,0.20370370370370366,0.0,0.0,0.20370370370370366,0.0,0.0,0.20370370370370366,0.0,0.0,0.20370370370370366,0.0,0.0,0.20370370370370366,0.0,0.0
0.21296296296296297,0.0,0.0,0.21296296296296297,0.0,0.0,0.21296296296296297,0.0,0.0,0.21296296296296297,0.0,0.0,0.21296296296296297,0.0,0.0,0.21296296296296297,0.0,0.0,0.21296296296296297,0.0,0.0,0.21296296296296297,0.0,0.0,0.21296296296296297,0.0,0.0
0.21296296296296297,0.0,0.0,0.21296296296296297,0.0,0.0,0.21296296296296297,0.0,0.0,0.21296296296296297,0.0,0.0,0.21296296296296297,0.0,0.0,0.21296296296296297,0.0,0.0,0.21296296296296297,0.0,0.0,0.21296296296296297,0.0,0.0,0.21296296296296297,0.0,0.0
0.2222222222222222,0.0,0.0,0.2222222222222222,0.0,0.0,0.2222222222222222,0.0,0.0,0.2222222222222222,0.0,0.0,0.2222222222222222,0.0,0.0,0.2222222222222222,0.0,0.0,0.2222222222222222,0.0,0.0,0.2222222222222222,0.0,0.0,0.2222222222222222,0.0,0.0
0.2222222222222222,0.0,0.0,0.2222222222222222,0.0,0.0,0.2222222222222222,0.0,0.0,0.2222222222222222,0.0,0.0,0.2222222222222222,0.0,0.0,0.2222222222222222,0.0,0.0,0.2222222222222222,0.0,0.0,0.2222222222222222,0.0,0.0,0.2222222222222222,0.0,0.0
0.23148148148148145,0.0,0.0,0.23148148148148145,0.0,0.0,0.23148148148148145,0.0,0.0,0.23148148148148145,0.0,0.0,0.23148148148148145,0.0,0.0,0.23148148148148145,0.0,0.0,0.23148148148148145,0.0,0.0,0.23148148148148145,0.0,0.0,0.23148148148148145,0.0,0.0
0.23148148148148145,0.0,0.0,0.23148148148148145,0.0,0.0,0.23148148148148145,0.0,0.0,0.23148148148148145,0.0,0.0,0.23148148148148145,0.0,0.0,0.23148148148148145,0.0,0.0,0.23148148148148145,0.0,0.0,0.23148148148148145,0.0,0.0,0.23148148148148145,0.0,0.0
0.2407407407407407,0.0,0.0,0.2407407407407407,0.0,0.0,0.2407407407407407,0.0,0.0,0.2407407407407407,0.0,0.0,0.2407407407407407,0.0,0.0,0.2407407407407407,0.0,0.0,0.2407407407407407,0.0,0.0,0.2407407407407407,0.0,0.0,0.2407407407407407,0.0,0.0
0.2407407407407407,0.0,0.0,0.2407407407407407,0.0,0.0,0.2407407407407407,0.0,0.0,0.2407407407407407,0.0,0.0,0.2407407407407407,0.0,0.0,0.2407407407407407,0.0,0.0,0.2407407407407407,0.0,0.0,0.2407407407407407,0.0,0.0,0.2407407407407407,0.0,0.0
0.25,0.0,0.0,0.25,0.0,0.0,0.25,0.0,0.0,0.25,0.0,0.0,0.25,0.0,0.0,0.25,0.0,0.0,0.25,0.0,0.0,0.25,0.0,0.0,0.25,0.0,0.0
0.25,0.0,0.0,0.25,0.0,0.0,0.25,0.0,0.0,0.25,0.0,0.0,0.25,0.0,0.0,0.25,0.0,0.0,0.25,0.0,0.0,0.25,0.0,0.0,0.25,0.0,0.0
0.25925925925925924,0.0,0.0,0.25925925925925924,0.0,0.0,0.25925925925925924,0.0,0.0,0.25925925925925924,0.0,0.0,0.25925925925925924,0.0,0.0,0.25925925925925924,0.0,0.0,0.25925925925925924,0.0,0.0,0.25925925925925924,0.0,0.0,0.25925925925925924,0.0,0.0
0.25925925925925924,0.0,0.0,0.25925925925925924,0.0,0.0,0.25925925925925924,0.0,0.0,0.25925925925925924,0.0,0.0,0.25925925925925924,0.0,0.0,0.25925925925925924,0.0,0.0,0.25925925925925924,0.0,0.0,0.25925925925925924,0.0,0.0,0.25925925925925924,0.0,0.0
0.2685185185185185,0.0,0.0,0.2685185185185185,0.0,0.0,0.2685185185185185,0.0,0.0,0.2685185185185185,0.0,0.0,0.2685185185185185,0.0,0.0,0.2685185185185185,0.0,0.0,0.2685185185185185,0.0,0.0,0.2685185185185185,0.0,0.0,0.2685185185185185,0.0,0.0
0.2685185185185185,0.0,0.0,0.2685185185185185,0.0,0.0,0.2685185185185185,0.0,0.0,0.2685185185185185,0.0,0.0,0.2685185185185185,0.0,0.0,0.2685185185185185,0.0,0.0,0.2685185185185185,0.0,0.0,0.2685185185185185,0.0,0.0,0.2685185185185185,0.0,0.0
0.27777777777777773,0.0,0.0,0.27777777777777773,0.0,0.0,0.27777777777777773,0.0,0.0,0.27777777777777773,0.0,0.0,0.27777777777777773,0.0,0.0,0.27777777777777773,0.0,0.0,0.27777777777777773,0.0,0.0,0.27777777777777773,0.0,0.0,0.27777777777777773,0.0,0.0
0.27777777777777773,0.0,0.0,0.27777777777777773,0.0,0.0,0.27777777777777773,0.0,0.0,0.27777777777777773,0.0,0.0,0.27777777777777773,0.0,0.0,0.27777777777777773,0.0,0.0,0.27777777777777773,0.0,0.0,0.27777777777777773,0.0,0.0,0.27777777777777773,0.0,0.0
0.28703703703703703,0.0,0.0,0.28703703703703703,0.0,0.0,0.28703703703703703,0.0,0.0,0.28703703703703703,0.0,0.0,0.28703703703703703,0.0,0.0,0.28703703703703703,0.0,0.0,0.28703703703703703,0.0,0.0,0.28703703703703703,0.0,0.0,0.28703703703703703,0.0,0.0
0.28703703703703703,0.0,0.0,0.28703703703703703,0.0,0.0,0.28703703703703703,0.0,0.0,0.28703703703703703,0.0,0.0,0.28703703703703703,0.0,0.0,0.28703703703703703,0.0,0.0,0.28703703703703703,0.0,0.0,0.28703703703703703,0.0,0.0,0.28703703703703703,0.0,0.0
0.2962962962962963,0.0,0.0,0.2962962962962963,0.0,0.0,0.2962962962962963,0.0,0.0,0.2962962962962963,0.0,0.0,0.2962962962962963,0.0,0.0,0.2962962962962963,0.0,0.0,0.2962962962962963,0.0,0.0,0.2962962962962963,0.0,0.0,0.2962962962962963,0.0,0.0
0.2962962962962963,0.0,0.0,0.2962962962962963,0.0,0.0,0.2962962962962963,0.0,0.0,0.2962962962962963,0.0,0.0,0.2962962962962963,0.0,0.0,0.2962962962962963,0.0,0.0,0.2962962962962963,0.0,0.0,0.2962962962962963,0.0,0.0,0.2962962962962963,0.0,0.0
0.3055555555555555,0.0,0.0,0.3055555555555555,0.0,0.0,0.3055555555555555,0.0,0.0,0.3055555555555555,0.0,0.0,0.3055555555555555,0.0,0.0,0.3055555555555555,0.0,0.0,0.3055555555555555,0.0,0.0,0.3055555555555555,0.0,0.0,0.3055555555555555,0.0,0.0
0.3055555555555555,0.0,0.0,0.3055555555555555,0.0,0.0,0.3055555555555555,0.0,0.0,0.3055555555555555,0.0,0.0,0.3055555555555555,0.0,0.0,0.3055555555555555,0.0,0.0,0.3055555555555555,0.0,0.0,0.3055555555555555,0.0,0.0,0.3055555555555555,0.0,0.0
0.31481481481481477,0.0,0.0,0.31481481481481477,0.0,0.0,0.31481481481481477,0.0,0.0,0.31481481481481477,0.0,0.0,0.31481481481481477,0.0,0.0,0.31481481481481477,0.0,0.0,0.31481481481481477,0.0,0.0,0.31481481481481477,0.0,0.0,0.31481481481481477,0.0,0.0
0.31481481481481477,0.0,0.0,0.31481481481481477,0.0,0.0,0.31481481481481477,0.0,0.0,0.31481481481481477,0.0,0.0,0.31481481481481477,0.0,0.0,0.31481481481481477,0.0,0.0,0.31481481481481477,0.0,0.0,0.31481481481481477,0.0,0.0,0.31481481481481477,0.0,0.0
0.324074074074074,0.0,0.0,0.324074074074074,0.0,0.0,0.324074074074074,0.0,0.0,0.324074074074074,0.0,0.0,0.324074074074074,0.0,0.0,0.324074074074074,0.0,0.0,0.324074074074074,0.0,0.0,0.324074074074074,0.0,0.0,0.324074074074074,0.0,0.0
0.324074074074074,0.0,0.0,0.324074074074074,0.0,0.0,0.324074074074074,0.0,0.0,0.324074074074074,0.0,0.0,0.324074074074074,0.0,0.0,0.324074074074074,0.0,0.0,0.324074074074074,0.0,0.0,0.324074074074074,0.0,0.0,0.324074074074074,0.0,0.0
0.3333333333333333,0.0,0.0,0.3333333333333333,0.0,0.0,0.3333333333333333,0.0,0.0,0.3333333333333333,0.0,0.0,0.3333333333333333,0.0,0.0,0.3333333333333333,0.0,0.0,0.3333333333333333,0.0,0.0,0.3333333333333333,0.0,0.0,0.3333333333333333,0.0,0.0
0.3333333333333333,0.0,0.0,0.3333333333333333,0.0,0.0,0.3333333333333333,0.0,0.0,0.3333333333333333,0.0,0.0,0.3333333333333333,0.0,0.0,0.3333333333333333,0.0,0.0,0.3333333333333333,0.0,0.0,0.3333333333333333,0.0,0.0,0.3333333333333333,0.0,0.0
0.34259259259259256,0.0,0.0,0.34259259259259256,0.0,0.0,0.34259259259259256,0.0,0.0,0.34259259259259256,0.0,0.0,0.34259259259259256,0.0,0.0,0.34259259259259256,0.0,0.0,0.34259259259259256,0.0,0.0,0.34259259259259256,0.0,0.0,0.34259259259259256,0.0,0.0
0.34259259259259256,0.0,0.0,0.34259259259259256,0.0,0.0,0.34259259259259256,0.0,0.0,0.34259259259259256,0.0,0.0,0.34259259259259256,0.0,0.0,0.34259259259259256,0.0,0.0,0.34259259259259256,0.0,0.0,0.34259259259259256,0.0,0.0,0.34259259259259256,0.0,0.0
0.3518518518518518,0.0,0.0,0.3518518518518518,0.0,0.0,0.3518518518518518,0.0,0.0,0.3518518518518518,0.0,0.0,0.3518518518518518,0.0,0.0,0.3518518518518518,0.0,0.0,0.3518518518518518,0.0,0.0,0.3518518518518518,0.0,0.0,0.3518518518518518,0.0,0.0
0.3518518518518518,0.0,0.0,0.3518518518518518,0.0,0.0,0.3518518518518518,0.0,0.0,0.3518518518518518,0.0,0.0,0.3518518518518518,0.0,0.0,0.3518518518518518,0.0,0.0,0.3518518518518518,0.0,0.0,0.3518518518518518,0.0,0.0,0.3518518518518518,0.0,0.0
0.3611111111111111,0.0,0.0,0.3611111111111111,0.0,0.0,0.3611111111111111,0.0,0.0,0.3611111111111111,0.0,0.0,0.3611111111111111,0.0,0.0,0.3611111111111111,0.0,0.0,0.3611111111111111,0.0,0.0,0.3611111111111111,0.0,0.0,0.3611111111111111,0.0,0.0
0.3611111111111111,0.0,0.0,0.3611111111111111,0.0,0.0,0.3611111111111111,0.0,0.0,0.3611111111111111,0.0,0.0,0.3611111111111111,0.0,0.0,0.3611111111111111,0.0,0.0,0.3611111111111111,0.0,0.0,0.3611111111111111,0.0,0.0,0.3611111111111111,0.0,0.0
0.37037037037037035,0.0,0.0,0.37037037037037035,0.0,0.0,0.37037037037037035,0.0,0.0,0.37037037037037035,0.0,0.0,0.37037037037037035,0.0,0.0,0.37037037037037035,0.0,0.0,0.37037037037037035,0.0,0.0,0.37037037037037035,0.0,0.0,0.37037037037037035,0.0,0.0
0.37037037037037035,0.0,0.0,0.37037037037037035,0.0,0.0,0.37037037037037035,0.0,0.0,0.37037037037037035,0.0,0.0,0.37037037037037035,0.0,0.0,0.37037037037037035,0.0,0.0,0.37037037037037035,0.0,0.0,0.37037037037037035,0.0,0.0,0.37037037037037035,0.0,0.0
0.3796296296296296,0.0,0.0,0.3796296296296296,0.0,0.0,0.3796296296296296,0.0,0.0,0.3796296296296296,0.0,0.0,0.3796296296296296,0.0,0.0,0.3796296296296296,0.0,0.0,0.3796296296296296,0.0,0.0,0.3796296296296296,0.0,0.0,0.3796296296296296,0.0,0.0
0.3796296296296296,0.0,0.0,0.3796296296296296,0.0,0.0,0.3796296296296296,0.0,0.0,0.3796296296296296,0.0,0.0,0.3796296296296296,0.0,0.0,0.3796296296296296,0.0,0.0,0.3796296296296296,0.0,0.0,0.3796296296296296,0.0,0.0581948781700149,0.3796296296296296,0.0,0.04508788952853819
0.38888888888888884,0.0,0.0,0.38888888888888884,0.0,0.0,0.38888888888888884,0.0,0.0,0.38888888888888884,0.0,0.0,0.38888888888888884,0.0,0.0,0.38888888888888884,0.0,0.0,0.38888888888888884,0.0,0.0,0.38888888888888884,0.0,0.0581948781700149,0.38888888888888884,0.0,0.04508788952853819
0.38888888888888884,0.0,0.0,0.38888888888888884,0.0,0.0,0.38888888888888884,0.0,0.0,0.38888888888888884,0.0,0.0,0.38888888888888884,0.0,0.0,0.38888888888888884,0.0,0.0,0.38888888888888884,0.0,0.06273575534796275,0.38888888888888884,0.0,0.0581948781700149,0.38888888888888884,0.0,0.15380533607903546
0.3981481481481481,0.0,0.0,0.3981481481481481,0.0,0.0,0.3981481481481481,0.0,0.0,0.3981481481481481,0.0,0.0,0.3981481481481481,0.0,0.0,0.3981481481481481,0.0,0.0,0.3981481481481481,0.0,0.06273575534796275,0.3981481481481481,0.0,0.0581948781700149,0.3981481481481481,0.0,0.15380533607903546
0.3981481481481481,0.0,0.0,0.3981481481481481,0.0,0.0,0.3981481481481481,0.0,0.0,0.3981481481481481,0.0,0.0,0.3981481481481481,0.0,0.0,0.3981481481481481,0.0,0.0,0.3981481481481481,0.0,0.0874628412503394,0.3981481481481481,0.0,0.10187961401921365,0.3981481481481481,0.0,0.15754127698648002
0.4074074074074074,0.0,0.0,0.4074074074074074,0.0,0.0,0.4074074074074074,0.0,0.0,0.4074074074074074,0.0,0.0,0.4074074074074074,0.0,0.0,0.4074074074074074,0.0,0.0,0.4074074074074074,0.0,0.0874628412503394,0.4074074074074074,0.0,0.10187961401921365,0.4074074074074074,0.0,0.15754127698648002
0.4074074074074074,0.0,0.0,0.4074074074074074,0.0,0.0,0.4074074074074074,0.0,0.0,0.4074074074074074,0.0,0.0,0.4074074074074074,0.0,0.0,0.4074074074074074,0.0,0.036525876025113875,0.4074074074074074,0.0,0.11864449649861893,0.4074074074074074,0.0,0.15380533607903546,0.4074074074074074,0.0,0.20999232150629266
0.41666666666666663,0.0,0.0,0.41666666666666663,0.0,0.0,0.41666666666666663,0.0,0.0,0.41666666666666663,0.0,0.0,0.41666666666666663,0.0,0.0,0.41666666666666663,0.0,0.036525876025113875,0.41666666666666663,0.0,0.11864449649861893,0.41666666666666663,0.0,0.15380533607903546,0.41666666666666663,0.0,0.20999232150629266
0.41666666666666663,0.0,0.0,0.41666666666666663,0.0,0.0,0.41666666666666663,0.0,0.0,0.41666666666666663,0.0,0.01826220639272835,0.41666666666666663,0.0,0.04085123753141923,0.41666666666666663,0.0,0.05062607306996814,0.41666666666666663,0.0,0.15380533607903546,0.41666666666666663,0.0,0.15754127698648002,0.41666666666666663,0.0,0.20999232150629266
0.4259259259259259,0.0,0.0,0.4259259259259259,0.0,0.0,0.4259259259259259,0.0,0.0,0.4259259259259259,0.0,0.01826220639272835,0.4259259259259259,0.0,0.04085123753141923,0.4259259259259259,0.0,0.05062607306996814,0.4259259259259259,0.0,0.15380533607903546,0.4259259259259259,0.0,0.15754127698648002,0.4259259259259259,0.0,0.20999232150629266
0.4259259259259259,0.0,0.0,0.4259259259259259,0.0,0.0,0.4259259259259259,0.0,0.0,0.4259259259259259,0.0,0.05062607306996814,0.4259259259259259,0.0,0.05062607306996814,0.4259259259259259,0.0,0.06228427825434274,0.4259259259259259,0.0,0.15754127698648002,0.4259259259259259,0.0,0.18641312423088138,0.4259259259259259,0.0,0.22239242133644802
0.4351851851851852,0.0,0.0,0.4351851851851852,0.0,0.0,0.4351851851851852,0.0,0.0,0.4351851851851852,0.0,0.05062607306996814,0.4351851851851852,0.0,0.05062607306996814,0.4351851851851852,0.0,0.06228427825434274,0.4351851851851852,0.0,0.15754127698648002,0.4351851851851852,0.0,0.18641312423088138,0.4351851851851852,0.0,0.22239242133644802
0.4351851851851852,0.0,0.0,0.4351851851851852,0.0,0.0,0.4351851851851852,0.0,0.0,0.4351851851851852,0.0,0.09019780897157816,0.4351851851851852,0.0,0.09019780897157816,0.4351851851851852,0.0,0.06228427825434274,0.4351851851851852,0.0,0.1622714288988771,0.4351851851851852,0.0,0.19264507794239583,0.4351851851851852,0.0,0.24997825300834756
0.4444444444444444,0.0,0.0,0.4444444444444444,0.0,0.0,0.4444444444444444,0.0,0.0,0.4444444444444444,0.0,0.09019780897157816,0.4444444444444444,0.0,0.09019780897157816,0.4444444444444444,0.0,0.06228427825434274,0.4444444444444444,0.0,0.1622714288988771,0.4444444444444444,0.0,0.19264507794239583,0.4444444444444444,0.0,0.24997825300834756
0.4444444444444444,0.0,0.0,0.4444444444444444,0.0,0.0,0.4444444444444444,0.0,0.0,0.4444444444444444,0.0,0.12553088208385882,0.4444444444444444,0.0,0.12553088208385882,0.4444444444444444,0.0,0.12553088208385882,0.4444444444444444,0.0,0.17880315278876516,0.4444444444444444,0.0,0.22826898767311732,0.4444444444444444,0.0,0.25938662881864955
0.45370370370370366,0.0,0.0,0.45370370370370366,0.0,0.0,0.45370370370370366,0.0,0.0,0.45370370370370366,0.0,0.12553088208385882,0.45370370370370366,0.0,0.12553088208385882,0.45370370370370366,0.0,0.12553088208385882,0.45370370370370366,0.0,0.17880315278876516,0.45370370370370366,0.0,0.22826898767311732,0.45370370370370366,0.0,0.25938662881864955
0.45370370370370366,0.0,0.009586048829197932,0.45370370370370366,0.0,0.0,0.45370370370370366,0.0,0.009586048829197932,0.45370370370370366,0.0,0.1408625358398497,0.45370370370370366,0.0,0.1408625358398497,0.45370370370370366,0.0,0.15380533607903546,0.45370370370370366,0.0,0.17880315278876516,0.45370370370370366,0.0,0.24997825300834756,0.45370370370370366,0.0,0.3131578852596303
0.4629629629629629,0.0,0.009586048829197932,0.4629629629629629,0.0,0.0,0.4629629629629629,0.0,0.009586048829197932,0.4629629629629629,0.0,0.1408625358398497,0.4629629629629629,0.0,0.1408625358398497,0.4629629629629629,0.0,0.15380533607903546,0.4629629629629629,0.0,0.17880315278876516,0.4629629629629629,0.0,0.24997825300834756,0.4629629629629629,0.0,0.3131578852596303
0.4629629629629629,0.0,0.05062607306996814,0.4629629629629629,0.0,0.0,0.4629629629629629,0.0,0.05062607306996814,0.4629629629629629,0.0,0.15380533607903546,0.4629629629629629,0.0,0.15380533607903546,0.4629629629629629,0.0,0.24997825300834756,0.4629629629629629,0.0,0.18555565315607647,0.4629629629629629,0.0,0.26489714985098334,0.4629629629629629,0.0,0.3148733373534119
0.47222222222222215,0.0,0.05062607306996814,0.47222222222222215,0.0,0.0,0.47222222222222215,0.0,0.05062607306996814,0.47222222222222215,0.0,0.15380533607903546,0.47222222222222215,0.0,0.15380533607903546,0.47222222222222215,0.0,0.24997825300834756,0.47222222222222215,0.0,0.18555565315607647,0.47222222222222215,0.0,0.26489714985098334,0.47222222222222215,0.0,0.3148733373534119
0.47222222222222215,0.0,0.05199463763826135,0.47222222222222215,0.0,0.009586048829197932,0.47222222222222215,0.0,0.05062607306996814,0.47222222222222215,0.0,0.1783372412585124,0.47222222222222215,0.0,0.1789701410453193,0.47222222222222215,0.0,0.2630344058337938,0.47222222222222215,0.0,0.18641312423088138,0.47222222222222215,0.0,0.3131578852596303,0.47222222222222215,0.0,0.3370349872775706
0.48148148148148145,0.0,0.05199463763826135,0.48148148148148145,0.0,0.009586048829197932,0.48148148148148145,0.0,0.05062607306996814,0.48148148148148145,0.0,0.1783372412585124,0.48148148148148145,0.0,0.1789701410453193,0.48148148148148145,0.0,0.2630344058337938,0.48148148148148145,0.0,0.18641312423088138,0.48148148148148145,0.0,0.3131578852596303,0.48148148148148145,0.0,0.3370349872775706
0.48148148148148145,0.0,0.0874628412503394,0.48148148148148145,0.0,0.04975303519709973,0.48148148148148145,0.0,0.06228427825434274,0.48148148148148145,0.0,0.1789701410453193,0.48148148148148145,0.0,0.2630344058337938,0.48148148148148145,0.0,0.2671040701428407,0.48148148148148145,0.0,0.24997825300834756,0.48148148148148145,0.0,0.3699496097503059,0.48148148148148145,0.0,0.4013625623817672
0.4907407407407407,0.0,0.0874628412503394,0.4907407407407407,0.0,0.04975303519709973,0.4907407407407407,0.0,0.06228427825434274,0.4907407407407407,0.0,0.1789701410453193,0.4907407407407407,0.0,0.2630344058337938,0.4907407407407407,0.0,0.2671040701428407,0.4907407407407407,0.0,0.24997825300834756,0.4907407407407407,0.0,0.3699496097503059,0.4907407407407407,0.0,0.4013625623817672
0.4907407407407407,0.0,0.09310940439148145,0.4907407407407407,0.0,0.05062607306996814,0.4907407407407407,0.0,0.12553088208385882,0.4907407407407407,0.0,0.2630344058337938,0.4907407407407407,0.0,0.2671040701428407,0.4907407407407407,0.0,0.29956028185890793,0.4907407407407407,0.0,0.2630344058337938,0.4907407407407407,0.0,0.37196877738695794,0.4907407407407407,0.0,0.4068169924738753
0.49999999999999994,0.0,0.09310940439148145,0.49999999999999994,0.0,0.05062607306996814,0.49999999999999994,0.0,0.12553088208385882,0.49999999999999994,0.0,0.2630344058337938,0.49999999999999994,0.0,0.2671040701428407,0.49999999999999994,0.0,0.29956028185890793,0.49999999999999994,0.0,0.2630344058337938,0.49999999999999994,0.0,0.37196877738695794,0.49999999999999994,0.0,0.4068169924738753
0.49999999999999994,0.0,0.12553088208385882,0.49999999999999994,0.0,0.11805576152171224,0.49999999999999994,0.0,0.13750352374993502,0.49999999999999994,0.0,0.2671040701428407,0.49999999999999994,0.0,0.29956028185890793,0.49999999999999994,0.0,0.30812229536233193,0.49999999999999994,0.0,0.3131578852596303,0.49999999999999994,0.0,0.4506614090095652,0.49999999999999994,0.0,0.4988058569714417
0.5092592592592593,0.0,0.12553088208385882,0.5092592592592593,0.0,0.11805576152171224,0.5092592592592593,0.0,0.13750352374993502,0.5092592592592593,0.0,0.2671040701428407,0.5092592592592593,0.0,0.29956028185890793,0.5092592592592593,0.0,0.30812229536233193,0.5092592592592593,0.0,0.3131578852596303,0.5092592592592593,0.0,0.4506614090095652,0.5092592592592593,0.0,0.4988058569714417
0.5092592592592593,0.0,0.13750352374993502,0.5092592592592593,0.0,0.12553088208385882,0.5092592592592593,0.0,0.1408625358398497,0.5092592592592593,0.0,0.27753397552890896,0.5092592592592593,0.0,0.30812229536233193,0.5092592592592593,0.0,0.3131578852596303,0.5092592592592593,0.0,0.38702312310924725,0.5092592592592593,0.0,0.4988058569714417,0.5092592592592593,0.0,0.6261851634476692
0.5185185185185185,0.0,0.13750352374993502,0.5185185185185185,0.0,0.12553088208385882,0.5185185185185185,0.0,0.1408625358398497,0.5185185185185185,0.0,0.27753397552890896,0.5185185185185185,0.0,0.30812229536233193,0.5185185185185185,0.0,0.3131578852596303,0.5185185185185185,0.0,0.38702312310924725,0.5185185185185185,0.0,0.4988058569714417,0.5185185185185185,0.0,0.6261851634476692
0.5185185185185185,0.0,0.1408625358398497,0.5185185185185185,0.0,0.13750352374993502,0.5185185185185185,0.0,0.15380533607903546,0.5185185185185185,0.0,0.28688114778816154,0.5185185185185185,0.0,0.3103401206121505,0.5185185185185185,0.0,0.3410369178350669,0.5185185185185185,0.0,0.439285045525521,0.5185185185185185,0.0,0.5474877953024933,0.5185185185185185,0.0,0.7705181538772327
0.5277777777777778,0.0,0.1408625358398497,0.5277777777777778,0.0,0.13750352374993502,0.5277777777777778,0.0,0.15380533607903546,0.5277777777777778,0.0,0.28688114778816154,0.5277777777777778,0.0,0.3103401206121505,0.5277777777777778,0.0,0.3410369178350669,0.5277777777777778,0.0,0.439285045525521,0.5277777777777778,0.0,0.5474877953024933,0.5277777777777778,0.0,0.7705181538772327
0.5277777777777778,0.0,0.15380533607903546,0.5277777777777778,0.0,0.1408625358398497,0.5277777777777778,0.0,0.2630344058337938,0.5277777777777778,0.0,0.29956028185890793,0.5277777777777778,0.0,0.3131578852596303,0.5277777777777778,0.0,0.41503749927884376,0.5277777777777778,0.0,0.4918530963296747,0.5277777777777778,0.0,0.6261851634476692,0.5277777777777778,0.0,0.777607578663552
0.5370370370370371,0.0,0.15380533607903546,0.5370370370370371,0.0,0.1408625358398497,0.5370370370370371,0.0,0.2630344058337938,0.5370370370370371,0.0,0.29956028185890793,0.5370370370370371,0.0,0.3131578852596303,0.5370370370370371,0.0,0.41503749927884376,0.5370370370370371,0.0,0.4918530963296747,0.5370370370370371,0.0,0.6261851634476692,0.5370370370370371,0.0,0.777607578663552
0.5370370370370371,0.0,0.2630344058337938,0.5370370370370371,0.0,0.15380533607903546,0.5370370370370371,0.0,0.2671040701428407,0.5370370370370371,0.0,0.30812229536233193,0.5370370370370371,0.0,0.3410369178350669,0.5370370370370371,0.0,0.4306343543298623,0.5370370370370371,0.0,0.4988058569714417,0.5370370370370371,0.0,0.777607578663552,0.5370370370370371,0.0,0.777607578663552
0.5462962962962963,0.0,0.2630344058337938,0.5462962962962963,0.0,0.15380533607903546,0.5462962962962963,0.0,0.2671040701428407,0.5462962962962963,0.0,0.30812229536233193,0.5462962962962963,0.0,0.3410369178350669,0.5462962962962963,0.0,0.4306343543298623,0.5462962962962963,0.0,0.4988058569714417,0.5462962962962963,0.0,0.777607578663552,0.5462962962962963,0.0,0.777607578663552
0.5462962962962963,0.0,0.2671040701428407,0.5462962962962963,0.0,0.2630344058337938,0.5462962962962963,0.0,0.29956028185890793,0.5462962962962963,0.0,0.3103401206121505,0.5462962962962963,0.0,0.41503749927884376,0.5462962962962963,0.0,0.4918530963296747,0.5462962962962963,0.0,0.5208321633014404,0.5462962962962963,0.0,0.8096687878958506,0.5462962962962963,0.0,0.8251661981740648
0.5555555555555556,0.0,0.2671040701428407,0.5555555555555556,0.0,0.2630344058337938,0.5555555555555556,0.0,0.29956028185890793,0.5555555555555556,0.0,0.3103401206121505,0.5555555555555556,0.0,0.41503749927884376,0.5555555555555556,0.0,0.4918530963296747,0.5555555555555556,0.0,0.5208321633014404,0.5555555555555556,0.0,0.8096687878958506,0.5555555555555556,0.0,0.8251661981740648
0.5555555555555556,0.0,0.29956028185890793,0.5555555555555556,0.0,0.2671040701428407,0.5555555555555556,0.0,0.30812229536233193,0.5555555555555556,0.0,0.3131578852596303,0.5555555555555556,0.0,0.4306343543298623,0.5555555555555556,0.0,0.4988058569714417,0.5555555555555556,0.0,0.5688428353578793,0.5555555555555556,0.0,0.932885804141463,0.5555555555555556,0.0,0.9132883668066691
0.5648148148148149,0.0,0.29956028185890793,0.5648148148148149,0.0,0.2671040701428407,0.5648148148148149,0.0,0.30812229536233193,0.5648148148148149,0.0,0.3131578852596303,0.5648148148148149,0.0,0.4306343543298623,0.5648148148148149,0.0,0.4988058569714417,0.5648148148148149,0.0,0.5688428353578793,0.5648148148148149,0.0,0.932885804141463,0.5648148148148149,0.0,0.9132883668066691
0.5648148148148149,0.0,0.30812229536233193,0.5648148148148149,0.0,0.29956028185890793,0.5648148148148149,0.0,0.3103401206121505,0.5648148148148149,0.0,0.3410369178350669,0.5648148148148149,0.0,0.438121112391885,0.5648148148148149,0.0,0.5208321633014404,0.5648148148148149,0.0,0.6040713236688608,0.5648148148148149,0.0,0.963474123974886,0.5648148148148149,0.0,0.963474123974886
0.5740740740740741,0.0,0.30812229536233193,0.5740740740740741,0.0,0.29956028185890793,0.5740740740740741,0.0,0.3103401206121505,0.5740740740740741,0.0,0.3410369178350669,0.5740740740740741,0.0,0.438121112391885,0.5740740740740741,0.0,0.5208321633014404,0.5740740740740741,0.0,0.6040713236688608,0.5740740740740741,0.0,0.963474123974886,0.5740740740740741,0.0,0.963474123974886
0.5740740740740741,0.0,0.3103401206121505,0.5740740740740741,0.0,0.30812229536233193,0.5740740740740741,0.0,0.3131578852596303,0.5740740740740741,0.0,0.38994651831601335,0.5740740740740741,0.0,0.44745897697122117,0.5740740740740741,0.0,0.5688428353578793,0.5740740740740741,0.0,0.6728352567464905,0.5740740740740741,0.0,1.0,0.5740740740740741,0.0,1.0614005446641432
0.5833333333333334,0.0,0.3103401206121505,0.5833333333333334,0.0,0.30812229536233193,0.5833333333333334,0.0,0.3131578852596303,0.5833333333333334,0.0,0.38994651831601335,0.5833333333333334,0.0,0.44745897697122117,0.5833333333333334,0.0,0.5688428353578793,0.5833333333333334,0.0,0.6728352567464905,0.5833333333333334,0.0,1.0,0.5833333333333334,0.0,1.0614005446641432
0.5833333333333334,0.0,0.3103401206121505,0.5833333333333334,0.0,0.3103401206121505,0.5833333333333334,0.0,0.3410369178350669,0.5833333333333334,0.0,0.41503749927884376,0.5833333333333334,0.0,0.48542682717024166,0.5833333333333334,0.0,0.6040713236688608,0.5833333333333334,0.0,0.685891409571937,0.5833333333333334,0.0,1.1477536204436922,0.5833333333333334,0.0,1.5025003405291832
0.5925925925925926,0.0,0.3103401206121505,0.5925925925925926,0.0,0.3103401206121505,0.5925925925925926,0.0,0.3410369178350669,0.5925925925925926,0.0,0.41503749927884376,0.5925925925925926,0.0,0.48542682717024166,0.5925925925925926,0.0,0.6040713236688608,0.5925925925925926,0.0,0.685891409571937,0.5925925925925926,0.0,1.1477536204436922,0.5925925925925926,0.0,1.5025003405291832
0.5925925925925926,0.0,0.3131578852596303,0.5925925925925926,0.0,0.3131578852596303,0.5925925925925926,0.0,0.3447279642605002,0.5925925925925926,0.0,0.48542682717024166,0.5925925925925926,0.0,0.4918530963296747,0.5925925925925926,0.0,0.6291623046316912,0.5925925925925926,0.0,0.7198920808072646,0.5925925925925926,0.0,1.2334901302197785,0.5925925925925926,0.0,1.851901361010866
0.6018518518518519,0.0,0.3131578852596303,0.6018518518518519,0.0,0.3131578852596303,0.6018518518518519,0.0,0.3447279642605002,0.6018518518518519,0.0,0.48542682717024166,0.6018518518518519,0.0,0.4918530963296747,0.6018518518518519,0.0,0.6291623046316912,0.6018518518518519,0.0,0.7198920808072646,0.6018518518518519,0.0,1.2334901302197785,0.6018518518518519,0.0,1.851901361010866
0.6018518518518519,0.0,0.3410369178350669,0.6018518518518519,0.0,0.3410369178350669,0.6018518518518519,0.0,0.41503749927884376,0.6018518518518519,0.0,0.4918530963296747,0.6018518518518519,0.0,0.5208321633014404,0.6018518518518519,0.0,0.6374299206152918,0.6018518518518519,0.0,0.7484612330040356,0.6018518518518519,0.0,1.5232589006959805,0.6018518518518519,0.0,1.9272968062703555
0.6111111111111112,0.0,0.3410369178350669,0.6111111111111112,0.0,0.3410369178350669,0.6111111111111112,0.0,0.41503749927884376,0.6111111111111112,0.0,0.4918530963296747,0.6111111111111112,0.0,0.5208321633014404,0.6111111111111112,0.0,0.6374299206152918,0.6111111111111112,0.0,0.7484612330040356,0.6111111111111112,0.0,1.5232589006959805,0.6111111111111112,0.0,1.9272968062703555
0.6111111111111112,0.0,0.37851162325372983,0.6111111111111112,0.0,0.41503749927884376,0.6111111111111112,0.0,0.48542682717024166,0.6111111111111112,0.0,0.5208321633014404,0.6111111111111112,0.0,0.6100534816839867,0.6111111111111112,0.0,0.7198920808072646,0.6111111111111112,0.0,1.2334901302197785,0.6111111111111112,0.0,1.584962500721156,0.6111111111111112,0.0,2.3709068877157904
0.6203703703703703,0.0,0.37851162325372983,0.6203703703703703,0.0,0.41503749927884376,0.6203703703703703,0.0,0.48542682717024166,0.6203703703703703,0.0,0.5208321633014404,0.6203703703703703,0.0,0.6100534816839867,0.6203703703703703,0.0,0.7198920808072646,0.6203703703703703,0.0,1.2334901302197785,0.6203703703703703,0.0,1.584962500721156,0.6203703703703703,0.0,2.3709068877157904
0.6203703703703703,0.0,0.3959286763311393,0.6203703703703703,0.0,0.48542682717024166,0.6203703703703703,0.0,0.4918530963296747,0.6203703703703703,0.0,0.6100534816839867,0.6203703703703703,0.0,0.6166713604484945,0.6203703703703703,0.0,0.7548875021634686,0.6203703703703703,0.0,1.2954558835261714,0.6203703703703703,0.0,1.6994908887475433,0.6203703703703703,0.0,4.741813775431581
0.6296296296296297,0.0,0.3959286763311393,0.6296296296296297,0.0,0.48542682717024166,0.6296296296296297,0.0,0.4918530963296747,0.6296296296296297,0.0,0.6100534816839867,0.6296296296296297,0.0,0.6166713604484945,0.6296296296296297,0.0,0.7548875021634686,0.6296296296296297,0.0,1.2954558835261714,0.6296296296296297,0.0,1.6994908887475433,0.6296296296296297,0.0,4.741813775431581
0.6296296296296297,0.0,0.41503749927884376,0.6296296296296297,0.0,0.4918530963296747,0.6296296296296297,0.0,0.5208321633014404,0.6296296296296297,0.0,0.6166713604484945,0.6296296296296297,0.0,0.6291623046316912,0.6296296296296297,0.0,1.0573331750659516,0.6296296296296297,0.0,1.584962500721156,0.6296296296296297,0.0,1.7613890681054236,0.6296296296296297,0.0,4.741813775431581
0.6388888888888888,0.0,0.41503749927884376,0.6388888888888888,0.0,0.4918530963296747,0.6388888888888888,0.0,0.5208321633014404,0.6388888888888888,0.0,0.6166713604484945,0.6388888888888888,0.0,0.6291623046316912,0.6388888888888888,0.0,1.0573331750659516,0.6388888888888888,0.0,1.584962500721156,0.6388888888888888,0.0,1.7613890681054236,0.6388888888888888,0.0,4.741813775431581
0.6388888888888888,0.0,0.48542682717024166,0.6388888888888888,0.0,0.5208321633014404,0.6388888888888888,0.0,0.6166713604484945,0.6388888888888888,0.0,0.6291623046316912,0.6388888888888888,0.0,0.7884958948062882,0.6388888888888888,0.0,1.3016556998611013,0.6388888888888888,0.0,1.6765297403042323,0.6388888888888888,0.0,3.5227781362108472,0.6388888888888888,0.0,4.741813775431581
0.6481481481481481,0.0,0.48542682717024166,0.6481481481481481,0.0,0.5208321633014404,0.6481481481481481,0.0,0.6166713604484945,0.6481481481481481,0.0,0.6291623046316912,0.6481481481481481,0.0,0.7884958948062882,0.6481481481481481,0.0,1.3016556998611013,0.6481481481481481,0.0,1.6765297403042323,0.6481481481481481,0.0,3.5227781362108472,0.6481481481481481,0.0,4.741813775431581
0.6481481481481481,0.0,0.4918530963296747,0.6481481481481481,0.0,0.6166713604484945,0.6481481481481481,0.0,0.6291623046316912,0.6481481481481481,0.0,0.7884958948062882,0.6481481481481481,0.0,0.932885804141463,0.6481481481481481,0.0,1.584962500721156,0.6481481481481481,0.0,1.7613890681054236,0.6481481481481481,0.0,3.5227781362108472,0.6481481481481481,0.0,4.741813775431581
0.6574074074074074,0.0,0.4918530963296747,0.6574074074074074,0.0,0.6166713604484945,0.6574074074074074,0.0,0.6291623046316912,0.6574074074074074,0.0,0.7884958948062882,0.6574074074074074,0.0,0.932885804141463,0.6574074074074074,0.0,1.584962500721156,0.6574074074074074,0.0,1.7613890681054236,0.6574074074074074,0.0,3.5227781362108472,0.6574074074074074,0.0,4.741813775431581
0.6574074074074074,0.0,0.5145731728297582,0.6574074074074074,0.0,0.6291623046316912,0.6574074074074074,0.0,0.7884958948062882,0.6574074074074074,0.0,0.9198296513160167,0.6574074074074074,0.0,1.0573331750659516,0.6574074074074074,0.0,1.6765297403042323,0.6574074074074074,0.0,3.985142041272887,0.6574074074074074,0.0,3.5227781362108472,0.6574074074074074,0.0,4.741813775431581
0.6666666666666666,0.0,0.5145731728297582,0.6666666666666666,0.0,0.6291623046316912,0.6666666666666666,0.0,0.7884958948062882,0.6666666666666666,0.0,0.9198296513160167,0.6666666666666666,0.0,1.0573331750659516,0.6666666666666666,0.0,1.6765297403042323,0.6666666666666666,0.0,3.985142041272887,0.6666666666666666,0.0,3.5227781362108472,0.6666666666666666,0.0,4.741813775431581
0.6666666666666666,0.0,0.5145731728297582,0.6666666666666666,0.0,0.7884958948062882,0.6666666666666666,0.0,0.8579809951275721,0.6666666666666666,0.0,0.932885804141463,0.6666666666666666,0.0,1.0906983102917374,0.6666666666666666,0.0,1.7613890681054236,0.6666666666666666,0.0,7.970284082545774,0.6666666666666666,0.0,3.5227781362108472,0.6666666666666666,0.0,4.741813775431581
0.6759259259259259,0.0,0.5145731728297582,0.6759259259259259,0.0,0.7884958948062882,0.6759259259259259,0.0,0.8579809951275721,0.6759259259259259,0.0,0.932885804141463,0.6759259259259259,0.0,1.0906983102917374,0.6759259259259259,0.0,1.7613890681054236,0.6759259259259259,0.0,7.970284082545774,0.6759259259259259,0.0,3.5227781362108472,0.6759259259259259,0.0,4.741813775431581
0.6759259259259259,0.0,0.5208321633014404,0.6759259259259259,0.0,0.9198296513160167,0.6759259259259259,0.0,0.9198296513160167,0.6759259259259259,0.0,0.9655837969795191,0.6759259259259259,0.0,1.0906983102917374,0.6759259259259259,0.0,2.0471536199976677,0.6759259259259259,0.0,7.970284082545774,0.6759259259259259,0.0,3.5227781362108472,0.6759259259259259,0.0,4.741813775431581
0.6851851851851852,0.0,0.5208321633014404,0.6851851851851852,0.0,0.9198296513160167,0.6851851851851852,0.0,0.9198296513160167,0.6851851851851852,0.0,0.9655837969795191,0.6851851851851852,0.0,1.0906983102917374,0.6851851851851852,0.0,2.0471536199976677,0.6851851851851852,0.0,7.970284082545774,0.6851851851851852,0.0,3.5227781362108472,0.6851851851851852,0.0,4.741813775431581
0.6851851851851852,0.0,0.6166713604484945,0.6851851851851852,0.0,0.932885804141463,0.6851851851851852,0.0,0.932885804141463,0.6851851851851852,0.0,1.0,0.6851851851851852,0.0,1.228879370399189,0.6851851851851852,0.0,3.266479355547166,0.6851851851851852,0.0,7.970284082545774,0.6851851851851852,0.0,3.5227781362108472,0.6851851851851852,0.0,4.741813775431581
0.6944444444444444,0.0,0.6166713604484945,0.6944444444444444,0.0,0.932885804141463,0.6944444444444444,0.0,0.932885804141463,0.6944444444444444,0.0,1.0,0.6944444444444444,0.0,1.228879370399189,0.6944444444444444,0.0,3.266479355547166,0.6944444444444444,0.0,7.970284082545774,0.6944444444444444,0.0,3.5227781362108472,0.6944444444444444,0.0,4.741813775431581
0.6944444444444444,0.0,0.6251515908368551,0.6944444444444444,0.0,0.9655837969795191,0.6944444444444444,0.0,0.9655837969795191,0.6944444444444444,0.0,1.0906983102917374,0.6944444444444444,0.0,1.584962500721156,0.6944444444444444,0.0,6.532958711094332,0.6944444444444444,0.0,7.970284082545774,0.6944444444444444,0.0,3.5227781362108472,0.6944444444444444,0.0,4.741813775431581
0.7037037037037037,0.0,0.6251515908368551,0.7037037037037037,0.0,0.9655837969795191,0.7037037037037037,0.0,0.9655837969795191,0.7037037037037037,0.0,1.0906983102917374,0.7037037037037037,0.0,1.584962500721156,0.7037037037037037,0.0,6.532958711094332,0.7037037037037037,0.0,7.970284082545774,0.7037037037037037,0.0,3.5227781362108472,0.7037037037037037,0.0,4.741813775431581
0.7037037037037037,0.0,0.6291623046316912,0.7037037037037037,0.0,1.0906983102917374,0.7037037037037037,0.0,1.0906983102917374,0.7037037037037037,0.0,1.0906983102917374,0.7037037037037037,0.0,1.7613890681054236,0.7037037037037037,0.0,6.532958711094332,0.7037037037037037,0.0,7.970284082545774,0.7037037037037037,0.0,3.5227781362108472,0.7037037037037037,0.0,4.741813775431581
0.712962962962963,0.0,0.6291623046316912,0.712962962962963,0.0,1.0906983102917374,0.712962962962963,0.0,1.0906983102917374,0.712962962962963,0.0,1.0906983102917374,0.712962962962963,0.0,1.7613890681054236,0.712962962962963,0.0,6.532958711094332,0.712962962962963,0.0,7.970284082545774,0.712962962962963,0.0,3.5227781362108472,0.712962962962963,0.0,4.741813775431581
0.712962962962963,0.0,0.7884958948062882,0.712962962962963,0.0,1.0906983102917374,0.712962962962963,0.0,1.0906983102917374,0.712962962962963,0.0,1.4684141833648465,0.712962962962963,0.0,1.7870062766658017,0.712962962962963,0.0,6.532958711094332,0.712962962962963,0.0,7.970284082545774,0.712962962962963,0.0,3.5227781362108472,0.712962962962963,0.0,4.741813775431581
0.7222222222222222,0.0,0.7884958948062882,0.7222222222222222,0.0,1.0906983102917374,0.7222222222222222,0.0,1.0906983102917374,0.7222222222222222,0.0,1.4684141833648465,0.7222222222222222,0.0,1.7870062766658017,0.7222222222222222,0.0,6.532958711094332,0.7222222222222222,0.0,7.970284082545774,0.7222222222222222,0.0,3.5227781362108472,0.7222222222222222,0.0,4.741813775431581
0.7222222222222222,0.0,0.9198296513160167,0.7222222222222222,0.0,1.1598713367783895,0.7222222222222222,0.0,1.0943273825481532,0.7222222222222222,0.0,1.584962500721156,0.7222222222222222,0.0,1.874469117916141,0.7222222222222222,0.0,6.532958711094332,0.7222222222222222,0.0,7.970284082545774,0.7222222222222222,0.012072832300574972,3.5227781362108472,0.7222222222222222,0.0,4.741813775431581
0.7314814814814815,0.0,0.9198296513160167,0.7314814814814815,0.0,1.1598713367783895,0.7314814814814815,0.0,1.0943273825481532,0.7314814814814815,0.0,1.584962500721156,0.7314814814814815,0.0,1.874469117916141,0.7314814814814815,0.0,6.532958711094332,0.7314814814814815,0.0,7.970284082545774,0.7314814814814815,0.012072832300574972,3.5227781362108472,0.7314814814814815,0.0,4.741813775431581
0.7314814814814815,0.0,0.932885804141463,0.7314814814814815,0.0,1.584962500721156,0.7314814814814815,0.0,1.584962500721156,0.7314814814814815,0.0,1.7271845733736209,0.7314814814814815,0.0,3.748938235832282,0.7314814814814815,0.0,6.532958711094332,0.7314814814814815,0.0,7.970284082545774,0.7314814814814815,0.02345897282398896,3.5227781362108472,0.7314814814814815,0.024522319134068927,4.741813775431581
0.7407407407407407,0.0,0.932885804141463,0.7407407407407407,0.0,1.584962500721156,0.7407407407407407,0.0,1.584962500721156,0.7407407407407407,0.0,1.7271845733736209,0.7407407407407407,0.0,3.748938235832282,0.7407407407407407,0.0,6.532958711094332,0.7407407407407407,0.0,7.970284082545774,0.7407407407407407,0.02345897282398896,3.5227781362108472,0.7407407407407407,0.024522319134068927,4.741813775431581
0.7407407407407407,0.0,0.9655837969795191,0.7407407407407407,0.05062607306996814,1.5949465892937784,0.7407407407407407,0.0,1.5949465892937784,0.7407407407407407,0.0,1.7870062766658017,0.7407407407407407,0.0,3.748938235832282,0.7407407407407407,0.0,6.532958711094332,0.7407407407407407,0.024522319134068927,7.970284082545774,0.7407407407407407,0.024522319134068927,3.5227781362108472,0.7407407407407407,0.04908478049948337,4.741813775431581
0.75,0.0,0.9655837969795191,0.75,0.05062607306996814,1.5949465892937784,0.75,0.0,1.5949465892937784,0.75,0.0,1.7870062766658017,0.75,0.0,3.748938235832282,0.75,0.0,6.532958711094332,0.75,0.024522319134068927,7.970284082545774,0.75,0.024522319134068927,3.5227781362108472,0.75,0.04908478049948337,4.741813775431581
0.75,0.0,0.9858718000622426,0.75,0.08488889758651294,1.7870062766658017,0.75,0.05062607306996814,1.7870062766658017,0.75,0.0,1.874469117916141,0.75,0.009045139603006985,3.748938235832282,0.75,0.024522319134068927,6.532958711094332,0.75,0.04908478049948337,7.970284082545774,0.75,0.045803689613124754,3.5227781362108472,0.75,0.09163047546556834,4.741813775431581
0.7592592592592593,0.0,0.9858718000622426,0.7592592592592593,0.08488889758651294,1.7870062766658017,0.7592592592592593,0.05062607306996814,1.7870062766658017,0.7592592592592593,0.0,1.874469117916141,0.7592592592592593,0.009045139603006985,3.748938235832282,0.7592592592592593,0.024522319134068927,6.532958711094332,0.7592592592592593,0.04908478049948337,7.970284082545774,0.7592592592592593,0.045803689613124754,3.5227781362108472,0.7592592592592593,0.09163047546556834,4.741813775431581
0.7592592592592593,0.05062607306996814,1.0906983102917374,0.7592592592592593,0.09019780897157816,1.874469117916141,0.7592592592592593,0.08488889758651294,1.874469117916141,0.7592592592592593,0.05062607306996814,3.748938235832282,0.7592592592592593,0.05062607306996814,3.748938235832282,0.7592592592592593,0.033166863935199374,6.532958711094332,0.7592592592592593,0.08091999538356746,7.970284082545774,0.7592592592592593,0.04908478049948337,3.5227781362108472,0.7592592592592593,0.10604163741032462,4.741813775431581
0.7685185185185185,0.05062607306996814,1.0906983102917374,0.7685185185185185,0.09019780897157816,1.874469117916141,0.7685185185185185,0.08488889758651294,1.874469117916141,0.7685185185185185,0.05062607306996814,3.748938235832282,0.7685185185185185,0.05062607306996814,3.748938235832282,0.7685185185185185,0.033166863935199374,6.532958711094332,0.7685185185185185,0.08091999538356746,7.970284082545774,0.7685185185185185,0.04908478049948337,3.5227781362108472,0.7685185185185185,0.10604163741032462,4.741813775431581
0.7685185185185185,0.08488889758651294,1.0906983102917374,0.7685185185185185,0.1622714288988771,3.748938235832282,0.7685185185185185,0.15200309344505006,3.748938235832282,0.7685185185185185,0.08488889758651294,3.748938235832282,0.7685185185185185,0.08488889758651294,3.748938235832282,0.7685185185185185,0.04908478049948337,6.532958711094332,0.7685185185185185,0.08488889758651294,7.970284082545774,0.7685185185185185,0.055495112591703706,3.5227781362108472,0.7685185185185185,0.1622714288988771,4.741813775431581
0.7777777777777778,0.08488889758651294,1.0906983102917374,0.7777777777777778,0.1622714288988771,3.748938235832282,0.7777777777777778,0.15200309344505006,3.748938235832282,0.7777777777777778,0.08488889758651294,3.748938235832282,0.7777777777777778,0.08488889758651294,3.748938235832282,0.7777777777777778,0.04908478049948337,6.532958711094332,0.7777777777777778,0.08488889758651294,7.970284082545774,0.7777777777777778,0.055495112591703706,3.5227781362108472,0.7777777777777778,0.1622714288988771,4.741813775431581
0.7777777777777778,0.11718353937033894,1.584962500721156,0.7777777777777778,0.20511442990461226,3.748938235832282,0.7777777777777778,0.1622714288988771,3.748938235832282,0.7777777777777778,0.09634386906120493,3.748938235832282,0.7777777777777778,0.1622714288988771,3.748938235832282,0.7777777777777778,0.05062607306996814,6.532958711094332,0.7777777777777778,0.16635838642212003,7.970284082545774,0.7777777777777778,0.08900500605874502,3.5227781362108472,0.7777777777777778,0.1750867065580914,4.741813775431581
0.787037037037037,0.11718353937033894,1.584962500721156,0.787037037037037,0.20511442990461226,3.748938235832282,0.787037037037037,0.1622714288988771,3.748938235832282,0.787037037037037,0.09634386906120493,3.748938235832282,0.787037037037037,0.1622714288988771,3.748938235832282,0.787037037037037,0.05062607306996814,6.532958711094332,0.787037037037037,0.16635838642212003,7.970284082545774,0.787037037037037,0.08900500605874502,3.5227781362108472,0.787037037037037,0.1750867065580914,4.741813775431581
0.787037037037037,0.14684138832927118,1.5949465892937784,0.787037037037037,0.22239242133644802,3.748938235832282,0.787037037037037,0.22239242133644802,3.748938235832282,0.787037037037037,0.1622714288988771,3.748938235832282,0.787037037037037,0.21056698593965842,3.748938235832282,0.787037037037037,0.08488889758651294,6.532958711094332,0.787037037037037,0.1750867065580914,7.970284082545774,0.787037037037037,0.09019780897157816,3.5227781362108472,0.787037037037037,0.24511249783653138,4.741813775431581
0.7962962962962963,0.14684138832927118,1.5949465892937784,0.7962962962962963,0.22239242133644802,3.748938235832282,0.7962962962962963,0.22239242133644802,3.748938235832282,0.7962962962962963,0.1622714288988771,3.748938235832282,0.7962962962962963,0.21056698593965842,3.748938235832282,0.7962962962962963,0.08488889758651294,6.532958711094332,0.7962962962962963,0.1750867065580914,7.970284082545774,0.7962962962962963,0.09019780897157816,3.5227781362108472,0.7962962962962963,0.24511249783653138,4.741813775431581
0.7962962962962963,0.1622714288988771,1.7870062766658017,0.7962962962962963,0.23379718460869717,3.748938235832282,0.7962962962962963,0.22239242133644802,3.748938235832282,0.7962962962962963,0.22239242133644802,3.748938235832282,0.7962962962962963,0.22239242133644802,3.748938235832282,0.7962962962962963,0.16046467219324612,6.532958711094332,0.7962962962962963,0.23379718460869717,7.970284082545774,0.7962962962962963,0.1622714288988771,3.5227781362108472,0.7962962962962963,0.2663602315405709,4.741813775431581
0.8055555555555556,0.1622714288988771,1.7870062766658017,0.8055555555555556,0.23379718460869717,3.748938235832282,0.8055555555555556,0.22239242133644802,3.748938235832282,0.8055555555555556,0.22239242133644802,3.748938235832282,0.8055555555555556,0.22239242133644802,3.748938235832282,0.8055555555555556,0.16046467219324612,6.532958711094332,0.8055555555555556,0.23379718460869717,7.970284082545774,0.8055555555555556,0.1622714288988771,3.5227781362108472,0.8055555555555556,0.2663602315405709,4.741813775431581
0.8055555555555556,0.22239242133644802,1.874469117916141,0.8055555555555556,0.3536369546147004,3.748938235832282,0.8055555555555556,0.23379718460869717,3.748938235832282,0.8055555555555556,0.23379718460869717,3.748938235832282,0.8055555555555556,0.23000560544632323,3.748938235832282,0.8055555555555556,0.21056698593965842,6.532958711094332,0.8055555555555556,0.2857899254677068,7.970284082545774,0.8055555555555556,0.1750867065580914,3.5227781362108472,0.8055555555555556,0.31366047890376186,4.741813775431581
0.8148148148148148,0.22239242133644802,1.874469117916141,0.8148148148148148,0.3536369546147004,3.748938235832282,0.8148148148148148,0.23379718460869717,3.748938235832282,0.8148148148148148,0.23379718460869717,3.748938235832282,0.8148148148148148,0.23000560544632323,3.748938235832282,0.8148148148148148,0.21056698593965842,6.532958711094332,0.8148148148148148,0.2857899254677068,7.970284082545774,0.8148148148148148,0.1750867065580914,3.5227781362108472,0.8148148148148148,0.31366047890376186,4.741813775431581
0.8148148148148148,0.23379718460869717,3.748938235832282,0.8148148148148148,0.49098635251214245,3.748938235832282,0.8148148148148148,0.26204499231428396,3.748938235832282,0.8148148148148148,0.26204499231428396,3.748938235832282,0.8148148148148148,0.23379718460869717,3.748938235832282,0.8148148148148148,0.23379718460869717,6.532958711094332,0.8148148148148148,0.31366047890376186,7.970284082545774,0.8148148148148148,0.22361868153852782,3.5227781362108472,0.8148148148148148,0.3959286763311393,4.741813775431581
0.8240740740740741,0.23379718460869717,3.748938235832282,0.8240740740740741,0.49098635251214245,3.748938235832282,0.8240740740740741,0.26204499231428396,3.748938235832282,0.8240740740740741,0.26204499231428396,3.748938235832282,0.8240740740740741,0.23379718460869717,3.748938235832282,0.8240740740740741,0.23379718460869717,6.532958711094332,0.8240740740740741,0.31366047890376186,7.970284082545774,0.8240740740740741,0.22361868153852782,3.5227781362108472,0.8240740740740741,0.3959286763311393,4.741813775431581
0.8240740740740741,0.2801079191927352,3.748938235832282,0.8240740740740741,0.5184670889342494,3.748938235832282,0.8240740740740741,0.2937312030567103,3.748938235832282,0.8240740740740741,0.2937312030567103,3.748938235832282,0.8240740740740741,0.26204499231428396,3.748938235832282,0.8240740740740741,0.308657022959591,6.532958711094332,0.8240740740740741,0.3959286763311393,7.970284082545774,0.8240740740740741,0.23379718460869717,3.5227781362108472,0.8240740740740741,0.5490854643925597,4.741813775431581
0.8333333333333334,0.2801079191927352,3.748938235832282,0.8333333333333334,0.5184670889342494,3.748938235832282,0.8333333333333334,0.2937312030567103,3.748938235832282,0.8333333333333334,0.2937312030567103,3.748938235832282,0.8333333333333334,0.26204499231428396,3.748938235832282,0.8333333333333334,0.308657022959591,6.532958711094332,0.8333333333333334,0.3959286763311393,7.970284082545774,0.8333333333333334,0.23379718460869717,3.5227781362108472,0.8333333333333334,0.5490854643925597,4.741813775431581
0.8333333333333334,0.3536369546147004,3.748938235832282,0.8333333333333334,0.5291092659876386,3.748938235832282,0.8333333333333334,0.3536369546147004,3.748938235832282,0.8333333333333334,0.3536369546147004,3.748938235832282,0.8333333333333334,0.38421237314170503,3.748938235832282,0.8333333333333334,0.32192809488736235,6.532958711094332,0.8333333333333334,0.41503749927884376,7.970284082545774,0.8333333333333334,0.31366047890376186,3.5227781362108472,0.8333333333333334,1.222392421336448,4.741813775431581
0.8425925925925926,0.3536369546147004,3.748938235832282,0.8425925925925926,0.5291092659876386,3.748938235832282,0.8425925925925926,0.3536369546147004,3.748938235832282,0.8425925925925926,0.3536369546147004,3.748938235832282,0.8425925925925926,0.38421237314170503,3.748938235832282,0.8425925925925926,0.32192809488736235,6.532958711094332,0.8425925925925926,0.41503749927884376,7.970284082545774,0.8425925925925926,0.31366047890376186,3.5227781362108472,0.8425925925925926,1.222392421336448,4.741813775431581
0.8425925925925926,0.49098635251214245,3.748938235832282,0.8425925925925926,0.577308928177721,3.748938235832282,0.8425925925925926,0.49098635251214245,3.748938235832282,0.8425925925925926,0.49098635251214245,3.748938235832282,0.8425925925925926,0.49098635251214245,3.748938235832282,0.8425925925925926,0.49098635251214245,6.532958711094332,0.8425925925925926,0.4704506195974504,7.970284082545774,0.8425925925925926,0.3959286763311393,3.5227781362108472,0.8425925925925926,4.741813775431581,4.741813775431581
0.8518518518518519,0.49098635251214245,3.748938235832282,0.8518518518518519,0.577308928177721,3.748938235832282,0.8518518518518519,0.49098635251214245,3.748938235832282,0.8518518518518519,0.49098635251214245,3.748938235832282,0.8518518518518519,0.49098635251214245,3.748938235832282,0.8518518518518519,0.49098635251214245,6.532958711094332,0.8518518518518519,0.4704506195974504,7.970284082545774,0.8518518518518519,0.3959286763311393,3.5227781362108472,0.8518518518518519,4.741813775431581,4.741813775431581
0.8518518518518519,0.5184670889342494,3.748938235832282,0.8518518518518519,0.6918777046376682,3.748938235832282,0.8518518518518519,0.5184670889342494,3.748938235832282,0.8518518518518519,0.5291092659876386,3.748938235832282,0.8518518518518519,0.5291092659876386,3.748938235832282,0.8518518518518519,0.5291092659876386,6.532958711094332,0.8518518518518519,0.49098635251214245,7.970284082545774,0.8518518518518519,0.4764380439429871,3.5227781362108472,0.8518518518518519,4.741813775431581,4.741813775431581
0.8611111111111112,0.5184670889342494,3.748938235832282,0.8611111111111112,0.6918777046376682,3.748938235832282,0.8611111111111112,0.5184670889342494,3.748938235832282,0.8611111111111112,0.5291092659876386,3.748938235832282,0.8611111111111112,0.5291092659876386,3.748938235832282,0.8611111111111112,0.5291092659876386,6.532958711094332,0.8611111111111112,0.49098635251214245,7.970284082545774,0.8611111111111112,0.4764380439429871,3.5227781362108472,0.8611111111111112,4.741813775431581,4.741813775431581
0.8611111111111112,0.5291092659876386,3.748938235832282,0.8611111111111112,0.7659257736159168,3.748938235832282,0.8611111111111112,0.5291092659876386,3.748938235832282,0.8611111111111112,0.577308928177721,3.748938235832282,0.8611111111111112,0.577308928177721,3.748938235832282,0.8611111111111112,0.577308928177721,6.532958711094332,0.8611111111111112,0.8073549220576041,7.970284082545774,0.8611111111111112,0.8073549220576041,3.5227781362108472,0.8611111111111112,4.741813775431581,4.741813775431581
0.8703703703703703,0.5291092659876386,3.748938235832282,0.8703703703703703,0.7659257736159168,3.748938235832282,0.8703703703703703,0.5291092659876386,3.748938235832282,0.8703703703703703,0.577308928177721,3.748938235832282,0.8703703703703703,0.577308928177721,3.748938235832282,0.8703703703703703,0.577308928177721,6.532958711094332,0.8703703703703703,0.8073549220576041,7.970284082545774,0.8703703703703703,0.8073549220576041,3.5227781362108472,0.8703703703703703,4.741813775431581,4.741813775431581
0.8703703703703703,0.577308928177721,3.748938235832282,0.8703703703703703,0.8898170822495771,3.748938235832282,0.8703703703703703,0.577308928177721,3.748938235832282,0.8703703703703703,1.15200309344505,3.748938235832282,0.8703703703703703,3.748938235832282,3.748938235832282,0.8703703703703703,6.532958711094332,6.532958711094332,0.8703703703703703,7.970284082545774,7.970284082545774,0.8703703703703703,3.5227781362108472,3.5227781362108472,0.8703703703703703,4.741813775431581,4.741813775431581
0.8796296296296297,0.577308928177721,3.748938235832282,0.8796296296296297,0.8898170822495771,3.748938235832282,0.8796296296296297,0.577308928177721,3.748938235832282,0.8796296296296297,1.15200309344505,3.748938235832282,0.8796296296296297,3.748938235832282,3.748938235832282,0.8796296296296297,6.532958711094332,6.532958711094332,0.8796296296296297,7.970284082545774,7.970284082545774,0.8796296296296297,3.5227781362108472,3.5227781362108472,0.8796296296296297,4.741813775431581,4.741813775431581
0.8796296296296297,0.7072182507721542,3.748938235832282,0.8796296296296297,0.8956633401852644,3.748938235832282,0.8796296296296297,0.8479969065549501,3.748938235832282,0.8796296296296297,3.748938235832282,3.748938235832282,0.8796296296296297,3.748938235832282,3.748938235832282,0.8796296296296297,6.532958711094332,6.532958711094332,0.8796296296296297,7.970284082545774,7.970284082545774,0.8796296296296297,3.5227781362108472,3.5227781362108472,0.8796296296296297,4.741813775431581,4.741813775431581
0.8888888888888888,0.7072182507721542,3.748938235832282,0.8888888888888888,0.8956633401852644,3.748938235832282,0.8888888888888888,0.8479969065549501,3.748938235832282,0.8888888888888888,3.748938235832282,3.748938235832282,0.8888888888888888,3.748938235832282,3.748938235832282,0.8888888888888888,6.532958711094332,6.532958711094332,0.8888888888888888,7.970284082545774,7.970284082545774,0.8888888888888888,3.5227781362108472,3.5227781362108472,0.8888888888888888,4.741813775431581,4.741813775431581
0.8888888888888888,3.748938235832282,3.748938235832282,0.8888888888888888,3.748938235832282,3.748938235832282,0.8888888888888888,3.748938235832282,3.748938235832282,0.8888888888888888,3.748938235832282,3.748938235832282,0.8888888888888888,3.748938235832282,3.748938235832282,0.8888888888888888,6.532958711094332,6.532958711094332,0.8888888888888888,7.970284082545774,7.970284082545774,0.8888888888888888,3.5227781362108472,3.5227781362108472,0.8888888888888888,4.741813775431581,4.741813775431581
0.8981481481481481,3.748938235832282,3.748938235832282,0.8981481481481481,3.748938235832282,3.748938235832282,0.8981481481481481,3.748938235832282,3.748938235832282,0.8981481481481481,3.748938235832282,3.748938235832282,0.8981481481481481,3.748938235832282,3.748938235832282,0.8981481481481481,6.532958711094332,6.532958711094332,0.8981481481481481,7.970284082545774,7.970284082545774,0.8981481481481481,3.5227781362108472,3.5227781362108472,0.8981481481481481,4.741813775431581,4.741813775431581
0.8981481481481481,3.748938235832282,3.748938235832282,0.8981481481481481,3.748938235832282,3.748938235832282,0.8981481481481481,3.748938235832282,3.748938235832282,0.8981481481481481,3.748938235832282,3.748938235832282,0.8981481481481481,3.748938235832282,3.748938235832282,0.8981481481481481,6.532958711094332,6.532958711094332,0.8981481481481481,7.970284082545774,7.970284082545774,0.8981481481481481,3.5227781362108472,3.5227781362108472,0.8981481481481481,4.741813775431581,4.741813775431581
0.9074074074074074,3.748938235832282,3.748938235832282,0.9074074074074074,3.748938235832282,3.748938235832282,0.9074074074074074,3.748938235832282,3.748938235832282,0.9074074074074074,3.748938235832282,3.748938235832282,0.9074074074074074,3.748938235832282,3.748938235832282,0.9074074074074074,6.532958711094332,6.532958711094332,0.9074074074074074,7.970284082545774,7.970284082545774,0.9074074074074074,3.5227781362108472,3.5227781362108472,0.9074074074074074,4.741813775431581,4.741813775431581
0.9074074074074074,3.748938235832282,3.748938235832282,0.9074074074074074,3.748938235832282,3.748938235832282,0.9074074074074074,3.748938235832282,3.748938235832282,0.9074074074074074,3.748938235832282,3.748938235832282,0.9074074074074074,3.748938235832282,3.748938235832282,0.9074074074074074,6.532958711094332,6.532958711094332,0.9074074074074074,7.970284082545774,7.970284082545774,0.9074074074074074,3.5227781362108472,3.5227781362108472,0.9074074074074074,4.741813775431581,4.741813775431581
0.9166666666666666,3.748938235832282,3.748938235832282,0.9166666666666666,3.748938235832282,3.748938235832282,0.9166666666666666,3.748938235832282,3.748938235832282,0.9166666666666666,3.748938235832282,3.748938235832282,0.9166666666666666,3.748938235832282,3.748938235832282,0.9166666666666666,6.532958711094332,6.532958711094332,0.9166666666666666,7.970284082545774,7.970284082545774,0.9166666666666666,3.5227781362108472,3.5227781362108472,0.9166666666666666,4.741813775431581,4.741813775431581
0.9166666666666666,3.748938235832282,3.748938235832282,0.9166666666666666,3.748938235832282,3.748938235832282,0.9166666666666666,3.748938235832282,3.748938235832282,0.9166666666666666,3.748938235832282,3.748938235832282,0.9166666666666666,3.748938235832282,3.748938235832282,0.9166666666666666,6.532958711094332,6.532958711094332,0.9166666666666666,7.970284082545774,7.970284082545774,0.9166666666666666,3.5227781362108472,3.5227781362108472,0.9166666666666666,4.741813775431581,4.741813775431581
0.9259259259259259,3.748938235832282,3.748938235832282,0.9259259259259259,3.748938235832282,3.748938235832282,0.9259259259259259,3.748938235832282,3.748938235832282,0.9259259259259259,3.748938235832282,3.748938235832282,0.9259259259259259,3.748938235832282,3.748938235832282,0.9259259259259259,6.532958711094332,6.532958711094332,0.9259259259259259,7.970284082545774,7.970284082545774,0.9259259259259259,3.5227781362108472,3.5227781362108472,0.9259259259259259,4.741813775431581,4.741813775431581
0.9259259259259259,3.748938235832282,3.748938235832282,0.9259259259259259,3.748938235832282,3.748938235832282,0.9259259259259259,3.748938235832282,3.748938235832282,0.9259259259259259,3.748938235832282,3.748938235832282,0.9259259259259259,3.748938235832282,3.748938235832282,0.9259259259259259,6.532958711094332,6.532958711094332,0.9259259259259259,7.970284082545774,7.970284082545774,0.9259259259259259,3.5227781362108472,3.5227781362108472,0.9259259259259259,4.741813775431581,4.741813775431581
0.9351851851851851,3.748938235832282,3.748938235832282,0.9351851851851851,3.748938235832282,3.748938235832282,0.9351851851851851,3.748938235832282,3.748938235832282,0.9351851851851851,3.748938235832282,3.748938235832282,0.9351851851851851,3.748938235832282,3.748938235832282,0.9351851851851851,6.532958711094332,6.532958711094332,0.9351851851851851,7.970284082545774,7.970284082545774,0.9351851851851851,3.5227781362108472,3.5227781362108472,0.9351851851851851,4.741813775431581,4.741813775431581
0.9351851851851851,3.748938235832282,3.748938235832282,0.9351851851851851,3.748938235832282,3.748938235832282,0.9351851851851851,3.748938235832282,3.748938235832282,0.9351851851851851,3.748938235832282,3.748938235832282,0.9351851851851851,3.748938235832282,3.748938235832282,0.9351851851851851,6.532958711094332,6.532958711094332,0.9351851851851851,7.970284082545774,7.970284082545774,0.9351851851851851,3.5227781362108472,3.5227781362108472,0.9351851851851851,4.741813775431581,4.741813775431581
0.9444444444444444,3.748938235832282,3.748938235832282,0.9444444444444444,3.748938235832282,3.748938235832282,0.9444444444444444,3.748938235832282,3.748938235832282,0.9444444444444444,3.748938235832282,3.748938235832282,0.9444444444444444,3.748938235832282,3.748938235832282,0.9444444444444444,6.532958711094332,6.532958711094332,0.9444444444444444,7.970284082545774,7.970284082545774,0.9444444444444444,3.5227781362108472,3.5227781362108472,0.9444444444444444,4.741813775431581,4.741813775431581
0.9444444444444444,3.748938235832282,3.748938235832282,0.9444444444444444,3.748938235832282,3.748938235832282,0.9444444444444444,3.748938235832282,3.748938235832282,0.9444444444444444,3.748938235832282,3.748938235832282,0.9444444444444444,3.748938235832282,3.748938235832282,0.9444444444444444,6.532958711094332,6.532958711094332,0.9444444444444444,7.970284082545774,7.970284082545774,0.9444444444444444,3.5227781362108472,3.5227781362108472,0.9444444444444444,4.741813775431581,4.741813775431581
0.9537037037037037,3.748938235832282,3.748938235832282,0.9537037037037037,3.748938235832282,3.748938235832282,0.9537037037037037,3.748938235832282,3.748938235832282,0.9537037037037037,3.748938235832282,3.748938235832282,0.9537037037037037,3.748938235832282,3.748938235832282,0.9537037037037037,6.532958711094332,6.532958711094332,0.9537037037037037,7.970284082545774,7.970284082545774,0.9537037037037037,3.5227781362108472,3.5227781362108472,0.9537037037037037,4.741813775431581,4.741813775431581
0.9537037037037037,3.748938235832282,3.748938235832282,0.9537037037037037,3.748938235832282,3.748938235832282,0.9537037037037037,3.748938235832282,3.748938235832282,0.9537037037037037,3.748938235832282,3.748938235832282,0.9537037037037037,3.748938235832282,3.748938235832282,0.9537037037037037,6.532958711094332,6.532958711094332,0.9537037037037037,7.970284082545774,7.970284082545774,0.9537037037037037,3.5227781362108472,3.5227781362108472,0.9537037037037037,4.741813775431581,4.741813775431581
0.9629629629629629,3.748938235832282,3.748938235832282,0.9629629629629629,3.748938235832282,3.748938235832282,0.9629629629629629,3.748938235832282,3.748938235832282,0.9629629629629629,3.748938235832282,3.748938235832282,0.9629629629629629,3.748938235832282,3.748938235832282,0.9629629629629629,6.532958711094332,6.532958711094332,0.9629629629629629,7.970284082545774,7.970284082545774,0.9629629629629629,3.5227781362108472,3.5227781362108472,0.9629629629629629,4.741813775431581,4.741813775431581
0.9629629629629629,3.748938235832282,3.748938235832282,0.9629629629629629,3.748938235832282,3.748938235832282,0.9629629629629629,3.748938235832282,3.748938235832282,0.9629629629629629,3.748938235832282,3.748938235832282,0.9629629629629629,3.748938235832282,3.748938235832282,0.9629629629629629,6.532958711094332,6.532958711094332,0.9629629629629629,7.970284082545774,7.970284082545774,0.9629629629629629,3.5227781362108472,3.5227781362108472,0.9629629629629629,4.741813775431581,4.741813775431581
0.9722222222222222,3.748938235832282,3.748938235832282,0.9722222222222222,3.748938235832282,3.748938235832282,0.9722222222222222,3.748938235832282,3.748938235832282,0.9722222222222222,3.748938235832282,3.748938235832282,0.9722222222222222,3.748938235832282,3.748938235832282,0.9722222222222222,6.532958711094332,6.532958711094332,0.9722222222222222,7.970284082545774,7.970284082545774,0.9722222222222222,3.5227781362108472,3.5227781362108472,0.9722222222222222,4.741813775431581,4.741813775431581
0.9722222222222222,3.748938235832282,3.748938235832282,0.9722222222222222,3.748938235832282,3.748938235832282,0.9722222222222222,3.748938235832282,3.748938235832282,0.9722222222222222,3.748938235832282,3.748938235832282,0.9722222222222222,3.748938235832282,3.748938235832282,0.9722222222222222,6.532958711094332,6.532958711094332,0.9722222222222222,7.970284082545774,7.970284082545774,0.9722222222222222,3.5227781362108472,3.5227781362108472,0.9722222222222222,4.741813775431581,4.741813775431581
0.9814814814814815,3.748938235832282,3.748938235832282,0.9814814814814815,3.748938235832282,3.748938235832282,0.9814814814814815,3.748938235832282,3.748938235832282,0.9814814814814815,3.748938235832282,3.748938235832282,0.9814814814814815,3.748938235832282,3.748938235832282,0.9814814814814815,6.532958711094332,6.532958711094332,0.9814814814814815,7.970284082545774,7.970284082545774,0.9814814814814815,3.5227781362108472,3.5227781362108472,0.9814814814814815,4.741813775431581,4.741813775431581
0.9814814814814815,3.748938235832282,3.748938235832282,0.9814814814814815,3.748938235832282,3.748938235832282,0.9814814814814815,3.748938235832282,3.748938235832282,0.9814814814814815,3.748938235832282,3.748938235832282,0.9814814814814815,3.748938235832282,3.748938235832282,0.9814814814814815,6.532958711094332,6.532958711094332,0.9814814814814815,7.970284082545774,7.970284082545774,0.9814814814814815,3.5227781362108472,3.5227781362108472,0.9814814814814815,4.741813775431581,4.741813775431581
0.9907407407407407,3.748938235832282,3.748938235832282,0.9907407407407407,3.748938235832282,3.748938235832282,0.9907407407407407,3.748938235832282,3.748938235832282,0.9907407407407407,3.748938235832282,3.748938235832282,0.9907407407407407,3.748938235832282,3.748938235832282,0.9907407407407407,6.532958711094332,6.532958711094332,0.9907407407407407,7.970284082545774,7.970284082545774,0.9907407407407407,3.5227781362108472,3.5227781362108472,0.9907407407407407,4.741813775431581,4.741813775431581
0.9907407407407407,3.748938235832282,3.748938235832282,0.9907407407407407,3.748938235832282,3.748938235832282,0.9907407407407407,3.748938235832282,3.748938235832282,0.9907407407407407,3.748938235832282,3.748938235832282,0.9907407407407407,3.748938235832282,3.748938235832282,0.9907407407407407,6.532958711094332,6.532958711094332,0.9907407407407407,7.970284082545774,7.970284082545774,0.9907407407407407,3.5227781362108472,3.5227781362108472,0.9907407407407407,4.741813775431581,4.741813775431581
1.0,3.748938235832282,3.748938235832282,1.0,3.748938235832282,3.748938235832282,1.0,3.748938235832282,3.748938235832282,1.0,3.748938235832282,3.748938235832282,1.0,3.748938235832282,3.748938235832282,1.0,6.532958711094332,6.532958711094332,1.0,7.970284082545774,7.970284082545774,1.0,3.5227781362108472,3.5227781362108472,1.0,4.741813775431581,4.741813775431581
1.0,3.748938235832282,3.748938235832282,1.0,3.748938235832282,3.748938235832282,1.0,3.748938235832282,3.748938235832282,1.0,3.748938235832282,3.748938235832282,1.0,3.748938235832282,3.748938235832282,1.0,6.532958711094332,6.532958711094332,1.0,7.970284082545774,7.970284082545774,1.0,3.5227781362108472,3.5227781362108472,1.0,4.741813775431581,4.741813775431581
