y1,x1_COBYQA,x1_Modified-COBYQA,y2,x2_COBYQA,x2_Modified-COBYQA,y3,x3_COBYQA,x3_Modified-COBYQA,y4,x4_COBYQA,x4_Modified-COBYQA,y5,x5_COBYQA,x5_Modified-COBYQA,y6,x6_COBYQA,x6_Modified-COBYQA,y7,x7_COBYQA,x7_Modified-COBYQA,y8,x8_COBYQA,x8_Modified-COBYQA,y9,x9_COBYQA,x9_Modified-COBYQA
0.0,0.0,0.0,0.0,0.0,0.0,0.0,0.0,0.0,0.0,0.0,0.0,0.0,0.0,0.0,0.0,0.0,0.0,0.0,0.0,0.0,0.0,0.0,0.0,0.0,0.0,0.0
0.0,0.375,0.375,0.0,0.375,0.375,0.0,0.375,0.375,0.0,0.375,0.375,0.0,0.375,0.375,0.0,0.375,0.375,0.0,0.375,0.375,0.0,0.375,0.375,0.0,0.375,0.375
0.008547008547008548,0.375,0.375,0.008547008547008548,0.375,0.375,0.008547008547008548,0.375,0.375,0.008547008547008548,0.375,0.375,0.008547008547008548,0.375,0.375,0.008547008547008548,0.375,0.375,0.008547008547008548,0.375,0.375,0.008547008547008548,0.375,0.375,0.008547008547008548,0.375,0.375
0.008547008547008548,0.6666666666666666,0.6666666666666666,0.008547008547008548,0.6666666666666666,0.6666666666666666,0.008547008547008548,0.6666666666666666,0.6666666666666666,0.008547008547008548,0.6666666666666666,0.6666666666666666,0.008547008547008548,1.0,1.0,0.008547008547008548,1.0,1.0,0.008547008547008548,1.0,1.0,0.008547008547008548,1.0,1.0,0.008547008547008548,1.0,1.0
0.017094017094017096,0.6666666666666666,0.6666666666666666,0.017094017094017096,0.6666666666666666,0.6666666666666666,0.017094017094017096,0.6666666666666666,0.6666666666666666,0.017094017094017096,0.6666666666666666,0.6666666666666666,0.017094017094017096,1.0,1.0,0.017094017094017096,1.0,1.0,0.017094017094017096,1.0,1.0,0.017094017094017096,1.0,1.0,0.017094017094017096,1.0,1.0
0.017094017094017096,0.6666666666666666,0.6666666666666666,0.017094017094017096,1.0,1.0,0.017094017094017096,1.0,1.0,0.017094017094017096,1.0,1.0,0.017094017094017096,1.0,1.0,0.017094017094017096,1.0,1.0,0.017094017094017096,1.75,1.75,0.017094017094017096,1.75,1.75,0.017094017094017096,1.75,1.75
0.025641025641025644,0.6666666666666666,0.6666666666666666,0.025641025641025644,1.0,1.0,0.025641025641025644,1.0,1.0,0.025641025641025644,1.0,1.0,0.025641025641025644,1.0,1.0,0.025641025641025644,1.0,1.0,0.025641025641025644,1.75,1.75,0.025641025641025644,1.75,1.75,0.025641025641025644,1.75,1.75
0.025641025641025644,0.8,0.8,0.025641025641025644,1.0,1.0,0.025641025641025644,1.0,1.0,0.025641025641025644,1.0,1.0,0.025641025641025644,1.4,1.4,0.025641025641025644,1.75,1.75,0.025641025641025644,1.75,1.75,0.025641025641025644,1.75,1.75,0.025641025641025644,1.75,1.75
0.03418803418803419,0.8,0.8,0.03418803418803419,1.0,1.0,0.03418803418803419,1.0,1.0,0.03418803418803419,1.0,1.0,0.03418803418803419,1.4,1.4,0.03418803418803419,1.75,1.75,0.03418803418803419,1.75,1.75,0.03418803418803419,1.75,1.75,0.03418803418803419,1.75,1.75
0.03418803418803419,1.0,1.0,0.03418803418803419,1.0,1.0,0.03418803418803419,1.0,1.0,0.03418803418803419,1.0,1.0,0.03418803418803419,1.75,1.75,0.03418803418803419,1.75,1.75,0.03418803418803419,2.0,2.25,0.03418803418803419,2.0,2.25,0.03418803418803419,2.0,2.25
0.042735042735042736,1.0,1.0,0.042735042735042736,1.0,1.0,0.042735042735042736,1.0,1.0,0.042735042735042736,1.0,1.0,0.042735042735042736,1.75,1.75,0.042735042735042736,1.75,1.75,0.042735042735042736,2.0,2.25,0.042735042735042736,2.0,2.25,0.042735042735042736,2.0,2.25
0.042735042735042736,1.0,1.0,0.042735042735042736,1.0,1.0,0.042735042735042736,1.4,1.4,0.042735042735042736,1.4,1.4,0.042735042735042736,1.75,1.75,0.042735042735042736,2.0,2.0,0.042735042735042736,2.142857142857143,2.25,0.042735042735042736,2.142857142857143,2.25,0.042735042735042736,2.142857142857143,2.25
0.05128205128205128,1.0,1.0,0.05128205128205128,1.0,1.0,0.05128205128205128,1.4,1.4,0.05128205128205128,1.4,1.4,0.05128205128205128,1.75,1.75,0.05128205128205128,2.0,2.0,0.05128205128205128,2.142857142857143,2.25,0.05128205128205128,2.142857142857143,2.25,0.05128205128205128,2.142857142857143,2.25
0.05128205128205128,1.0,1.0,0.05128205128205128,1.4,1.4,0.05128205128205128,1.6666666666666667,1.6666666666666667,0.05128205128205128,1.6666666666666667,1.6666666666666667,0.05128205128205128,2.0,2.0,0.05128205128205128,2.142857142857143,2.25,0.05128205128205128,2.25,2.3333333333333335,0.05128205128205128,2.25,2.3333333333333335,0.05128205128205128,2.25,2.3333333333333335
0.05982905982905984,1.0,1.0,0.05982905982905984,1.4,1.4,0.05982905982905984,1.6666666666666667,1.6666666666666667,0.05982905982905984,1.6666666666666667,1.6666666666666667,0.05982905982905984,2.0,2.0,0.05982905982905984,2.142857142857143,2.25,0.05982905982905984,2.25,2.3333333333333335,0.05982905982905984,2.25,2.3333333333333335,0.05982905982905984,2.25,2.3333333333333335
0.05982905982905984,1.0,1.0,0.05982905982905984,1.4,1.4,0.05982905982905984,1.6666666666666667,1.6666666666666667,0.05982905982905984,1.75,1.75,0.05982905982905984,2.0,2.142857142857143,0.05982905982905984,2.25,2.25,0.05982905982905984,2.25,2.5,0.05982905982905984,2.25,2.5,0.05982905982905984,2.25,2.5
0.06837606837606838,1.0,1.0,0.06837606837606838,1.4,1.4,0.06837606837606838,1.6666666666666667,1.6666666666666667,0.06837606837606838,1.75,1.75,0.06837606837606838,2.0,2.142857142857143,0.06837606837606838,2.25,2.25,0.06837606837606838,2.25,2.5,0.06837606837606838,2.25,2.5,0.06837606837606838,2.25,2.5
0.06837606837606838,1.4,1.4,0.06837606837606838,1.6666666666666667,1.6666666666666667,0.06837606837606838,1.75,1.75,0.06837606837606838,1.75,1.75,0.06837606837606838,2.142857142857143,2.25,0.06837606837606838,2.25,2.3333333333333335,0.06837606837606838,2.5,2.7254901960784315,0.06837606837606838,2.5,2.7254901960784315,0.06837606837606838,2.5,2.7254901960784315
0.07692307692307693,1.4,1.4,0.07692307692307693,1.6666666666666667,1.6666666666666667,0.07692307692307693,1.75,1.75,0.07692307692307693,1.75,1.75,0.07692307692307693,2.142857142857143,2.25,0.07692307692307693,2.25,2.3333333333333335,0.07692307692307693,2.5,2.7254901960784315,0.07692307692307693,2.5,2.7254901960784315,0.07692307692307693,2.5,2.7254901960784315
0.07692307692307693,1.4,1.4,0.07692307692307693,1.75,1.75,0.07692307692307693,1.75,1.75,0.07692307692307693,2.0,2.0,0.07692307692307693,2.142857142857143,2.25,0.07692307692307693,2.5,2.5,0.07692307692307693,2.6666666666666665,3.05,0.07692307692307693,2.6666666666666665,3.05,0.07692307692307693,2.6666666666666665,3.05
0.08547008547008547,1.4,1.4,0.08547008547008547,1.75,1.75,0.08547008547008547,1.75,1.75,0.08547008547008547,2.0,2.0,0.08547008547008547,2.142857142857143,2.25,0.08547008547008547,2.5,2.5,0.08547008547008547,2.6666666666666665,3.05,0.08547008547008547,2.6666666666666665,3.05,0.08547008547008547,2.6666666666666665,3.05
0.08547008547008547,1.6666666666666667,1.6666666666666667,0.08547008547008547,1.75,1.75,0.08547008547008547,2.0,2.0,0.08547008547008547,2.142857142857143,2.142857142857143,0.08547008547008547,2.25,2.3333333333333335,0.08547008547008547,2.6666666666666665,2.7,0.08547008547008547,2.7254901960784315,3.6666666666666665,0.08547008547008547,2.7254901960784315,3.6666666666666665,0.08547008547008547,2.7254901960784315,3.6666666666666665
0.09401709401709402,1.6666666666666667,1.6666666666666667,0.09401709401709402,1.75,1.75,0.09401709401709402,2.0,2.0,0.09401709401709402,2.142857142857143,2.142857142857143,0.09401709401709402,2.25,2.3333333333333335,0.09401709401709402,2.6666666666666665,2.7,0.09401709401709402,2.7254901960784315,3.6666666666666665,0.09401709401709402,2.7254901960784315,3.6666666666666665,0.09401709401709402,2.7254901960784315,3.6666666666666665
0.09401709401709402,1.75,1.75,0.09401709401709402,2.0,2.0,0.09401709401709402,2.142857142857143,2.142857142857143,0.09401709401709402,2.142857142857143,2.25,0.09401709401709402,2.25,2.5,0.09401709401709402,2.7,2.7254901960784315,0.09401709401709402,3.0,3.6666666666666665,0.09401709401709402,3.0,3.6666666666666665,0.09401709401709402,3.0,3.6666666666666665
0.10256410256410257,1.75,1.75,0.10256410256410257,2.0,2.0,0.10256410256410257,2.142857142857143,2.142857142857143,0.10256410256410257,2.142857142857143,2.25,0.10256410256410257,2.25,2.5,0.10256410256410257,2.7,2.7254901960784315,0.10256410256410257,3.0,3.6666666666666665,0.10256410256410257,3.0,3.6666666666666665,0.10256410256410257,3.0,3.6666666666666665
0.10256410256410257,1.75,1.75,0.10256410256410257,2.142857142857143,2.142857142857143,0.10256410256410257,2.142857142857143,2.25,0.10256410256410257,2.25,2.25,0.10256410256410257,2.5,2.7,0.10256410256410257,2.7254901960784315,3.6666666666666665,0.10256410256410257,3.05,4.666666666666667,0.10256410256410257,3.05,4.666666666666667,0.10256410256410257,3.05,4.666666666666667
0.11111111111111112,1.75,1.75,0.11111111111111112,2.142857142857143,2.142857142857143,0.11111111111111112,2.142857142857143,2.25,0.11111111111111112,2.25,2.25,0.11111111111111112,2.5,2.7,0.11111111111111112,2.7254901960784315,3.6666666666666665,0.11111111111111112,3.05,4.666666666666667,0.11111111111111112,3.05,4.666666666666667,0.11111111111111112,3.05,4.666666666666667
0.11111111111111112,2.0,2.0,0.11111111111111112,2.142857142857143,2.25,0.11111111111111112,2.2222222222222223,2.25,0.11111111111111112,2.25,2.3333333333333335,0.11111111111111112,2.6666666666666665,2.7254901960784315,0.11111111111111112,3.0,3.6666666666666665,0.11111111111111112,3.125,6.0,0.11111111111111112,3.125,7.0,0.11111111111111112,3.125,7.5
0.11965811965811966,2.0,2.0,0.11965811965811966,2.142857142857143,2.25,0.11965811965811966,2.2222222222222223,2.25,0.11965811965811966,2.25,2.3333333333333335,0.11965811965811966,2.6666666666666665,2.7254901960784315,0.11965811965811966,3.0,3.6666666666666665,0.11965811965811966,3.125,6.0,0.11965811965811966,3.125,7.0,0.11965811965811966,3.125,7.5
0.11965811965811966,2.0,2.0,0.11965811965811966,2.142857142857143,2.25,0.11965811965811966,2.25,2.3333333333333335,0.11965811965811966,2.5,2.5,0.11965811965811966,2.7,3.0,0.11965811965811966,3.0,4.666666666666667,0.11965811965811966,3.25,6.166666666666667,0.11965811965811966,3.25,7.333333333333333,0.11965811965811966,3.25,8.333333333333334
0.12820512820512822,2.0,2.0,0.12820512820512822,2.142857142857143,2.25,0.12820512820512822,2.25,2.3333333333333335,0.12820512820512822,2.5,2.5,0.12820512820512822,2.7,3.0,0.12820512820512822,3.0,4.666666666666667,0.12820512820512822,3.25,6.166666666666667,0.12820512820512822,3.25,7.333333333333333,0.12820512820512822,3.25,8.333333333333334
0.12820512820512822,2.0,2.0,0.12820512820512822,2.2222222222222223,2.3333333333333335,0.12820512820512822,2.25,2.5,0.12820512820512822,2.6666666666666665,2.7,0.12820512820512822,2.7254901960784315,3.6666666666666665,0.12820512820512822,3.125,5.0,0.12820512820512822,3.4,7.0,0.12820512820512822,3.4,7.5,0.12820512820512822,3.4,8.75
0.13675213675213677,2.0,2.0,0.13675213675213677,2.2222222222222223,2.3333333333333335,0.13675213675213677,2.25,2.5,0.13675213675213677,2.6666666666666665,2.7,0.13675213675213677,2.7254901960784315,3.6666666666666665,0.13675213675213677,3.125,5.0,0.13675213675213677,3.4,7.0,0.13675213675213677,3.4,7.5,0.13675213675213677,3.4,8.75
0.13675213675213677,2.0,2.0,0.13675213675213677,2.25,2.3333333333333335,0.13675213675213677,2.5,2.7,0.13675213675213677,2.6666666666666665,2.7254901960784315,0.13675213675213677,3.0,3.6666666666666665,0.13675213675213677,3.142857142857143,5.333333333333333,0.13675213675213677,3.4285714285714284,7.5,0.13675213675213677,3.4285714285714284,8.0,0.13675213675213677,3.6666666666666665,8.75
0.1452991452991453,2.0,2.0,0.1452991452991453,2.25,2.3333333333333335,0.1452991452991453,2.5,2.7,0.1452991452991453,2.6666666666666665,2.7254901960784315,0.1452991452991453,3.0,3.6666666666666665,0.1452991452991453,3.142857142857143,5.333333333333333,0.1452991452991453,3.4285714285714284,7.5,0.1452991452991453,3.4285714285714284,8.0,0.1452991452991453,3.6666666666666665,8.75
0.1452991452991453,2.125,2.0,0.1452991452991453,2.25,2.3333333333333335,0.1452991452991453,2.6666666666666665,2.7254901960784315,0.1452991452991453,2.6666666666666665,3.0,0.1452991452991453,3.0,4.666666666666667,0.1452991452991453,3.25,6.0,0.1452991452991453,3.6666666666666665,7.545454545454546,0.1452991452991453,3.6666666666666665,8.454545454545455,0.1452991452991453,3.6666666666666665,8.909090909090908
0.15384615384615385,2.125,2.0,0.15384615384615385,2.25,2.3333333333333335,0.15384615384615385,2.6666666666666665,2.7254901960784315,0.15384615384615385,2.6666666666666665,3.0,0.15384615384615385,3.0,4.666666666666667,0.15384615384615385,3.25,6.0,0.15384615384615385,3.6666666666666665,7.545454545454546,0.15384615384615385,3.6666666666666665,8.454545454545455,0.15384615384615385,3.6666666666666665,8.909090909090908
0.15384615384615385,2.125,2.125,0.15384615384615385,2.3333333333333335,2.5,0.15384615384615385,2.6666666666666665,3.0,0.15384615384615385,2.7,3.3333333333333335,0.15384615384615385,3.125,4.666666666666667,0.15384615384615385,3.4,6.0,0.15384615384615385,3.6666666666666665,7.666666666666667,0.15384615384615385,3.6666666666666665,8.5,0.15384615384615385,3.8,9.0
0.1623931623931624,2.125,2.125,0.1623931623931624,2.3333333333333335,2.5,0.1623931623931624,2.6666666666666665,3.0,0.1623931623931624,2.7,3.3333333333333335,0.1623931623931624,3.125,4.666666666666667,0.1623931623931624,3.4,6.0,0.1623931623931624,3.6666666666666665,7.666666666666667,0.1623931623931624,3.6666666666666665,8.5,0.1623931623931624,3.8,9.0
0.1623931623931624,2.142857142857143,2.125,0.1623931623931624,2.3333333333333335,2.5,0.1623931623931624,2.6666666666666665,3.0,0.1623931623931624,2.7254901960784315,3.6666666666666665,0.1623931623931624,3.25,4.666666666666667,0.1623931623931624,3.6666666666666665,6.0,0.1623931623931624,3.8,7.75,0.1623931623931624,3.8,8.75,0.1623931623931624,4.2,9.333333333333334
0.17094017094017094,2.142857142857143,2.125,0.17094017094017094,2.3333333333333335,2.5,0.17094017094017094,2.6666666666666665,3.0,0.17094017094017094,2.7254901960784315,3.6666666666666665,0.17094017094017094,3.25,4.666666666666667,0.17094017094017094,3.6666666666666665,6.0,0.17094017094017094,3.8,7.75,0.17094017094017094,3.8,8.75,0.17094017094017094,4.2,9.333333333333334
0.17094017094017094,2.142857142857143,2.142857142857143,0.17094017094017094,2.4,2.6666666666666665,0.17094017094017094,2.7,3.0,0.17094017094017094,3.0,3.6666666666666665,0.17094017094017094,3.4,4.666666666666667,0.17094017094017094,3.6666666666666665,6.166666666666667,0.17094017094017094,4.2,7.75,0.17094017094017094,4.2,8.75,0.17094017094017094,4.2,10.0
0.1794871794871795,2.142857142857143,2.142857142857143,0.1794871794871795,2.4,2.6666666666666665,0.1794871794871795,2.7,3.0,0.1794871794871795,3.0,3.6666666666666665,0.1794871794871795,3.4,4.666666666666667,0.1794871794871795,3.6666666666666665,6.166666666666667,0.1794871794871795,4.2,7.75,0.1794871794871795,4.2,8.75,0.1794871794871795,4.2,10.0
0.1794871794871795,2.142857142857143,2.1666666666666665,0.1794871794871795,2.5,2.6666666666666665,0.1794871794871795,2.7254901960784315,3.3333333333333335,0.1794871794871795,3.0,4.166666666666667,0.1794871794871795,3.5555555555555554,4.666666666666667,0.1794871794871795,3.8,6.25,0.1794871794871795,4.2,8.0,0.1794871794871795,4.2,9.0,0.1794871794871795,4.2,10.666666666666666
0.18803418803418806,2.142857142857143,2.1666666666666665,0.18803418803418806,2.5,2.6666666666666665,0.18803418803418806,2.7254901960784315,3.3333333333333335,0.18803418803418806,3.0,4.166666666666667,0.18803418803418806,3.5555555555555554,4.666666666666667,0.18803418803418806,3.8,6.25,0.18803418803418806,4.2,8.0,0.18803418803418806,4.2,9.0,0.18803418803418806,4.2,10.666666666666666
0.18803418803418806,2.1666666666666665,2.3191489361702127,0.18803418803418806,2.5,2.7254901960784315,0.18803418803418806,3.0,3.6666666666666665,0.18803418803418806,3.125,4.333333333333333,0.18803418803418806,3.6666666666666665,5.0,0.18803418803418806,4.0,6.25,0.18803418803418806,4.2,8.5,0.18803418803418806,4.2,9.4,0.18803418803418806,4.571428571428571,10.75
0.1965811965811966,2.1666666666666665,2.3191489361702127,0.1965811965811966,2.5,2.7254901960784315,0.1965811965811966,3.0,3.6666666666666665,0.1965811965811966,3.125,4.333333333333333,0.1965811965811966,3.6666666666666665,5.0,0.1965811965811966,4.0,6.25,0.1965811965811966,4.2,8.5,0.1965811965811966,4.2,9.4,0.1965811965811966,4.571428571428571,10.75
0.1965811965811966,2.2,2.3333333333333335,0.1965811965811966,2.6666666666666665,3.0,0.1965811965811966,3.0,4.076923076923077,0.1965811965811966,3.25,4.666666666666667,0.1965811965811966,3.6666666666666665,5.0,0.1965811965811966,4.111111111111111,6.4,0.1965811965811966,4.333333333333333,8.666666666666666,0.1965811965811966,4.666666666666667,10.666666666666666,0.1965811965811966,4.666666666666667,11.0
0.20512820512820515,2.2,2.3333333333333335,0.20512820512820515,2.6666666666666665,3.0,0.20512820512820515,3.0,4.076923076923077,0.20512820512820515,3.25,4.666666666666667,0.20512820512820515,3.6666666666666665,5.0,0.20512820512820515,4.111111111111111,6.4,0.20512820512820515,4.333333333333333,8.666666666666666,0.20512820512820515,4.666666666666667,10.666666666666666,0.20512820512820515,4.666666666666667,11.0
0.20512820512820515,2.2,2.3333333333333335,0.20512820512820515,2.6666666666666665,3.0,0.20512820512820515,3.0,4.166666666666667,0.20512820512820515,3.3333333333333335,4.666666666666667,0.20512820512820515,3.8,5.0,0.20512820512820515,4.2,7.363636363636363,0.20512820512820515,4.666666666666667,8.75,0.20512820512820515,5.666666666666667,10.75,0.20512820512820515,5.666666666666667,11.4
0.2136752136752137,2.2,2.3333333333333335,0.2136752136752137,2.6666666666666665,3.0,0.2136752136752137,3.0,4.166666666666667,0.2136752136752137,3.3333333333333335,4.666666666666667,0.2136752136752137,3.8,5.0,0.2136752136752137,4.2,7.363636363636363,0.2136752136752137,4.666666666666667,8.75,0.2136752136752137,5.666666666666667,10.75,0.2136752136752137,5.666666666666667,11.4
0.2136752136752137,2.2222222222222223,2.3333333333333335,0.2136752136752137,2.6666666666666665,3.051282051282051,0.2136752136752137,3.0,4.333333333333333,0.2136752136752137,3.3333333333333335,4.666666666666667,0.2136752136752137,4.0,5.909090909090909,0.2136752136752137,4.2,7.5,0.2136752136752137,5.333333333333333,9.0,0.2136752136752137,5.777777777777778,11.0,0.2136752136752137,6.0,11.666666666666666
0.22222222222222224,2.2222222222222223,2.3333333333333335,0.22222222222222224,2.6666666666666665,3.051282051282051,0.22222222222222224,3.0,4.333333333333333,0.22222222222222224,3.3333333333333335,4.666666666666667,0.22222222222222224,4.0,5.909090909090909,0.22222222222222224,4.2,7.5,0.22222222222222224,5.333333333333333,9.0,0.22222222222222224,5.777777777777778,11.0,0.22222222222222224,6.0,11.666666666666666
0.22222222222222224,2.2222222222222223,2.3333333333333335,0.22222222222222224,2.6666666666666665,3.3333333333333335,0.22222222222222224,3.0,4.666666666666667,0.22222222222222224,3.4,4.666666666666667,0.22222222222222224,4.111111111111111,6.0,0.22222222222222224,4.2,7.5,0.22222222222222224,5.333333333333333,9.4,0.22222222222222224,6.0,11.666666666666666,0.22222222222222224,6.333333333333333,11.666666666666666
0.23076923076923078,2.2222222222222223,2.3333333333333335,0.23076923076923078,2.6666666666666665,3.3333333333333335,0.23076923076923078,3.0,4.666666666666667,0.23076923076923078,3.4,4.666666666666667,0.23076923076923078,4.111111111111111,6.0,0.23076923076923078,4.2,7.5,0.23076923076923078,5.333333333333333,9.4,0.23076923076923078,6.0,11.666666666666666,0.23076923076923078,6.333333333333333,11.666666666666666
0.23076923076923078,2.25,2.3333333333333335,0.23076923076923078,2.7254901960784315,3.8974358974358974,0.23076923076923078,3.25,4.666666666666667,0.23076923076923078,3.4444444444444446,4.666666666666667,0.23076923076923078,4.2,6.0,0.23076923076923078,4.666666666666667,8.0,0.23076923076923078,5.555555555555555,10.666666666666666,0.23076923076923078,6.333333333333333,11.666666666666666,0.23076923076923078,6.555555555555555,11.75
0.23931623931623933,2.25,2.3333333333333335,0.23931623931623933,2.7254901960784315,3.8974358974358974,0.23931623931623933,3.25,4.666666666666667,0.23931623931623933,3.4444444444444446,4.666666666666667,0.23931623931623933,4.2,6.0,0.23931623931623933,4.666666666666667,8.0,0.23931623931623933,5.555555555555555,10.666666666666666,0.23931623931623933,6.333333333333333,11.666666666666666,0.23931623931623933,6.555555555555555,11.75
0.23931623931623933,2.3191489361702127,2.45,0.23931623931623933,2.7777777777777777,4.0,0.23931623931623933,3.3333333333333335,4.666666666666667,0.23931623931623933,3.6666666666666665,4.666666666666667,0.23931623931623933,4.2,6.25,0.23931623931623933,4.666666666666667,8.5,0.23931623931623933,5.666666666666667,10.75,0.23931623931623933,7.0,11.75,0.23931623931623933,7.0,13.5
0.2478632478632479,2.3191489361702127,2.45,0.2478632478632479,2.7777777777777777,4.0,0.2478632478632479,3.3333333333333335,4.666666666666667,0.2478632478632479,3.6666666666666665,4.666666666666667,0.2478632478632479,4.2,6.25,0.2478632478632479,4.666666666666667,8.5,0.2478632478632479,5.666666666666667,10.75,0.2478632478632479,7.0,11.75,0.2478632478632479,7.0,13.5
0.2478632478632479,2.3333333333333335,2.5,0.2478632478632479,2.8,4.0,0.2478632478632479,3.3333333333333335,4.666666666666667,0.2478632478632479,3.6666666666666665,5.5,0.2478632478632479,4.2,6.25,0.2478632478632479,5.0,9.333333333333334,0.2478632478632479,6.166666666666667,11.0,0.2478632478632479,7.0,11.75,0.2478632478632479,7.5,14.2
0.25641025641025644,2.3333333333333335,2.5,0.25641025641025644,2.8,4.0,0.25641025641025644,3.3333333333333335,4.666666666666667,0.25641025641025644,3.6666666666666665,5.5,0.25641025641025644,4.2,6.25,0.25641025641025644,5.0,9.333333333333334,0.25641025641025644,6.166666666666667,11.0,0.25641025641025644,7.0,11.75,0.25641025641025644,7.5,14.2
0.25641025641025644,2.3333333333333335,2.5454545454545454,0.25641025641025644,2.8125,4.333333333333333,0.25641025641025644,3.4,4.666666666666667,0.25641025641025644,3.6666666666666665,5.5,0.25641025641025644,4.25,6.25,0.25641025641025644,5.0,9.75,0.25641025641025644,6.333333333333333,11.666666666666666,0.25641025641025644,7.0,14.2,0.25641025641025644,7.666666666666667,17.375
0.264957264957265,2.3333333333333335,2.5454545454545454,0.264957264957265,2.8125,4.333333333333333,0.264957264957265,3.4,4.666666666666667,0.264957264957265,3.6666666666666665,5.5,0.264957264957265,4.25,6.25,0.264957264957265,5.0,9.75,0.264957264957265,6.333333333333333,11.666666666666666,0.264957264957265,7.0,14.2,0.264957264957265,7.666666666666667,17.375
0.264957264957265,2.3333333333333335,2.5714285714285716,0.264957264957265,3.0,4.363636363636363,0.264957264957265,3.4444444444444446,4.8,0.264957264957265,3.8,5.6,0.264957264957265,4.333333333333333,6.4,0.264957264957265,5.333333333333333,10.75,0.264957264957265,7.0,11.666666666666666,0.264957264957265,7.333333333333333,16.0,0.264957264957265,7.666666666666667,18.666666666666668
0.27350427350427353,2.3333333333333335,2.5714285714285716,0.27350427350427353,3.0,4.363636363636363,0.27350427350427353,3.4444444444444446,4.8,0.27350427350427353,3.8,5.6,0.27350427350427353,4.333333333333333,6.4,0.27350427350427353,5.333333333333333,10.75,0.27350427350427353,7.0,11.666666666666666,0.27350427350427353,7.333333333333333,16.0,0.27350427350427353,7.666666666666667,18.666666666666668
0.27350427350427353,2.3333333333333335,2.7254901960784315,0.27350427350427353,3.0,4.4,0.27350427350427353,3.6,5.0,0.27350427350427353,4.0,5.7272727272727275,0.27350427350427353,4.333333333333333,7.333333333333333,0.27350427350427353,5.333333333333333,11.0,0.27350427350427353,7.0,11.75,0.27350427350427353,7.4,18.666666666666668,0.27350427350427353,7.75,21.0
0.2820512820512821,2.3333333333333335,2.7254901960784315,0.2820512820512821,3.0,4.4,0.2820512820512821,3.6,5.0,0.2820512820512821,4.0,5.7272727272727275,0.2820512820512821,4.333333333333333,7.333333333333333,0.2820512820512821,5.333333333333333,11.0,0.2820512820512821,7.0,11.75,0.2820512820512821,7.4,18.666666666666668,0.2820512820512821,7.75,21.0
0.2820512820512821,2.3333333333333335,3.0,0.2820512820512821,3.0,4.666666666666667,0.2820512820512821,3.6666666666666665,5.0,0.2820512820512821,4.111111111111111,5.75,0.2820512820512821,4.666666666666667,7.5,0.2820512820512821,5.666666666666667,11.666666666666666,0.2820512820512821,7.4,14.2,0.2820512820512821,7.5,20.0,0.2820512820512821,7.75,22.0
0.2905982905982907,2.3333333333333335,3.0,0.2905982905982907,3.0,4.666666666666667,0.2905982905982907,3.6666666666666665,5.0,0.2905982905982907,4.111111111111111,5.75,0.2905982905982907,4.666666666666667,7.5,0.2905982905982907,5.666666666666667,11.666666666666666,0.2905982905982907,7.4,14.2,0.2905982905982907,7.5,20.0,0.2905982905982907,7.75,22.0
0.2905982905982907,2.4,3.0,0.2905982905982907,3.0,4.666666666666667,0.2905982905982907,3.8,5.363636363636363,0.2905982905982907,4.166666666666667,6.0,0.2905982905982907,4.666666666666667,8.0,0.2905982905982907,5.75,14.25,0.2905982905982907,7.5,14.375,0.2905982905982907,7.5,22.0,0.2905982905982907,8.0,28.875
0.2991452991452992,2.4,3.0,0.2991452991452992,3.0,4.666666666666667,0.2991452991452992,3.8,5.363636363636363,0.2991452991452992,4.166666666666667,6.0,0.2991452991452992,4.666666666666667,8.0,0.2991452991452992,5.75,14.25,0.2991452991452992,7.5,14.375,0.2991452991452992,7.5,22.0,0.2991452991452992,8.0,28.875
0.2991452991452992,2.45,3.051282051282051,0.2991452991452992,3.25,4.666666666666667,0.2991452991452992,3.8,5.5,0.2991452991452992,4.2,6.4,0.2991452991452992,4.666666666666667,8.8,0.2991452991452992,6.166666666666667,15.833333333333334,0.2991452991452992,7.5,16.833333333333332,0.2991452991452992,7.666666666666667,28.875,0.2991452991452992,8.0,39.45454545454545
0.30769230769230776,2.45,3.051282051282051,0.30769230769230776,3.25,4.666666666666667,0.30769230769230776,3.8,5.5,0.30769230769230776,4.2,6.4,0.30769230769230776,4.666666666666667,8.8,0.30769230769230776,6.166666666666667,15.833333333333334,0.30769230769230776,7.5,16.833333333333332,0.30769230769230776,7.666666666666667,28.875,0.30769230769230776,8.0,39.45454545454545
0.30769230769230776,2.5,3.3333333333333335,0.30769230769230776,3.3333333333333335,4.666666666666667,0.30769230769230776,3.8,5.6,0.30769230769230776,4.2,7.333333333333333,0.30769230769230776,4.833333333333333,9.5,0.30769230769230776,6.25,18.666666666666668,0.30769230769230776,7.545454545454546,18.666666666666668,0.30769230769230776,7.666666666666667,37.54545454545455,0.30769230769230776,8.25,66.25
0.3162393162393163,2.5,3.3333333333333335,0.3162393162393163,3.3333333333333335,4.666666666666667,0.3162393162393163,3.8,5.6,0.3162393162393163,4.2,7.333333333333333,0.3162393162393163,4.833333333333333,9.5,0.3162393162393163,6.25,18.666666666666668,0.3162393162393163,7.545454545454546,18.666666666666668,0.3162393162393163,7.666666666666667,37.54545454545455,0.3162393162393163,8.25,66.25
0.3162393162393163,2.5625,3.3636363636363638,0.3162393162393163,3.3333333333333335,4.666666666666667,0.3162393162393163,4.0,6.0,0.3162393162393163,4.2,7.5,0.3162393162393163,5.0,9.75,0.3162393162393163,6.25,22.0,0.3162393162393163,7.666666666666667,22.0,0.3162393162393163,7.75,66.25,0.3162393162393163,8.333333333333334,85.85714285714286
0.32478632478632485,2.5625,3.3636363636363638,0.32478632478632485,3.3333333333333335,4.666666666666667,0.32478632478632485,4.0,6.0,0.32478632478632485,4.2,7.5,0.32478632478632485,5.0,9.75,0.32478632478632485,6.25,22.0,0.32478632478632485,7.666666666666667,22.0,0.32478632478632485,7.75,66.25,0.32478632478632485,8.333333333333334,85.85714285714286
0.32478632478632485,2.6,3.5,0.32478632478632485,3.3333333333333335,5.0,0.32478632478632485,4.0,6.25,0.32478632478632485,4.25,8.8,0.32478632478632485,5.0,10.2,0.32478632478632485,6.333333333333333,24.727272727272727,0.32478632478632485,7.666666666666667,26.181818181818183,0.32478632478632485,7.75,85.85714285714286,0.32478632478632485,8.333333333333334,92.28571428571429
0.33333333333333337,2.6,3.5,0.33333333333333337,3.3333333333333335,5.0,0.33333333333333337,4.0,6.25,0.33333333333333337,4.25,8.8,0.33333333333333337,5.0,10.2,0.33333333333333337,6.333333333333333,24.727272727272727,0.33333333333333337,7.666666666666667,26.181818181818183,0.33333333333333337,7.75,85.85714285714286,0.33333333333333337,8.333333333333334,92.28571428571429
0.33333333333333337,2.6666666666666665,3.6,0.33333333333333337,3.3333333333333335,5.0,0.33333333333333337,4.0,6.4,0.33333333333333337,4.333333333333333,9.5,0.33333333333333337,5.0,10.75,0.33333333333333337,6.666666666666667,28.875,0.33333333333333337,7.666666666666667,28.875,0.33333333333333337,8.25,92.28571428571429,0.33333333333333337,8.666666666666666,129.63829787234042
0.34188034188034194,2.6666666666666665,3.6,0.34188034188034194,3.3333333333333335,5.0,0.34188034188034194,4.0,6.4,0.34188034188034194,4.333333333333333,9.5,0.34188034188034194,5.0,10.75,0.34188034188034194,6.666666666666667,28.875,0.34188034188034194,7.666666666666667,28.875,0.34188034188034194,8.25,92.28571428571429,0.34188034188034194,8.666666666666666,129.63829787234042
0.34188034188034194,2.6666666666666665,3.8974358974358974,0.34188034188034194,3.4,5.5,0.34188034188034194,4.166666666666667,7.333333333333333,0.34188034188034194,4.666666666666667,9.75,0.34188034188034194,5.333333333333333,11.666666666666666,0.34188034188034194,7.0,65.75,0.34188034188034194,7.75,66.25,0.34188034188034194,8.333333333333334,115.74468085106383,0.34188034188034194,8.666666666666666,147.22222222222223
0.35042735042735046,2.6666666666666665,3.8974358974358974,0.35042735042735046,3.4,5.5,0.35042735042735046,4.166666666666667,7.333333333333333,0.35042735042735046,4.666666666666667,9.75,0.35042735042735046,5.333333333333333,11.666666666666666,0.35042735042735046,7.0,65.75,0.35042735042735046,7.75,66.25,0.35042735042735046,8.333333333333334,115.74468085106383,0.35042735042735046,8.666666666666666,147.22222222222223
0.35042735042735046,2.6666666666666665,4.2,0.35042735042735046,3.4,6.0,0.35042735042735046,4.25,7.5,0.35042735042735046,4.666666666666667,10.2,0.35042735042735046,5.666666666666667,11.909090909090908,0.35042735042735046,7.0,84.57142857142857,0.35042735042735046,7.75,85.0,0.35042735042735046,8.454545454545455,133.22222222222223,0.35042735042735046,8.666666666666666,239.66666666666666
0.35897435897435903,2.6666666666666665,4.2,0.35897435897435903,3.4,6.0,0.35897435897435903,4.25,7.5,0.35897435897435903,4.666666666666667,10.2,0.35897435897435903,5.666666666666667,11.909090909090908,0.35897435897435903,7.0,84.57142857142857,0.35897435897435903,7.75,85.0,0.35897435897435903,8.454545454545455,133.22222222222223,0.35897435897435903,8.666666666666666,239.66666666666666
0.35897435897435903,2.7254901960784315,4.333333333333333,0.35897435897435903,3.4,6.4,0.35897435897435903,4.25,8.666666666666666,0.35897435897435903,4.666666666666667,10.75,0.35897435897435903,5.666666666666667,14.25,0.35897435897435903,7.363636363636363,91.23404255319149,0.35897435897435903,7.75,92.28571428571429,0.35897435897435903,8.5,232.6,0.35897435897435903,8.75,243.2
0.3675213675213676,2.7254901960784315,4.333333333333333,0.3675213675213676,3.4,6.4,0.3675213675213676,4.25,8.666666666666666,0.3675213675213676,4.666666666666667,10.75,0.3675213675213676,5.666666666666667,14.25,0.3675213675213676,7.363636363636363,91.23404255319149,0.3675213675213676,7.75,92.28571428571429,0.3675213675213676,8.5,232.6,0.3675213675213676,8.75,243.2
0.3675213675213676,3.0,4.5625,0.3675213675213676,3.4,6.6,0.3675213675213676,4.333333333333333,8.8,0.3675213675213676,5.0,11.666666666666666,0.3675213675213676,5.75,15.666666666666666,0.3675213675213676,7.4,91.8,0.3675213675213676,7.75,102.51063829787235,0.3675213675213676,8.666666666666666,235.4,0.3675213675213676,8.75,250.8
0.3760683760683761,3.0,4.5625,0.3760683760683761,3.4,6.6,0.3760683760683761,4.333333333333333,8.8,0.3760683760683761,5.0,11.666666666666666,0.3760683760683761,5.75,15.666666666666666,0.3760683760683761,7.4,91.8,0.3760683760683761,7.75,102.51063829787235,0.3760683760683761,8.666666666666666,235.4,0.3760683760683761,8.75,250.8
0.3760683760683761,3.0,4.666666666666667,0.3760683760683761,3.8,6.659574468085107,0.3760683760683761,4.666666666666667,9.5,0.3760683760683761,5.2,11.909090909090908,0.3760683760683761,5.909090909090909,16.666666666666668,0.3760683760683761,7.5,92.28571428571429,0.3760683760683761,8.0,133.22222222222223,0.3760683760683761,8.666666666666666,239.66666666666666,0.3760683760683761,8.8,293.8
0.3846153846153847,3.0,4.666666666666667,0.3846153846153847,3.8,6.659574468085107,0.3846153846153847,4.666666666666667,9.5,0.3846153846153847,5.2,11.909090909090908,0.3846153846153847,5.909090909090909,16.666666666666668,0.3846153846153847,7.5,92.28571428571429,0.3846153846153847,8.0,133.22222222222223,0.3846153846153847,8.666666666666666,239.66666666666666,0.3846153846153847,8.8,293.8
0.3846153846153847,3.0,4.666666666666667,0.3846153846153847,4.0,7.0,0.3846153846153847,4.666666666666667,10.2,0.3846153846153847,5.333333333333333,14.25,0.3846153846153847,6.25,18.666666666666668,0.3846153846153847,7.5,124.33333333333333,0.3846153846153847,8.25,148.6,0.3846153846153847,8.666666666666666,293.4,0.3846153846153847,8.909090909090908,489.78
0.3931623931623932,3.0,4.666666666666667,0.3931623931623932,4.0,7.0,0.3931623931623932,4.666666666666667,10.2,0.3931623931623932,5.333333333333333,14.25,0.3931623931623932,6.25,18.666666666666668,0.3931623931623932,7.5,124.33333333333333,0.3931623931623932,8.25,148.6,0.3931623931623932,8.666666666666666,293.4,0.3931623931623932,8.909090909090908,489.78
0.3931623931623932,3.125,4.666666666666667,0.3931623931623932,4.0,7.25,0.3931623931623932,4.8,10.75,0.3931623931623932,5.5,15.2,0.3931623931623932,6.25,22.0,0.3931623931623932,7.666666666666667,205.6,0.3931623931623932,8.333333333333334,232.6,0.3931623931623932,8.666666666666666,489.78,0.3931623931623932,9.0,1045.8461538461538
0.4017094017094018,3.125,4.666666666666667,0.4017094017094018,4.0,7.25,0.4017094017094018,4.8,10.75,0.4017094017094018,5.5,15.2,0.4017094017094018,6.25,22.0,0.4017094017094018,7.666666666666667,205.6,0.4017094017094018,8.333333333333334,232.6,0.4017094017094018,8.666666666666666,489.78,0.4017094017094018,9.0,1045.8461538461538
0.4017094017094018,3.25,4.666666666666667,0.4017094017094018,4.0,7.333333333333333,0.4017094017094018,5.0,11.666666666666666,0.4017094017094018,5.5,15.666666666666666,0.4017094017094018,6.25,28.875,0.4017094017094018,7.666666666666667,215.66666666666666,0.4017094017094018,8.5,236.16666666666666,0.4017094017094018,8.75,1045.8461538461538,0.4017094017094018,9.333333333333334,1045.8461538461538
0.4102564102564103,3.25,4.666666666666667,0.4102564102564103,4.0,7.333333333333333,0.4102564102564103,5.0,11.666666666666666,0.4102564102564103,5.5,15.666666666666666,0.4102564102564103,6.25,28.875,0.4102564102564103,7.666666666666667,215.66666666666666,0.4102564102564103,8.5,236.16666666666666,0.4102564102564103,8.75,1045.8461538461538,0.4102564102564103,9.333333333333334,1045.8461538461538
0.4102564102564103,3.25,4.666666666666667,0.4102564102564103,4.222222222222222,7.5,0.4102564102564103,5.0,11.909090909090908,0.4102564102564103,5.6,16.666666666666668,0.4102564102564103,6.666666666666667,61.75,0.4102564102564103,7.75,252.6,0.4102564102564103,8.666666666666666,289.2,0.4102564102564103,8.75,1045.8461538461538,0.4102564102564103,10.0,1045.8461538461538
0.41880341880341887,3.25,4.666666666666667,0.41880341880341887,4.222222222222222,7.5,0.41880341880341887,5.0,11.909090909090908,0.41880341880341887,5.6,16.666666666666668,0.41880341880341887,6.666666666666667,61.75,0.41880341880341887,7.75,252.6,0.41880341880341887,8.666666666666666,289.2,0.41880341880341887,8.75,1045.8461538461538,0.41880341880341887,10.0,1045.8461538461538
0.41880341880341887,3.3333333333333335,4.75,0.41880341880341887,4.333333333333333,8.25,0.41880341880341887,5.0,14.25,0.41880341880341887,5.666666666666667,18.666666666666668,0.41880341880341887,6.8,62.4468085106383,0.41880341880341887,8.0,489.78,0.41880341880341887,8.666666666666666,489.78,0.41880341880341887,8.8,1045.8461538461538,0.41880341880341887,10.25,1045.8461538461538
0.42735042735042744,3.3333333333333335,4.75,0.42735042735042744,4.333333333333333,8.25,0.42735042735042744,5.0,14.25,0.42735042735042744,5.666666666666667,18.666666666666668,0.42735042735042744,6.8,62.4468085106383,0.42735042735042744,8.0,489.78,0.42735042735042744,8.666666666666666,489.78,0.42735042735042744,8.8,1045.8461538461538,0.42735042735042744,10.25,1045.8461538461538
0.42735042735042744,3.3333333333333335,5.5,0.42735042735042744,4.363636363636363,8.6,0.42735042735042744,5.2,15.666666666666666,0.42735042735042744,5.7272727272727275,22.0,0.42735042735042744,7.0,84.0,0.42735042735042744,8.0,1045.8461538461538,0.42735042735042744,8.666666666666666,1045.8461538461538,0.42735042735042744,9.0,1045.8461538461538,0.42735042735042744,10.4,1045.8461538461538
0.43589743589743596,3.3333333333333335,5.5,0.43589743589743596,4.363636363636363,8.6,0.43589743589743596,5.2,15.666666666666666,0.43589743589743596,5.7272727272727275,22.0,0.43589743589743596,7.0,84.0,0.43589743589743596,8.0,1045.8461538461538,0.43589743589743596,8.666666666666666,1045.8461538461538,0.43589743589743596,9.0,1045.8461538461538,0.43589743589743596,10.4,1045.8461538461538
0.43589743589743596,3.3636363636363638,5.6,0.43589743589743596,4.4,8.8,0.43589743589743596,5.333333333333333,16.666666666666668,0.43589743589743596,5.75,28.875,0.43589743589743596,7.333333333333333,92.28571428571429,0.43589743589743596,8.0,1045.8461538461538,0.43589743589743596,8.75,1045.8461538461538,0.43589743589743596,9.4,1045.8461538461538,0.43589743589743596,10.4,1045.8461538461538
0.44444444444444453,3.3636363636363638,5.6,0.44444444444444453,4.4,8.8,0.44444444444444453,5.333333333333333,16.666666666666668,0.44444444444444453,5.75,28.875,0.44444444444444453,7.333333333333333,92.28571428571429,0.44444444444444453,8.0,1045.8461538461538,0.44444444444444453,8.75,1045.8461538461538,0.44444444444444453,9.4,1045.8461538461538,0.44444444444444453,10.4,1045.8461538461538
0.44444444444444453,3.4,5.6,0.44444444444444453,4.6,10.2,0.44444444444444453,5.333333333333333,17.02127659574468,0.44444444444444453,5.75,40.46808510638298,0.44444444444444453,7.4,94.66666666666667,0.44444444444444453,8.25,1045.8461538461538,0.44444444444444453,8.8,1045.8461538461538,0.44444444444444453,10.25,1045.8461538461538,0.44444444444444453,10.666666666666666,1045.8461538461538
0.45299145299145305,3.4,5.6,0.45299145299145305,4.6,10.2,0.45299145299145305,5.333333333333333,17.02127659574468,0.45299145299145305,5.75,40.46808510638298,0.45299145299145305,7.4,94.66666666666667,0.45299145299145305,8.25,1045.8461538461538,0.45299145299145305,8.8,1045.8461538461538,0.45299145299145305,10.25,1045.8461538461538,0.45299145299145305,10.666666666666666,1045.8461538461538
0.45299145299145305,3.4,6.0,0.45299145299145305,4.666666666666667,10.25,0.45299145299145305,5.363636363636363,17.333333333333332,0.45299145299145305,6.6,59.0,0.45299145299145305,7.5,142.0,0.45299145299145305,8.5,1045.8461538461538,0.45299145299145305,9.0,1045.8461538461538,0.45299145299145305,10.333333333333334,1045.8461538461538,0.45299145299145305,10.666666666666666,1045.8461538461538
0.4615384615384616,3.4,6.0,0.4615384615384616,4.666666666666667,10.25,0.4615384615384616,5.363636363636363,17.333333333333332,0.4615384615384616,6.6,59.0,0.4615384615384616,7.5,142.0,0.4615384615384616,8.5,1045.8461538461538,0.4615384615384616,9.0,1045.8461538461538,0.4615384615384616,10.333333333333334,1045.8461538461538,0.4615384615384616,10.666666666666666,1045.8461538461538
0.4615384615384616,3.5,6.0,0.4615384615384616,4.666666666666667,11.666666666666666,0.4615384615384616,5.5,20.333333333333332,0.4615384615384616,6.717948717948718,60.666666666666664,0.4615384615384616,7.666666666666667,150.33333333333334,0.4615384615384616,8.666666666666666,1045.8461538461538,0.4615384615384616,9.0,1045.8461538461538,0.4615384615384616,10.4,1045.8461538461538,0.4615384615384616,10.875,1045.8461538461538
0.47008547008547014,3.5,6.0,0.47008547008547014,4.666666666666667,11.666666666666666,0.47008547008547014,5.5,20.333333333333332,0.47008547008547014,6.717948717948718,60.666666666666664,0.47008547008547014,7.666666666666667,150.33333333333334,0.47008547008547014,8.666666666666666,1045.8461538461538,0.47008547008547014,9.0,1045.8461538461538,0.47008547008547014,10.4,1045.8461538461538,0.47008547008547014,10.875,1045.8461538461538
0.47008547008547014,3.5,6.4,0.47008547008547014,5.0,11.909090909090908,0.47008547008547014,5.6,23.666666666666668,0.47008547008547014,7.0,70.83333333333333,0.47008547008547014,7.666666666666667,185.6,0.47008547008547014,8.8,1045.8461538461538,0.47008547008547014,9.4,1045.8461538461538,0.47008547008547014,10.4,1045.8461538461538,0.47008547008547014,10.923076923076923,1045.8461538461538
0.4786324786324787,3.5,6.4,0.4786324786324787,5.0,11.909090909090908,0.4786324786324787,5.6,23.666666666666668,0.4786324786324787,7.0,70.83333333333333,0.4786324786324787,7.666666666666667,185.6,0.4786324786324787,8.8,1045.8461538461538,0.4786324786324787,9.4,1045.8461538461538,0.4786324786324787,10.4,1045.8461538461538,0.4786324786324787,10.923076923076923,1045.8461538461538
0.4786324786324787,3.5,7.333333333333333,0.4786324786324787,5.0,14.25,0.4786324786324787,5.666666666666667,28.875,0.4786324786324787,7.333333333333333,80.85714285714286,0.4786324786324787,7.666666666666667,489.78,0.4786324786324787,9.0,1045.8461538461538,0.4786324786324787,9.6,1045.8461538461538,0.4786324786324787,10.615384615384615,1045.8461538461538,0.4786324786324787,11.0,1045.8461538461538
0.4871794871794873,3.5,7.333333333333333,0.4871794871794873,5.0,14.25,0.4871794871794873,5.666666666666667,28.875,0.4871794871794873,7.333333333333333,80.85714285714286,0.4871794871794873,7.666666666666667,489.78,0.4871794871794873,9.0,1045.8461538461538,0.4871794871794873,9.6,1045.8461538461538,0.4871794871794873,10.615384615384615,1045.8461538461538,0.4871794871794873,11.0,1045.8461538461538
0.4871794871794873,3.75,7.375,0.4871794871794873,5.0,15.666666666666666,0.4871794871794873,5.75,51.142857142857146,0.4871794871794873,7.333333333333333,92.28571428571429,0.4871794871794873,7.75,1045.8461538461538,0.4871794871794873,9.333333333333334,1045.8461538461538,0.4871794871794873,10.153846153846153,1045.8461538461538,0.4871794871794873,10.666666666666666,1045.8461538461538,0.4871794871794873,11.4,1045.8461538461538
0.4957264957264958,3.75,7.375,0.4957264957264958,5.0,15.666666666666666,0.4957264957264958,5.75,51.142857142857146,0.4957264957264958,7.333333333333333,92.28571428571429,0.4957264957264958,7.75,1045.8461538461538,0.4957264957264958,9.333333333333334,1045.8461538461538,0.4957264957264958,10.153846153846153,1045.8461538461538,0.4957264957264958,10.666666666666666,1045.8461538461538,0.4957264957264958,11.4,1045.8461538461538
0.4957264957264958,3.8,7.5,0.4957264957264958,5.25,16.666666666666668,0.4957264957264958,6.153846153846154,57.0,0.4957264957264958,7.5,108.8,0.4957264957264958,8.0,1045.8461538461538,0.4957264957264958,9.571428571428571,1045.8461538461538,0.4957264957264958,10.25,1045.8461538461538,0.4957264957264958,10.875,1045.8461538461538,0.4957264957264958,11.5,1045.8461538461538
0.5042735042735044,3.8,7.5,0.5042735042735044,5.25,16.666666666666668,0.5042735042735044,6.153846153846154,57.0,0.5042735042735044,7.5,108.8,0.5042735042735044,8.0,1045.8461538461538,0.5042735042735044,9.571428571428571,1045.8461538461538,0.5042735042735044,10.25,1045.8461538461538,0.5042735042735044,10.875,1045.8461538461538,0.5042735042735044,11.5,1045.8461538461538
0.5042735042735044,4.0,7.75,0.5042735042735044,5.333333333333333,17.0,0.5042735042735044,6.5,65.8,0.5042735042735044,7.666666666666667,109.8,0.5042735042735044,8.128205128205128,1045.8461538461538,0.5042735042735044,9.6,1045.8461538461538,0.5042735042735044,10.4,1045.8461538461538,0.5042735042735044,11.0,1045.8461538461538,0.5042735042735044,11.666666666666666,1045.8461538461538
0.5128205128205129,4.0,7.75,0.5128205128205129,5.333333333333333,17.0,0.5128205128205129,6.5,65.8,0.5128205128205129,7.666666666666667,109.8,0.5128205128205129,8.128205128205128,1045.8461538461538,0.5128205128205129,9.6,1045.8461538461538,0.5128205128205129,10.4,1045.8461538461538,0.5128205128205129,11.0,1045.8461538461538,0.5128205128205129,11.666666666666666,1045.8461538461538
0.5128205128205129,4.2,8.8,0.5128205128205129,5.5,20.0,0.5128205128205129,6.5,70.83333333333333,0.5128205128205129,7.75,489.72,0.5128205128205129,8.25,1045.8461538461538,0.5128205128205129,9.75,1045.8461538461538,0.5128205128205129,10.5,1045.8461538461538,0.5128205128205129,11.5,1045.8461538461538,0.5128205128205129,11.666666666666666,1045.8461538461538
0.5213675213675214,4.2,8.8,0.5213675213675214,5.5,20.0,0.5213675213675214,6.5,70.83333333333333,0.5213675213675214,7.75,489.72,0.5213675213675214,8.25,1045.8461538461538,0.5213675213675214,9.75,1045.8461538461538,0.5213675213675214,10.5,1045.8461538461538,0.5213675213675214,11.5,1045.8461538461538,0.5213675213675214,11.666666666666666,1045.8461538461538
0.5213675213675214,4.333333333333333,9.0,0.5213675213675214,5.5,28.875,0.5213675213675214,6.75,80.57142857142857,0.5213675213675214,8.25,1045.8461538461538,0.5213675213675214,8.666666666666666,1045.8461538461538,0.5213675213675214,9.923076923076923,1045.8461538461538,0.5213675213675214,10.666666666666666,1045.8461538461538,0.5213675213675214,11.666666666666666,1045.8461538461538,0.5213675213675214,11.7,1045.8461538461538
0.5299145299145299,4.333333333333333,9.0,0.5299145299145299,5.5,28.875,0.5299145299145299,6.75,80.57142857142857,0.5299145299145299,8.25,1045.8461538461538,0.5299145299145299,8.666666666666666,1045.8461538461538,0.5299145299145299,9.923076923076923,1045.8461538461538,0.5299145299145299,10.666666666666666,1045.8461538461538,0.5299145299145299,11.666666666666666,1045.8461538461538,0.5299145299145299,11.7,1045.8461538461538
0.5299145299145299,4.571428571428571,10.2,0.5299145299145299,5.666666666666667,49.285714285714285,0.5299145299145299,7.0,108.8,0.5299145299145299,8.625,1045.8461538461538,0.5299145299145299,8.8,1045.8461538461538,0.5299145299145299,10.25,1045.8461538461538,0.5299145299145299,10.875,1045.8461538461538,0.5299145299145299,11.666666666666666,1045.8461538461538,0.5299145299145299,11.75,1045.8461538461538
0.5384615384615384,4.571428571428571,10.2,0.5384615384615384,5.666666666666667,49.285714285714285,0.5384615384615384,7.0,108.8,0.5384615384615384,8.625,1045.8461538461538,0.5384615384615384,8.8,1045.8461538461538,0.5384615384615384,10.25,1045.8461538461538,0.5384615384615384,10.875,1045.8461538461538,0.5384615384615384,11.666666666666666,1045.8461538461538,0.5384615384615384,11.75,1045.8461538461538
0.5384615384615384,4.666666666666667,10.5,0.5384615384615384,5.75,56.25,0.5384615384615384,7.333333333333333,489.66,0.5384615384615384,8.625,1045.8461538461538,0.5384615384615384,9.333333333333334,1045.8461538461538,0.5384615384615384,10.4,1045.8461538461538,0.5384615384615384,11.0,1045.8461538461538,0.5384615384615384,11.7,1045.8461538461538,0.5384615384615384,12.0,1045.8461538461538
0.5470085470085471,4.666666666666667,10.5,0.5470085470085471,5.75,56.25,0.5470085470085471,7.333333333333333,489.66,0.5470085470085471,8.625,1045.8461538461538,0.5470085470085471,9.333333333333334,1045.8461538461538,0.5470085470085471,10.4,1045.8461538461538,0.5470085470085471,11.0,1045.8461538461538,0.5470085470085471,11.7,1045.8461538461538,0.5470085470085471,12.0,1045.8461538461538
0.5470085470085471,4.666666666666667,11.666666666666666,0.5470085470085471,6.153846153846154,70.83333333333333,0.5470085470085471,7.333333333333333,1045.8461538461538,0.5470085470085471,8.666666666666666,1045.8461538461538,0.5470085470085471,9.5,1045.8461538461538,0.5470085470085471,10.875,1045.8461538461538,0.5470085470085471,11.5,1045.8461538461538,0.5470085470085471,11.75,1045.8461538461538,0.5470085470085471,12.0,1045.8461538461538
0.5555555555555556,4.666666666666667,11.666666666666666,0.5555555555555556,6.153846153846154,70.83333333333333,0.5555555555555556,7.333333333333333,1045.8461538461538,0.5555555555555556,8.666666666666666,1045.8461538461538,0.5555555555555556,9.5,1045.8461538461538,0.5555555555555556,10.875,1045.8461538461538,0.5555555555555556,11.5,1045.8461538461538,0.5555555555555556,11.75,1045.8461538461538,0.5555555555555556,12.0,1045.8461538461538
0.5555555555555556,4.75,11.909090909090908,0.5555555555555556,6.25,79.85714285714286,0.5555555555555556,7.5,1045.8461538461538,0.5555555555555556,8.8,1045.8461538461538,0.5555555555555556,9.5,1045.8461538461538,0.5555555555555556,11.0,1045.8461538461538,0.5555555555555556,11.666666666666666,1045.8461538461538,0.5555555555555556,12.0,1045.8461538461538,0.5555555555555556,12.25,1045.8461538461538
0.5641025641025641,4.75,11.909090909090908,0.5641025641025641,6.25,79.85714285714286,0.5641025641025641,7.5,1045.8461538461538,0.5641025641025641,8.8,1045.8461538461538,0.5641025641025641,9.5,1045.8461538461538,0.5641025641025641,11.0,1045.8461538461538,0.5641025641025641,11.666666666666666,1045.8461538461538,0.5641025641025641,12.0,1045.8461538461538,0.5641025641025641,12.25,1045.8461538461538
0.5641025641025641,5.0,14.0,0.5641025641025641,6.333333333333333,108.8,0.5641025641025641,7.5,1045.8461538461538,0.5641025641025641,9.25,1045.8461538461538,0.5641025641025641,9.571428571428571,1045.8461538461538,0.5641025641025641,11.0,1045.8461538461538,0.5641025641025641,11.666666666666666,1045.8461538461538,0.5641025641025641,12.25,1045.8461538461538,0.5641025641025641,12.333333333333334,1045.8461538461538
0.5726495726495727,5.0,14.0,0.5726495726495727,6.333333333333333,108.8,0.5726495726495727,7.5,1045.8461538461538,0.5726495726495727,9.25,1045.8461538461538,0.5726495726495727,9.571428571428571,1045.8461538461538,0.5726495726495727,11.0,1045.8461538461538,0.5726495726495727,11.666666666666666,1045.8461538461538,0.5726495726495727,12.25,1045.8461538461538,0.5726495726495727,12.333333333333334,1045.8461538461538
0.5726495726495727,5.0,14.25,0.5726495726495727,6.659574468085107,486.38,0.5726495726495727,7.875,1045.8461538461538,0.5726495726495727,9.5,1045.8461538461538,0.5726495726495727,10.2,1045.8461538461538,0.5726495726495727,11.5,1045.8461538461538,0.5726495726495727,11.666666666666666,1045.8461538461538,0.5726495726495727,12.333333333333334,1045.8461538461538,0.5726495726495727,12.666666666666666,1045.8461538461538
0.5811965811965812,5.0,14.25,0.5811965811965812,6.659574468085107,486.38,0.5811965811965812,7.875,1045.8461538461538,0.5811965811965812,9.5,1045.8461538461538,0.5811965811965812,10.2,1045.8461538461538,0.5811965811965812,11.5,1045.8461538461538,0.5811965811965812,11.666666666666666,1045.8461538461538,0.5811965811965812,12.333333333333334,1045.8461538461538,0.5811965811965812,12.666666666666666,1045.8461538461538
0.5811965811965812,5.0,15.333333333333334,0.5811965811965812,7.0,1043.6923076923076,0.5811965811965812,8.571428571428571,1045.8461538461538,0.5811965811965812,9.5,1045.8461538461538,0.5811965811965812,10.25,1045.8461538461538,0.5811965811965812,11.666666666666666,1045.8461538461538,0.5811965811965812,11.7,1045.8461538461538,0.5811965811965812,12.333333333333334,1045.8461538461538,0.5811965811965812,13.25,1045.8461538461538
0.5897435897435898,5.0,15.333333333333334,0.5897435897435898,7.0,1043.6923076923076,0.5897435897435898,8.571428571428571,1045.8461538461538,0.5897435897435898,9.5,1045.8461538461538,0.5897435897435898,10.25,1045.8461538461538,0.5897435897435898,11.666666666666666,1045.8461538461538,0.5897435897435898,11.7,1045.8461538461538,0.5897435897435898,12.333333333333334,1045.8461538461538,0.5897435897435898,13.25,1045.8461538461538
0.5897435897435898,5.333333333333333,15.666666666666666,0.5897435897435898,7.125,1043.6923076923076,0.5897435897435898,8.625,1045.8461538461538,0.5897435897435898,9.571428571428571,1045.8461538461538,0.5897435897435898,10.333333333333334,1045.8461538461538,0.5897435897435898,11.7,1045.8461538461538,0.5897435897435898,12.0,1045.8461538461538,0.5897435897435898,12.666666666666666,1045.8461538461538,0.5897435897435898,13.25,1045.8461538461538
0.5982905982905983,5.333333333333333,15.666666666666666,0.5982905982905983,7.125,1043.6923076923076,0.5982905982905983,8.625,1045.8461538461538,0.5982905982905983,9.571428571428571,1045.8461538461538,0.5982905982905983,10.333333333333334,1045.8461538461538,0.5982905982905983,11.7,1045.8461538461538,0.5982905982905983,12.0,1045.8461538461538,0.5982905982905983,12.666666666666666,1045.8461538461538,0.5982905982905983,13.25,1045.8461538461538
0.5982905982905983,5.333333333333333,16.666666666666668,0.5982905982905983,7.333333333333333,1043.6923076923076,0.5982905982905983,8.625,1045.8461538461538,0.5982905982905983,9.666666666666666,1045.8461538461538,0.5982905982905983,10.4,1045.8461538461538,0.5982905982905983,11.75,1045.8461538461538,0.5982905982905983,12.333333333333334,1045.8461538461538,0.5982905982905983,13.25,1045.8461538461538,0.5982905982905983,13.333333333333334,1045.8461538461538
0.6068376068376069,5.333333333333333,16.666666666666668,0.6068376068376069,7.333333333333333,1043.6923076923076,0.6068376068376069,8.625,1045.8461538461538,0.6068376068376069,9.666666666666666,1045.8461538461538,0.6068376068376069,10.4,1045.8461538461538,0.6068376068376069,11.75,1045.8461538461538,0.6068376068376069,12.333333333333334,1045.8461538461538,0.6068376068376069,13.25,1045.8461538461538,0.6068376068376069,13.333333333333334,1045.8461538461538
0.6068376068376069,5.5,17.0,0.6068376068376069,7.5,1043.6923076923076,0.6068376068376069,8.666666666666666,1045.8461538461538,0.6068376068376069,10.2,1045.8461538461538,0.6068376068376069,10.875,1045.8461538461538,0.6068376068376069,11.777777777777779,1045.8461538461538,0.6068376068376069,12.5,1045.8461538461538,0.6068376068376069,13.25,1045.8461538461538,0.6068376068376069,13.6,1045.8461538461538
0.6153846153846154,5.5,17.0,0.6153846153846154,7.5,1043.6923076923076,0.6153846153846154,8.666666666666666,1045.8461538461538,0.6153846153846154,10.2,1045.8461538461538,0.6153846153846154,10.875,1045.8461538461538,0.6153846153846154,11.777777777777779,1045.8461538461538,0.6153846153846154,12.5,1045.8461538461538,0.6153846153846154,13.25,1045.8461538461538,0.6153846153846154,13.6,1045.8461538461538
0.6153846153846154,5.833333333333333,28.875,0.6153846153846154,8.25,1043.6923076923076,0.6153846153846154,8.8,1045.8461538461538,0.6153846153846154,10.333333333333334,1045.8461538461538,0.6153846153846154,11.25,1045.8461538461538,0.6153846153846154,12.333333333333334,1045.8461538461538,0.6153846153846154,13.25,1045.8461538461538,0.6153846153846154,13.714285714285714,1045.8461538461538,0.6153846153846154,14.142857142857142,1045.8461538461538
0.6239316239316239,5.833333333333333,28.875,0.6239316239316239,8.25,1043.6923076923076,0.6239316239316239,8.8,1045.8461538461538,0.6239316239316239,10.333333333333334,1045.8461538461538,0.6239316239316239,11.25,1045.8461538461538,0.6239316239316239,12.333333333333334,1045.8461538461538,0.6239316239316239,13.25,1045.8461538461538,0.6239316239316239,13.714285714285714,1045.8461538461538,0.6239316239316239,14.142857142857142,1045.8461538461538
0.6239316239316239,6.0,39.0,0.6239316239316239,8.625,1043.6923076923076,0.6239316239316239,9.0,1045.8461538461538,0.6239316239316239,10.4,1045.8461538461538,0.6239316239316239,11.25,1045.8461538461538,0.6239316239316239,12.7,1045.8461538461538,0.6239316239316239,13.25,1045.8461538461538,0.6239316239316239,14.272727272727273,1045.8461538461538,0.6239316239316239,14.272727272727273,1045.8461538461538
0.6324786324786326,6.0,39.0,0.6324786324786326,8.625,1043.6923076923076,0.6324786324786326,9.0,1045.8461538461538,0.6324786324786326,10.4,1045.8461538461538,0.6324786324786326,11.25,1045.8461538461538,0.6324786324786326,12.7,1045.8461538461538,0.6324786324786326,13.25,1045.8461538461538,0.6324786324786326,14.272727272727273,1045.8461538461538,0.6324786324786326,14.272727272727273,1045.8461538461538
0.6324786324786326,6.0,49.285714285714285,0.6324786324786326,8.625,1043.6923076923076,0.6324786324786326,9.25,1045.8461538461538,0.6324786324786326,10.875,1045.8461538461538,0.6324786324786326,11.666666666666666,1045.8461538461538,0.6324786324786326,13.25,1045.8461538461538,0.6324786324786326,14.272727272727273,1045.8461538461538,0.6324786324786326,14.625,1045.8461538461538,0.6324786324786326,14.9,1045.8461538461538
0.6410256410256411,6.0,49.285714285714285,0.6410256410256411,8.625,1043.6923076923076,0.6410256410256411,9.25,1045.8461538461538,0.6410256410256411,10.875,1045.8461538461538,0.6410256410256411,11.666666666666666,1045.8461538461538,0.6410256410256411,13.25,1045.8461538461538,0.6410256410256411,14.272727272727273,1045.8461538461538,0.6410256410256411,14.625,1045.8461538461538,0.6410256410256411,14.9,1045.8461538461538
0.6410256410256411,6.153846153846154,56.25,0.6410256410256411,8.666666666666666,1043.6923076923076,0.6410256410256411,9.5,1045.8461538461538,0.6410256410256411,11.125,1045.8461538461538,0.6410256410256411,11.75,1045.8461538461538,0.6410256410256411,13.25,1045.8461538461538,0.6410256410256411,14.375,1045.8461538461538,0.6410256410256411,14.9,1045.8461538461538,0.6410256410256411,16.25,1045.8461538461538
0.6495726495726496,6.153846153846154,56.25,0.6495726495726496,8.666666666666666,1043.6923076923076,0.6495726495726496,9.5,1045.8461538461538,0.6495726495726496,11.125,1045.8461538461538,0.6495726495726496,11.75,1045.8461538461538,0.6495726495726496,13.25,1045.8461538461538,0.6495726495726496,14.375,1045.8461538461538,0.6495726495726496,14.9,1045.8461538461538,0.6495726495726496,16.25,1045.8461538461538
0.6495726495726496,6.75,70.83333333333333,0.6495726495726496,8.8,1043.6923076923076,0.6495726495726496,10.2,1045.8461538461538,0.6495726495726496,11.666666666666666,1045.8461538461538,0.6495726495726496,11.909090909090908,1045.8461538461538,0.6495726495726496,14.25,1045.8461538461538,0.6495726495726496,14.9,1045.8461538461538,0.6495726495726496,16.0,1045.8461538461538,0.6495726495726496,17.375,1045.8461538461538
0.6581196581196581,6.75,70.83333333333333,0.6581196581196581,8.8,1043.6923076923076,0.6581196581196581,10.2,1045.8461538461538,0.6581196581196581,11.666666666666666,1045.8461538461538,0.6581196581196581,11.909090909090908,1045.8461538461538,0.6581196581196581,14.25,1045.8461538461538,0.6581196581196581,14.9,1045.8461538461538,0.6581196581196581,16.0,1045.8461538461538,0.6581196581196581,17.375,1045.8461538461538
0.6581196581196581,7.0,77.85714285714286,0.6581196581196581,9.0,1043.6923076923076,0.6581196581196581,10.333333333333334,1045.8461538461538,0.6581196581196581,11.75,1045.8461538461538,0.6581196581196581,12.7,1045.8461538461538,0.6581196581196581,14.272727272727273,1045.8461538461538,0.6581196581196581,16.833333333333332,1045.8461538461538,0.6581196581196581,17.375,1045.8461538461538,0.6581196581196581,17.375,1045.8461538461538
0.6666666666666667,7.0,77.85714285714286,0.6666666666666667,9.0,1043.6923076923076,0.6666666666666667,10.333333333333334,1045.8461538461538,0.6666666666666667,11.75,1045.8461538461538,0.6666666666666667,12.7,1045.8461538461538,0.6666666666666667,14.272727272727273,1045.8461538461538,0.6666666666666667,16.833333333333332,1045.8461538461538,0.6666666666666667,17.375,1045.8461538461538,0.6666666666666667,17.375,1045.8461538461538
0.6666666666666667,7.333333333333333,108.8,0.6666666666666667,9.875,1043.6923076923076,0.6666666666666667,10.4,1045.8461538461538,0.6666666666666667,11.909090909090908,1045.8461538461538,0.6666666666666667,14.25,1045.8461538461538,0.6666666666666667,15.833333333333334,1045.8461538461538,0.6666666666666667,17.375,1045.8461538461538,0.6666666666666667,19.285714285714285,1045.8461538461538,0.6666666666666667,19.285714285714285,1045.8461538461538
0.6752136752136753,7.333333333333333,108.8,0.6752136752136753,9.875,1043.6923076923076,0.6752136752136753,10.4,1045.8461538461538,0.6752136752136753,11.909090909090908,1045.8461538461538,0.6752136752136753,14.25,1045.8461538461538,0.6752136752136753,15.833333333333334,1045.8461538461538,0.6752136752136753,17.375,1045.8461538461538,0.6752136752136753,19.285714285714285,1045.8461538461538,0.6752136752136753,19.285714285714285,1045.8461538461538
0.6752136752136753,7.5,420.58,0.6752136752136753,10.2,1043.6923076923076,0.6752136752136753,10.875,1045.8461538461538,0.6752136752136753,12.7,1045.8461538461538,0.6752136752136753,14.272727272727273,1045.8461538461538,0.6752136752136753,17.375,1045.8461538461538,0.6752136752136753,17.88888888888889,1045.8461538461538,0.6752136752136753,19.77777777777778,1045.8461538461538,0.6752136752136753,20.666666666666668,1045.8461538461538
0.6837606837606838,7.5,420.58,0.6837606837606838,10.2,1043.6923076923076,0.6837606837606838,10.875,1045.8461538461538,0.6837606837606838,12.7,1045.8461538461538,0.6837606837606838,14.272727272727273,1045.8461538461538,0.6837606837606838,17.375,1045.8461538461538,0.6837606837606838,17.88888888888889,1045.8461538461538,0.6837606837606838,19.77777777777778,1045.8461538461538,0.6837606837606838,20.666666666666668,1045.8461538461538
0.6837606837606838,7.741935483870968,841.16,0.6837606837606838,10.333333333333334,1043.6923076923076,0.6837606837606838,11.666666666666666,1045.8461538461538,0.6837606837606838,12.857142857142858,1045.8461538461538,0.6837606837606838,15.666666666666666,1045.8461538461538,0.6837606837606838,18.857142857142858,1045.8461538461538,0.6837606837606838,19.0,1045.8461538461538,0.6837606837606838,20.0,1045.8461538461538,0.6837606837606838,21.0,1045.8461538461538
0.6923076923076923,7.741935483870968,841.16,0.6923076923076923,10.333333333333334,1043.6923076923076,0.6923076923076923,11.666666666666666,1045.8461538461538,0.6923076923076923,12.857142857142858,1045.8461538461538,0.6923076923076923,15.666666666666666,1045.8461538461538,0.6923076923076923,18.857142857142858,1045.8461538461538,0.6923076923076923,19.0,1045.8461538461538,0.6923076923076923,20.0,1045.8461538461538,0.6923076923076923,21.0,1045.8461538461538
0.6923076923076923,7.75,841.16,0.6923076923076923,10.333333333333334,1043.6923076923076,0.6923076923076923,11.75,1045.8461538461538,0.6923076923076923,14.25,1045.8461538461538,0.6923076923076923,17.25,1045.8461538461538,0.6923076923076923,20.0,1045.8461538461538,0.6923076923076923,20.333333333333332,1045.8461538461538,0.6923076923076923,20.666666666666668,1045.8461538461538,0.6923076923076923,24.05128205128205,1045.8461538461538
0.7008547008547009,7.75,841.16,0.7008547008547009,10.333333333333334,1043.6923076923076,0.7008547008547009,11.75,1045.8461538461538,0.7008547008547009,14.25,1045.8461538461538,0.7008547008547009,17.25,1045.8461538461538,0.7008547008547009,20.0,1045.8461538461538,0.7008547008547009,20.333333333333332,1045.8461538461538,0.7008547008547009,20.666666666666668,1045.8461538461538,0.7008547008547009,24.05128205128205,1045.8461538461538
0.7008547008547009,8.666666666666666,841.16,0.7008547008547009,10.4,1043.6923076923076,0.7008547008547009,11.909090909090908,1045.8461538461538,0.7008547008547009,14.272727272727273,1045.8461538461538,0.7008547008547009,18.142857142857142,1045.8461538461538,0.7008547008547009,23.0,1045.8461538461538,0.7008547008547009,24.05128205128205,1045.8461538461538,0.7008547008547009,24.05128205128205,1045.8461538461538,0.7008547008547009,27.125,1045.8461538461538
0.7094017094017094,8.666666666666666,841.16,0.7094017094017094,10.4,1043.6923076923076,0.7094017094017094,11.909090909090908,1045.8461538461538,0.7094017094017094,14.272727272727273,1045.8461538461538,0.7094017094017094,18.142857142857142,1045.8461538461538,0.7094017094017094,23.0,1045.8461538461538,0.7094017094017094,24.05128205128205,1045.8461538461538,0.7094017094017094,24.05128205128205,1045.8461538461538,0.7094017094017094,27.125,1045.8461538461538
0.7094017094017094,8.8,841.16,0.7094017094017094,11.666666666666666,1043.6923076923076,0.7094017094017094,12.7,1045.8461538461538,0.7094017094017094,15.2,1045.8461538461538,0.7094017094017094,19.641025641025642,1045.8461538461538,0.7094017094017094,24.0,1045.8461538461538,0.7094017094017094,24.25,1045.8461538461538,0.7094017094017094,25.5,1045.8461538461538,0.7094017094017094,28.875,1045.8461538461538
0.717948717948718,8.8,841.16,0.717948717948718,11.666666666666666,1043.6923076923076,0.717948717948718,12.7,1045.8461538461538,0.717948717948718,15.2,1045.8461538461538,0.717948717948718,19.641025641025642,1045.8461538461538,0.717948717948718,24.0,1045.8461538461538,0.717948717948718,24.25,1045.8461538461538,0.717948717948718,25.5,1045.8461538461538,0.717948717948718,28.875,1045.8461538461538
0.717948717948718,10.2,841.16,0.717948717948718,11.75,1043.6923076923076,0.717948717948718,13.636363636363637,1045.8461538461538,0.717948717948718,15.666666666666666,1045.8461538461538,0.717948717948718,20.0,1045.8461538461538,0.717948717948718,24.727272727272727,1045.8461538461538,0.717948717948718,26.181818181818183,1045.8461538461538,0.717948717948718,28.875,1045.8461538461538,0.717948717948718,38.111111111111114,1045.8461538461538
0.7264957264957266,10.2,841.16,0.7264957264957266,11.75,1043.6923076923076,0.7264957264957266,13.636363636363637,1045.8461538461538,0.7264957264957266,15.666666666666666,1045.8461538461538,0.7264957264957266,20.0,1045.8461538461538,0.7264957264957266,24.727272727272727,1045.8461538461538,0.7264957264957266,26.181818181818183,1045.8461538461538,0.7264957264957266,28.875,1045.8461538461538,0.7264957264957266,38.111111111111114,1045.8461538461538
0.7264957264957266,10.333333333333334,841.16,0.7264957264957266,11.903225806451612,1043.6923076923076,0.7264957264957266,14.25,1045.8461538461538,0.7264957264957266,19.5625,1045.8461538461538,0.7264957264957266,22.125,1045.8461538461538,0.7264957264957266,28.875,1045.8461538461538,0.7264957264957266,28.875,1045.8461538461538,0.7264957264957266,37.54545454545455,1045.8461538461538,0.7264957264957266,39.45454545454545,1045.8461538461538
0.7350427350427351,10.333333333333334,841.16,0.7350427350427351,11.903225806451612,1043.6923076923076,0.7350427350427351,14.25,1045.8461538461538,0.7350427350427351,19.5625,1045.8461538461538,0.7350427350427351,22.125,1045.8461538461538,0.7350427350427351,28.875,1045.8461538461538,0.7350427350427351,28.875,1045.8461538461538,0.7350427350427351,37.54545454545455,1045.8461538461538,0.7350427350427351,39.45454545454545,1045.8461538461538
0.7350427350427351,10.4,841.16,0.7350427350427351,11.909090909090908,1043.6923076923076,0.7350427350427351,15.666666666666666,1045.8461538461538,0.7350427350427351,20.0,1045.8461538461538,0.7350427350427351,28.875,1045.8461538461538,0.7350427350427351,40.45454545454545,1045.8461538461538,0.7350427350427351,40.45454545454545,1045.8461538461538,0.7350427350427351,40.45454545454545,1045.8461538461538,0.7350427350427351,40.45454545454545,1045.8461538461538
0.7435897435897436,10.4,841.16,0.7435897435897436,11.909090909090908,1043.6923076923076,0.7435897435897436,15.666666666666666,1045.8461538461538,0.7435897435897436,20.0,1045.8461538461538,0.7435897435897436,28.875,1045.8461538461538,0.7435897435897436,40.45454545454545,1045.8461538461538,0.7435897435897436,40.45454545454545,1045.8461538461538,0.7435897435897436,40.45454545454545,1045.8461538461538,0.7435897435897436,40.45454545454545,1045.8461538461538
0.7435897435897436,11.666666666666666,841.16,0.7435897435897436,12.7,1043.6923076923076,0.7435897435897436,17.02127659574468,1045.8461538461538,0.7435897435897436,28.875,1045.8461538461538,0.7435897435897436,40.45454545454545,1045.8461538461538,0.7435897435897436,50.8,1045.8461538461538,0.7435897435897436,50.8,1045.8461538461538,0.7435897435897436,50.8,1045.8461538461538,0.7435897435897436,50.8,1045.8461538461538
0.7521367521367521,11.666666666666666,841.16,0.7521367521367521,12.7,1043.6923076923076,0.7521367521367521,17.02127659574468,1045.8461538461538,0.7521367521367521,28.875,1045.8461538461538,0.7521367521367521,40.45454545454545,1045.8461538461538,0.7521367521367521,50.8,1045.8461538461538,0.7521367521367521,50.8,1045.8461538461538,0.7521367521367521,50.8,1045.8461538461538,0.7521367521367521,50.8,1045.8461538461538
0.7521367521367521,11.75,841.16,0.7521367521367521,13.636363636363637,1043.6923076923076,0.7521367521367521,17.11111111111111,1045.8461538461538,0.7521367521367521,29.272727272727273,1045.8461538461538,0.7521367521367521,50.8,1045.8461538461538,0.7521367521367521,69.0,1045.8461538461538,0.7521367521367521,85.0,1045.8461538461538,0.7521367521367521,85.85714285714286,1045.8461538461538,0.7521367521367521,85.85714285714286,1045.8461538461538
0.7606837606837608,11.75,841.16,0.7606837606837608,13.636363636363637,1043.6923076923076,0.7606837606837608,17.11111111111111,1045.8461538461538,0.7606837606837608,29.272727272727273,1045.8461538461538,0.7606837606837608,50.8,1045.8461538461538,0.7606837606837608,69.0,1045.8461538461538,0.7606837606837608,85.0,1045.8461538461538,0.7606837606837608,85.85714285714286,1045.8461538461538,0.7606837606837608,85.85714285714286,1045.8461538461538
0.7606837606837608,11.909090909090908,841.16,0.7606837606837608,14.25,1043.6923076923076,0.7606837606837608,18.8125,1045.8461538461538,0.7606837606837608,36.0,1045.8461538461538,0.7606837606837608,58.833333333333336,1045.8461538461538,0.7606837606837608,69.0,1045.8461538461538,0.7606837606837608,85.0,1045.8461538461538,0.7606837606837608,86.83333333333333,1045.8461538461538,0.7606837606837608,94.16666666666667,1045.8461538461538
0.7692307692307693,11.909090909090908,841.16,0.7692307692307693,14.25,1043.6923076923076,0.7692307692307693,18.8125,1045.8461538461538,0.7692307692307693,36.0,1045.8461538461538,0.7692307692307693,58.833333333333336,1045.8461538461538,0.7692307692307693,69.0,1045.8461538461538,0.7692307692307693,85.0,1045.8461538461538,0.7692307692307693,86.83333333333333,1045.8461538461538,0.7692307692307693,94.16666666666667,1045.8461538461538
0.7692307692307693,12.7,841.16,0.7692307692307693,15.666666666666666,1043.6923076923076,0.7692307692307693,20.0,1045.8461538461538,0.7692307692307693,36.0,1045.8461538461538,0.7692307692307693,58.833333333333336,1045.8461538461538,0.7692307692307693,84.57142857142857,1045.8461538461538,0.7692307692307693,85.0,1045.8461538461538,0.7692307692307693,86.83333333333333,1045.8461538461538,0.7692307692307693,94.16666666666667,1045.8461538461538
0.7777777777777778,12.7,841.16,0.7777777777777778,15.666666666666666,1043.6923076923076,0.7777777777777778,20.0,1045.8461538461538,0.7777777777777778,36.0,1045.8461538461538,0.7777777777777778,58.833333333333336,1045.8461538461538,0.7777777777777778,84.57142857142857,1045.8461538461538,0.7777777777777778,85.0,1045.8461538461538,0.7777777777777778,86.83333333333333,1045.8461538461538,0.7777777777777778,94.16666666666667,1045.8461538461538
0.7777777777777778,13.636363636363637,841.16,0.7777777777777778,18.8125,1043.6923076923076,0.7777777777777778,28.875,1045.8461538461538,0.7777777777777778,40.46808510638298,1045.8461538461538,0.7777777777777778,62.4468085106383,1045.8461538461538,0.7777777777777778,91.23404255319149,1045.8461538461538,0.7777777777777778,102.51063829787235,1045.8461538461538,0.7777777777777778,115.74468085106383,1045.8461538461538,0.7777777777777778,129.63829787234042,1045.8461538461538
0.7863247863247864,13.636363636363637,841.16,0.7863247863247864,18.8125,1043.6923076923076,0.7863247863247864,28.875,1045.8461538461538,0.7863247863247864,40.46808510638298,1045.8461538461538,0.7863247863247864,62.4468085106383,1045.8461538461538,0.7863247863247864,91.23404255319149,1045.8461538461538,0.7863247863247864,102.51063829787235,1045.8461538461538,0.7863247863247864,115.74468085106383,1045.8461538461538,0.7863247863247864,129.63829787234042,1045.8461538461538
0.7863247863247864,14.0,841.16,0.7863247863247864,19.0,1043.6923076923076,0.7863247863247864,29.272727272727273,1045.8461538461538,0.7863247863247864,50.8,1045.8461538461538,0.7863247863247864,84.0,1045.8461538461538,0.7863247863247864,91.8,1045.8461538461538,0.7863247863247864,148.6,1045.8461538461538,0.7863247863247864,178.67741935483872,1045.8461538461538,0.7863247863247864,178.67741935483872,1045.8461538461538
0.7948717948717949,14.0,841.16,0.7948717948717949,19.0,1043.6923076923076,0.7948717948717949,29.272727272727273,1045.8461538461538,0.7948717948717949,50.8,1045.8461538461538,0.7948717948717949,84.0,1045.8461538461538,0.7948717948717949,91.8,1045.8461538461538,0.7948717948717949,148.6,1045.8461538461538,0.7948717948717949,178.67741935483872,1045.8461538461538,0.7948717948717949,178.67741935483872,1045.8461538461538
0.7948717948717949,14.25,841.16,0.7948717948717949,23.333333333333332,1043.6923076923076,0.7948717948717949,38.166666666666664,1045.8461538461538,0.7948717948717949,70.83333333333333,1045.8461538461538,0.7948717948717949,138.33333333333334,1045.8461538461538,0.7948717948717949,151.83333333333334,1045.8461538461538,0.7948717948717949,165.5,1045.8461538461538,0.7948717948717949,183.33333333333334,1045.8461538461538,0.7948717948717949,184.0,1045.8461538461538
0.8034188034188035,14.25,841.16,0.8034188034188035,23.333333333333332,1043.6923076923076,0.8034188034188035,38.166666666666664,1045.8461538461538,0.8034188034188035,70.83333333333333,1045.8461538461538,0.8034188034188035,138.33333333333334,1045.8461538461538,0.8034188034188035,151.83333333333334,1045.8461538461538,0.8034188034188035,165.5,1045.8461538461538,0.8034188034188035,183.33333333333334,1045.8461538461538,0.8034188034188035,184.0,1045.8461538461538
0.8034188034188035,15.666666666666666,841.16,0.8034188034188035,28.875,1043.6923076923076,0.8034188034188035,50.8,1045.8461538461538,0.8034188034188035,80.85714285714286,1045.8461538461538,0.8034188034188035,142.0,1045.8461538461538,0.8034188034188035,178.67741935483872,1045.8461538461538,0.8034188034188035,178.67741935483872,1045.8461538461538,0.8034188034188035,210.33333333333334,1045.8461538461538,0.8034188034188035,210.5,1045.8461538461538
0.811965811965812,15.666666666666666,841.16,0.811965811965812,28.875,1043.6923076923076,0.811965811965812,50.8,1045.8461538461538,0.811965811965812,80.85714285714286,1045.8461538461538,0.811965811965812,142.0,1045.8461538461538,0.811965811965812,178.67741935483872,1045.8461538461538,0.811965811965812,178.67741935483872,1045.8461538461538,0.811965811965812,210.33333333333334,1045.8461538461538,0.811965811965812,210.5,1045.8461538461538
0.811965811965812,28.875,841.16,0.811965811965812,29.272727272727273,1043.6923076923076,0.811965811965812,52.42857142857143,1045.8461538461538,0.811965811965812,93.5,1045.8461538461538,0.811965811965812,150.33333333333334,1045.8461538461538,0.811965811965812,203.83333333333334,1045.8461538461538,0.811965811965812,210.33333333333334,1045.8461538461538,0.811965811965812,232.6,1045.8461538461538,0.811965811965812,239.66666666666666,1045.8461538461538
0.8205128205128206,28.875,841.16,0.8205128205128206,29.272727272727273,1043.6923076923076,0.8205128205128206,52.42857142857143,1045.8461538461538,0.8205128205128206,93.5,1045.8461538461538,0.8205128205128206,150.33333333333334,1045.8461538461538,0.8205128205128206,203.83333333333334,1045.8461538461538,0.8205128205128206,210.33333333333334,1045.8461538461538,0.8205128205128206,232.6,1045.8461538461538,0.8205128205128206,239.66666666666666,1045.8461538461538
0.8205128205128206,29.272727272727273,841.16,0.8205128205128206,44.166666666666664,1043.6923076923076,0.8205128205128206,70.83333333333333,1045.8461538461538,0.8205128205128206,108.8,1045.8461538461538,0.8205128205128206,178.0,1045.8461538461538,0.8205128205128206,205.6,1045.8461538461538,0.8205128205128206,232.6,1045.8461538461538,0.8205128205128206,235.4,1045.8461538461538,0.8205128205128206,243.2,1045.8461538461538
0.8290598290598291,29.272727272727273,841.16,0.8290598290598291,44.166666666666664,1043.6923076923076,0.8290598290598291,70.83333333333333,1045.8461538461538,0.8290598290598291,108.8,1045.8461538461538,0.8290598290598291,178.0,1045.8461538461538,0.8290598290598291,205.6,1045.8461538461538,0.8290598290598291,232.6,1045.8461538461538,0.8290598290598291,235.4,1045.8461538461538,0.8290598290598291,243.2,1045.8461538461538
0.8290598290598291,50.8,841.16,0.8290598290598291,50.8,1043.6923076923076,0.8290598290598291,80.57142857142857,1045.8461538461538,0.8290598290598291,176.16666666666666,1045.8461538461538,0.8290598290598291,178.67741935483872,1045.8461538461538,0.8290598290598291,215.66666666666666,1045.8461538461538,0.8290598290598291,236.16666666666666,1045.8461538461538,0.8290598290598291,239.66666666666666,1045.8461538461538,0.8290598290598291,250.8,1045.8461538461538
0.8376068376068376,50.8,841.16,0.8376068376068376,50.8,1043.6923076923076,0.8376068376068376,80.57142857142857,1045.8461538461538,0.8376068376068376,176.16666666666666,1045.8461538461538,0.8376068376068376,178.67741935483872,1045.8461538461538,0.8376068376068376,215.66666666666666,1045.8461538461538,0.8376068376068376,236.16666666666666,1045.8461538461538,0.8376068376068376,239.66666666666666,1045.8461538461538,0.8376068376068376,250.8,1045.8461538461538
0.8376068376068376,51.142857142857146,841.16,0.8376068376068376,51.142857142857146,1043.6923076923076,0.8376068376068376,90.33333333333333,1045.8461538461538,0.8376068376068376,178.67741935483872,1045.8461538461538,0.8376068376068376,185.6,1045.8461538461538,0.8376068376068376,252.6,1045.8461538461538,0.8376068376068376,289.2,1045.8461538461538,0.8376068376068376,293.4,1045.8461538461538,0.8376068376068376,293.8,1045.8461538461538
0.8461538461538463,51.142857142857146,841.16,0.8461538461538463,51.142857142857146,1043.6923076923076,0.8461538461538463,90.33333333333333,1045.8461538461538,0.8461538461538463,178.67741935483872,1045.8461538461538,0.8461538461538463,185.6,1045.8461538461538,0.8461538461538463,252.6,1045.8461538461538,0.8461538461538463,289.2,1045.8461538461538,0.8461538461538463,293.4,1045.8461538461538,0.8461538461538463,293.8,1045.8461538461538
0.8461538461538463,70.83333333333333,841.16,0.8461538461538463,70.83333333333333,1043.6923076923076,0.8461538461538463,108.8,1045.8461538461538,0.8461538461538463,265.1666666666667,1045.8461538461538,0.8461538461538463,309.1666666666667,1045.8461538461538,0.8461538461538463,354.8333333333333,1045.8461538461538,0.8461538461538463,379.8333333333333,1045.8461538461538,0.8461538461538463,391.8333333333333,1045.8461538461538,0.8461538461538463,406.5,1045.8461538461538
0.8547008547008548,70.83333333333333,841.16,0.8547008547008548,70.83333333333333,1043.6923076923076,0.8547008547008548,108.8,1045.8461538461538,0.8547008547008548,265.1666666666667,1045.8461538461538,0.8547008547008548,309.1666666666667,1045.8461538461538,0.8547008547008548,354.8333333333333,1045.8461538461538,0.8547008547008548,379.8333333333333,1045.8461538461538,0.8547008547008548,391.8333333333333,1045.8461538461538,0.8547008547008548,406.5,1045.8461538461538
0.8547008547008548,77.85714285714286,841.16,0.8547008547008548,79.85714285714286,1043.6923076923076,0.8547008547008548,158.33333333333334,1045.8461538461538,0.8547008547008548,489.72,1045.8461538461538,0.8547008547008548,489.78,1045.8461538461538,0.8547008547008548,489.78,1045.8461538461538,0.8547008547008548,489.78,1045.8461538461538,0.8547008547008548,489.78,1045.8461538461538,0.8547008547008548,489.78,1045.8461538461538
0.8632478632478633,77.85714285714286,841.16,0.8632478632478633,79.85714285714286,1043.6923076923076,0.8632478632478633,158.33333333333334,1045.8461538461538,0.8632478632478633,489.72,1045.8461538461538,0.8632478632478633,489.78,1045.8461538461538,0.8632478632478633,489.78,1045.8461538461538,0.8632478632478633,489.78,1045.8461538461538,0.8632478632478633,489.78,1045.8461538461538,0.8632478632478633,489.78,1045.8461538461538
0.8632478632478633,102.61538461538461,841.16,0.8632478632478633,108.8,1043.6923076923076,0.8632478632478633,178.67741935483872,1045.8461538461538,0.8632478632478633,522.9230769230769,1045.8461538461538,0.8632478632478633,522.9230769230769,1045.8461538461538,0.8632478632478633,522.9230769230769,1045.8461538461538,0.8632478632478633,522.9230769230769,1045.8461538461538,0.8632478632478633,522.9230769230769,1045.8461538461538,0.8632478632478633,522.9230769230769,1045.8461538461538
0.8717948717948718,102.61538461538461,841.16,0.8717948717948718,108.8,1043.6923076923076,0.8717948717948718,178.67741935483872,1045.8461538461538,0.8717948717948718,522.9230769230769,1045.8461538461538,0.8717948717948718,522.9230769230769,1045.8461538461538,0.8717948717948718,522.9230769230769,1045.8461538461538,0.8717948717948718,522.9230769230769,1045.8461538461538,0.8717948717948718,522.9230769230769,1045.8461538461538,0.8717948717948718,522.9230769230769,1045.8461538461538
0.8717948717948718,108.8,841.16,0.8717948717948718,486.38,1043.6923076923076,0.8717948717948718,489.66,1045.8461538461538,0.8717948717948718,1045.8461538461538,1045.8461538461538,0.8717948717948718,1045.8461538461538,1045.8461538461538,0.8717948717948718,1045.8461538461538,1045.8461538461538,0.8717948717948718,1045.8461538461538,1045.8461538461538,0.8717948717948718,1045.8461538461538,1045.8461538461538,0.8717948717948718,1045.8461538461538,1045.8461538461538
0.8803418803418804,108.8,841.16,0.8803418803418804,486.38,1043.6923076923076,0.8803418803418804,489.66,1045.8461538461538,0.8803418803418804,1045.8461538461538,1045.8461538461538,0.8803418803418804,1045.8461538461538,1045.8461538461538,0.8803418803418804,1045.8461538461538,1045.8461538461538,0.8803418803418804,1045.8461538461538,1045.8461538461538,0.8803418803418804,1045.8461538461538,1045.8461538461538,0.8803418803418804,1045.8461538461538,1045.8461538461538
0.8803418803418804,420.58,841.16,0.8803418803418804,521.8461538461538,1043.6923076923076,0.8803418803418804,522.9230769230769,1045.8461538461538,0.8803418803418804,1045.8461538461538,1045.8461538461538,0.8803418803418804,1045.8461538461538,1045.8461538461538,0.8803418803418804,1045.8461538461538,1045.8461538461538,0.8803418803418804,1045.8461538461538,1045.8461538461538,0.8803418803418804,1045.8461538461538,1045.8461538461538,0.8803418803418804,1045.8461538461538,1045.8461538461538
0.888888888888889,420.58,841.16,0.888888888888889,521.8461538461538,1043.6923076923076,0.888888888888889,522.9230769230769,1045.8461538461538,0.888888888888889,1045.8461538461538,1045.8461538461538,0.888888888888889,1045.8461538461538,1045.8461538461538,0.888888888888889,1045.8461538461538,1045.8461538461538,0.888888888888889,1045.8461538461538,1045.8461538461538,0.888888888888889,1045.8461538461538,1045.8461538461538,0.888888888888889,1045.8461538461538,1045.8461538461538
0.888888888888889,841.16,841.16,0.888888888888889,1043.6923076923076,1043.6923076923076,0.888888888888889,1045.8461538461538,1045.8461538461538,0.888888888888889,1045.8461538461538,1045.8461538461538,0.888888888888889,1045.8461538461538,1045.8461538461538,0.888888888888889,1045.8461538461538,1045.8461538461538,0.888888888888889,1045.8461538461538,1045.8461538461538,0.888888888888889,1045.8461538461538,1045.8461538461538,0.888888888888889,1045.8461538461538,1045.8461538461538
0.8974358974358975,841.16,841.16,0.8974358974358975,1043.6923076923076,1043.6923076923076,0.8974358974358975,1045.8461538461538,1045.8461538461538,0.8974358974358975,1045.8461538461538,1045.8461538461538,0.8974358974358975,1045.8461538461538,1045.8461538461538,0.8974358974358975,1045.8461538461538,1045.8461538461538,0.8974358974358975,1045.8461538461538,1045.8461538461538,0.8974358974358975,1045.8461538461538,1045.8461538461538,0.8974358974358975,1045.8461538461538,1045.8461538461538
0.8974358974358975,841.16,841.16,0.8974358974358975,1043.6923076923076,1043.6923076923076,0.8974358974358975,1045.8461538461538,1045.8461538461538,0.8974358974358975,1045.8461538461538,1045.8461538461538,0.8974358974358975,1045.8461538461538,1045.8461538461538,0.8974358974358975,1045.8461538461538,1045.8461538461538,0.8974358974358975,1045.8461538461538,1045.8461538461538,0.8974358974358975,1045.8461538461538,1045.8461538461538,0.8974358974358975,1045.8461538461538,1045.8461538461538
0.9059829059829061,841.16,841.16,0.9059829059829061,1043.6923076923076,1043.6923076923076,0.9059829059829061,1045.8461538461538,1045.8461538461538,0.9059829059829061,1045.8461538461538,1045.8461538461538,0.9059829059829061,1045.8461538461538,1045.8461538461538,0.9059829059829061,1045.8461538461538,1045.8461538461538,0.9059829059829061,1045.8461538461538,1045.8461538461538,0.9059829059829061,1045.8461538461538,1045.8461538461538,0.9059829059829061,1045.8461538461538,1045.8461538461538
0.9059829059829061,841.16,841.16,0.9059829059829061,1043.6923076923076,1043.6923076923076,0.9059829059829061,1045.8461538461538,1045.8461538461538,0.9059829059829061,1045.8461538461538,1045.8461538461538,0.9059829059829061,1045.8461538461538,1045.8461538461538,0.9059829059829061,1045.8461538461538,1045.8461538461538,0.9059829059829061,1045.8461538461538,1045.8461538461538,0.9059829059829061,1045.8461538461538,1045.8461538461538,0.9059829059829061,1045.8461538461538,1045.8461538461538
0.9145299145299146,841.16,841.16,0.9145299145299146,1043.6923076923076,1043.6923076923076,0.9145299145299146,1045.8461538461538,1045.8461538461538,0.9145299145299146,1045.8461538461538,1045.8461538461538,0.9145299145299146,1045.8461538461538,1045.8461538461538,0.9145299145299146,1045.8461538461538,1045.8461538461538,0.9145299145299146,1045.8461538461538,1045.8461538461538,0.9145299145299146,1045.8461538461538,1045.8461538461538,0.9145299145299146,1045.8461538461538,1045.8461538461538
0.9145299145299146,841.16,841.16,0.9145299145299146,1043.6923076923076,1043.6923076923076,0.9145299145299146,1045.8461538461538,1045.8461538461538,0.9145299145299146,1045.8461538461538,1045.8461538461538,0.9145299145299146,1045.8461538461538,1045.8461538461538,0.9145299145299146,1045.8461538461538,1045.8461538461538,0.9145299145299146,1045.8461538461538,1045.8461538461538,0.9145299145299146,1045.8461538461538,1045.8461538461538,0.9145299145299146,1045.8461538461538,1045.8461538461538
0.9230769230769231,841.16,841.16,0.9230769230769231,1043.6923076923076,1043.6923076923076,0.9230769230769231,1045.8461538461538,1045.8461538461538,0.9230769230769231,1045.8461538461538,1045.8461538461538,0.9230769230769231,1045.8461538461538,1045.8461538461538,0.9230769230769231,1045.8461538461538,1045.8461538461538,0.9230769230769231,1045.8461538461538,1045.8461538461538,0.9230769230769231,1045.8461538461538,1045.8461538461538,0.9230769230769231,1045.8461538461538,1045.8461538461538
0.9230769230769231,841.16,841.16,0.9230769230769231,1043.6923076923076,1043.6923076923076,0.9230769230769231,1045.8461538461538,1045.8461538461538,0.9230769230769231,1045.8461538461538,1045.8461538461538,0.9230769230769231,1045.8461538461538,1045.8461538461538,0.9230769230769231,1045.8461538461538,1045.8461538461538,0.9230769230769231,1045.8461538461538,1045.8461538461538,0.9230769230769231,1045.8461538461538,1045.8461538461538,0.9230769230769231,1045.8461538461538,1045.8461538461538
0.9316239316239316,841.16,841.16,0.9316239316239316,1043.6923076923076,1043.6923076923076,0.9316239316239316,1045.8461538461538,1045.8461538461538,0.9316239316239316,1045.8461538461538,1045.8461538461538,0.9316239316239316,1045.8461538461538,1045.8461538461538,0.9316239316239316,1045.8461538461538,1045.8461538461538,0.9316239316239316,1045.8461538461538,1045.8461538461538,0.9316239316239316,1045.8461538461538,1045.8461538461538,0.9316239316239316,1045.8461538461538,1045.8461538461538
0.9316239316239316,841.16,841.16,0.9316239316239316,1043.6923076923076,1043.6923076923076,0.9316239316239316,1045.8461538461538,1045.8461538461538,0.9316239316239316,1045.8461538461538,1045.8461538461538,0.9316239316239316,1045.8461538461538,1045.8461538461538,0.9316239316239316,1045.8461538461538,1045.8461538461538,0.9316239316239316,1045.8461538461538,1045.8461538461538,0.9316239316239316,1045.8461538461538,1045.8461538461538,0.9316239316239316,1045.8461538461538,1045.8461538461538
0.9401709401709403,841.16,841.16,0.9401709401709403,1043.6923076923076,1043.6923076923076,0.9401709401709403,1045.8461538461538,1045.8461538461538,0.9401709401709403,1045.8461538461538,1045.8461538461538,0.9401709401709403,1045.8461538461538,1045.8461538461538,0.9401709401709403,1045.8461538461538,1045.8461538461538,0.9401709401709403,1045.8461538461538,1045.8461538461538,0.9401709401709403,1045.8461538461538,1045.8461538461538,0.9401709401709403,1045.8461538461538,1045.8461538461538
0.9401709401709403,841.16,841.16,0.9401709401709403,1043.6923076923076,1043.6923076923076,0.9401709401709403,1045.8461538461538,1045.8461538461538,0.9401709401709403,1045.8461538461538,1045.8461538461538,0.9401709401709403,1045.8461538461538,1045.8461538461538,0.9401709401709403,1045.8461538461538,1045.8461538461538,0.9401709401709403,1045.8461538461538,1045.8461538461538,0.9401709401709403,1045.8461538461538,1045.8461538461538,0.9401709401709403,1045.8461538461538,1045.8461538461538
0.9487179487179488,841.16,841.16,0.9487179487179488,1043.6923076923076,1043.6923076923076,0.9487179487179488,1045.8461538461538,1045.8461538461538,0.9487179487179488,1045.8461538461538,1045.8461538461538,0.9487179487179488,1045.8461538461538,1045.8461538461538,0.9487179487179488,1045.8461538461538,1045.8461538461538,0.9487179487179488,1045.8461538461538,1045.8461538461538,0.9487179487179488,1045.8461538461538,1045.8461538461538,0.9487179487179488,1045.8461538461538,1045.8461538461538
0.9487179487179488,841.16,841.16,0.9487179487179488,1043.6923076923076,1043.6923076923076,0.9487179487179488,1045.8461538461538,1045.8461538461538,0.9487179487179488,1045.8461538461538,1045.8461538461538,0.9487179487179488,1045.8461538461538,1045.8461538461538,0.9487179487179488,1045.8461538461538,1045.8461538461538,0.9487179487179488,1045.8461538461538,1045.8461538461538,0.9487179487179488,1045.8461538461538,1045.8461538461538,0.9487179487179488,1045.8461538461538,1045.8461538461538
0.9572649572649573,841.16,841.16,0.9572649572649573,1043.6923076923076,1043.6923076923076,0.9572649572649573,1045.8461538461538,1045.8461538461538,0.9572649572649573,1045.8461538461538,1045.8461538461538,0.9572649572649573,1045.8461538461538,1045.8461538461538,0.9572649572649573,1045.8461538461538,1045.8461538461538,0.9572649572649573,1045.8461538461538,1045.8461538461538,0.9572649572649573,1045.8461538461538,1045.8461538461538,0.9572649572649573,1045.8461538461538,1045.8461538461538
0.9572649572649573,841.16,841.16,0.9572649572649573,1043.6923076923076,1043.6923076923076,0.9572649572649573,1045.8461538461538,1045.8461538461538,0.9572649572649573,1045.8461538461538,1045.8461538461538,0.9572649572649573,1045.8461538461538,1045.8461538461538,0.9572649572649573,1045.8461538461538,1045.8461538461538,0.9572649572649573,1045.8461538461538,1045.8461538461538,0.9572649572649573,1045.8461538461538,1045.8461538461538,0.9572649572649573,1045.8461538461538,1045.8461538461538
0.9658119658119659,841.16,841.16,0.9658119658119659,1043.6923076923076,1043.6923076923076,0.9658119658119659,1045.8461538461538,1045.8461538461538,0.9658119658119659,1045.8461538461538,1045.8461538461538,0.9658119658119659,1045.8461538461538,1045.8461538461538,0.9658119658119659,1045.8461538461538,1045.8461538461538,0.9658119658119659,1045.8461538461538,1045.8461538461538,0.9658119658119659,1045.8461538461538,1045.8461538461538,0.9658119658119659,1045.8461538461538,1045.8461538461538
0.9658119658119659,841.16,841.16,0.9658119658119659,1043.6923076923076,1043.6923076923076,0.9658119658119659,1045.8461538461538,1045.8461538461538,0.9658119658119659,1045.8461538461538,1045.8461538461538,0.9658119658119659,1045.8461538461538,1045.8461538461538,0.9658119658119659,1045.8461538461538,1045.8461538461538,0.9658119658119659,1045.8461538461538,1045.8461538461538,0.9658119658119659,1045.8461538461538,1045.8461538461538,0.9658119658119659,1045.8461538461538,1045.8461538461538
0.9743589743589745,841.16,841.16,0.9743589743589745,1043.6923076923076,1043.6923076923076,0.9743589743589745,1045.8461538461538,1045.8461538461538,0.9743589743589745,1045.8461538461538,1045.8461538461538,0.9743589743589745,1045.8461538461538,1045.8461538461538,0.9743589743589745,1045.8461538461538,1045.8461538461538,0.9743589743589745,1045.8461538461538,1045.8461538461538,0.9743589743589745,1045.8461538461538,1045.8461538461538,0.9743589743589745,1045.8461538461538,1045.8461538461538
0.9743589743589745,841.16,841.16,0.9743589743589745,1043.6923076923076,1043.6923076923076,0.9743589743589745,1045.8461538461538,1045.8461538461538,0.9743589743589745,1045.8461538461538,1045.8461538461538,0.9743589743589745,1045.8461538461538,1045.8461538461538,0.9743589743589745,1045.8461538461538,1045.8461538461538,0.9743589743589745,1045.8461538461538,1045.8461538461538,0.9743589743589745,1045.8461538461538,1045.8461538461538,0.9743589743589745,1045.8461538461538,1045.8461538461538
0.982905982905983,841.16,841.16,0.982905982905983,1043.6923076923076,1043.6923076923076,0.982905982905983,1045.8461538461538,1045.8461538461538,0.982905982905983,1045.8461538461538,1045.8461538461538,0.982905982905983,1045.8461538461538,1045.8461538461538,0.982905982905983,1045.8461538461538,1045.8461538461538,0.982905982905983,1045.8461538461538,1045.8461538461538,0.982905982905983,1045.8461538461538,1045.8461538461538,0.982905982905983,1045.8461538461538,1045.8461538461538
0.982905982905983,841.16,841.16,0.982905982905983,1043.6923076923076,1043.6923076923076,0.982905982905983,1045.8461538461538,1045.8461538461538,0.982905982905983,1045.8461538461538,1045.8461538461538,0.982905982905983,1045.8461538461538,1045.8461538461538,0.982905982905983,1045.8461538461538,1045.8461538461538,0.982905982905983,1045.8461538461538,1045.8461538461538,0.982905982905983,1045.8461538461538,1045.8461538461538,0.982905982905983,1045.8461538461538,1045.8461538461538
0.9914529914529915,841.16,841.16,0.9914529914529915,1043.6923076923076,1043.6923076923076,0.9914529914529915,1045.8461538461538,1045.8461538461538,0.9914529914529915,1045.8461538461538,1045.8461538461538,0.9914529914529915,1045.8461538461538,1045.8461538461538,0.9914529914529915,1045.8461538461538,1045.8461538461538,0.9914529914529915,1045.8461538461538,1045.8461538461538,0.9914529914529915,1045.8461538461538,1045.8461538461538,0.9914529914529915,1045.8461538461538,1045.8461538461538
0.9914529914529915,841.16,841.16,0.9914529914529915,1043.6923076923076,1043.6923076923076,0.9914529914529915,1045.8461538461538,1045.8461538461538,0.9914529914529915,1045.8461538461538,1045.8461538461538,0.9914529914529915,1045.8461538461538,1045.8461538461538,0.9914529914529915,1045.8461538461538,1045.8461538461538,0.9914529914529915,1045.8461538461538,1045.8461538461538,0.9914529914529915,1045.8461538461538,1045.8461538461538,0.9914529914529915,1045.8461538461538,1045.8461538461538
1.0,841.16,841.16,1.0,1043.6923076923076,1043.6923076923076,1.0,1045.8461538461538,1045.8461538461538,1.0,1045.8461538461538,1045.8461538461538,1.0,1045.8461538461538,1045.8461538461538,1.0,1045.8461538461538,1045.8461538461538,1.0,1045.8461538461538,1045.8461538461538,1.0,1045.8461538461538,1045.8461538461538,1.0,1045.8461538461538,1045.8461538461538
1.0,841.16,841.16,1.0,1043.6923076923076,1043.6923076923076,1.0,1045.8461538461538,1045.8461538461538,1.0,1045.8461538461538,1045.8461538461538,1.0,1045.8461538461538,1045.8461538461538,1.0,1045.8461538461538,1045.8461538461538,1.0,1045.8461538461538,1045.8461538461538,1.0,1045.8461538461538,1045.8461538461538,1.0,1045.8461538461538,1045.8461538461538
