y1,x1_COBYQA,x1_COBYLA,y2,x2_COBYQA,x2_COBYLA,y3,x3_COBYQA,x3_COBYLA,y4,x4_COBYQA,x4_COBYLA,y5,x5_COBYQA,x5_COBYLA,y6,x6_COBYQA,x6_COBYLA,y7,x7_COBYQA,x7_COBYLA,y8,x8_COBYQA,x8_COBYLA,y9,x9_COBYQA,x9_COBYLA
0.0,0.0,0.0,0.0,0.0,0.0,0.0,0.0,0.0,0.0,0.0,0.0,0.0,0.0,0.0,0.0,0.0,0.0,0.0,0.0,0.0,0.0,0.0,0.0,0.0,0.0,0.0
0.0,0.0,0.0,0.0,0.0,0.0,0.0,0.0,0.0,0.0,0.0,0.0,0.0,0.0,0.0,0.0,0.0,0.0,0.0,0.0,0.0,0.0,0.0,0.0,0.0,0.0,0.0
0.009259259259259259,0.0,0.0,0.009259259259259259,0.0,0.0,0.009259259259259259,0.0,0.0,0.009259259259259259,0.0,0.0,0.009259259259259259,0.0,0.0,0.009259259259259259,0.0,0.0,0.009259259259259259,0.0,0.0,0.009259259259259259,0.0,0.0,0.009259259259259259,0.0,0.0
0.009259259259259259,0.0,0.0,0.009259259259259259,0.0,0.0,0.009259259259259259,0.0,0.0,0.009259259259259259,0.0,0.0,0.009259259259259259,0.0,0.0,0.009259259259259259,0.0,0.0,0.009259259259259259,0.0,0.0,0.009259259259259259,0.0,0.0,0.009259259259259259,0.0,0.0
0.018518518518518517,0.0,0.0,0.018518518518518517,0.0,0.0,0.018518518518518517,0.0,0.0,0.018518518518518517,0.0,0.0,0.018518518518518517,0.0,0.0,0.018518518518518517,0.0,0.0,0.018518518518518517,0.0,0.0,0.018518518518518517,0.0,0.0,0.018518518518518517,0.0,0.0
0.018518518518518517,0.0,0.0,0.018518518518518517,0.0,0.0,0.018518518518518517,0.0,0.0,0.018518518518518517,0.0,0.0,0.018518518518518517,0.0,0.0,0.018518518518518517,0.0,0.0,0.018518518518518517,0.0,0.0,0.018518518518518517,0.0,0.0,0.018518518518518517,0.0,0.0
0.027777777777777776,0.0,0.0,0.027777777777777776,0.0,0.0,0.027777777777777776,0.0,0.0,0.027777777777777776,0.0,0.0,0.027777777777777776,0.0,0.0,0.027777777777777776,0.0,0.0,0.027777777777777776,0.0,0.0,0.027777777777777776,0.0,0.0,0.027777777777777776,0.0,0.0
0.027777777777777776,0.0,0.0,0.027777777777777776,0.0,0.0,0.027777777777777776,0.0,0.0,0.027777777777777776,0.0,0.0,0.027777777777777776,0.0,0.0,0.027777777777777776,0.0,0.0,0.027777777777777776,0.0,0.0,0.027777777777777776,0.0,0.0,0.027777777777777776,0.0,0.0
0.037037037037037035,0.0,0.0,0.037037037037037035,0.0,0.0,0.037037037037037035,0.0,0.0,0.037037037037037035,0.0,0.0,0.037037037037037035,0.0,0.0,0.037037037037037035,0.0,0.0,0.037037037037037035,0.0,0.0,0.037037037037037035,0.0,0.0,0.037037037037037035,0.0,0.0
0.037037037037037035,0.0,0.0,0.037037037037037035,0.0,0.0,0.037037037037037035,0.0,0.0,0.037037037037037035,0.0,0.0,0.037037037037037035,0.0,0.0,0.037037037037037035,0.0,0.0,0.037037037037037035,0.0,0.0,0.037037037037037035,0.0,0.0,0.037037037037037035,0.0,0.0
0.046296296296296294,0.0,0.0,0.046296296296296294,0.0,0.0,0.046296296296296294,0.0,0.0,0.046296296296296294,0.0,0.0,0.046296296296296294,0.0,0.0,0.046296296296296294,0.0,0.0,0.046296296296296294,0.0,0.0,0.046296296296296294,0.0,0.0,0.046296296296296294,0.0,0.0
0.046296296296296294,0.0,0.0,0.046296296296296294,0.0,0.0,0.046296296296296294,0.0,0.0,0.046296296296296294,0.0,0.0,0.046296296296296294,0.0,0.0,0.046296296296296294,0.0,0.0,0.046296296296296294,0.0,0.0,0.046296296296296294,0.0,0.0,0.046296296296296294,0.0,0.0
0.05555555555555555,0.0,0.0,0.05555555555555555,0.0,0.0,0.05555555555555555,0.0,0.0,0.05555555555555555,0.0,0.0,0.05555555555555555,0.0,0.0,0.05555555555555555,0.0,0.0,0.05555555555555555,0.0,0.0,0.05555555555555555,0.0,0.0,0.05555555555555555,0.0,0.0
0.05555555555555555,0.0,0.0,0.05555555555555555,0.0,0.0,0.05555555555555555,0.0,0.0,0.05555555555555555,0.0,0.0,0.05555555555555555,0.0,0.0,0.05555555555555555,0.0,0.0,0.05555555555555555,0.0,0.0,0.05555555555555555,0.0,0.0,0.05555555555555555,0.0,0.0
0.06481481481481481,0.0,0.0,0.06481481481481481,0.0,0.0,0.06481481481481481,0.0,0.0,0.06481481481481481,0.0,0.0,0.06481481481481481,0.0,0.0,0.06481481481481481,0.0,0.0,0.06481481481481481,0.0,0.0,0.06481481481481481,0.0,0.0,0.06481481481481481,0.0,0.0
0.06481481481481481,0.0,0.0,0.06481481481481481,0.0,0.0,0.06481481481481481,0.0,0.0,0.06481481481481481,0.0,0.0,0.06481481481481481,0.0,0.0,0.06481481481481481,0.0,0.0,0.06481481481481481,0.0,0.0,0.06481481481481481,0.0,0.0,0.06481481481481481,0.0,0.0
0.07407407407407407,0.0,0.0,0.07407407407407407,0.0,0.0,0.07407407407407407,0.0,0.0,0.07407407407407407,0.0,0.0,0.07407407407407407,0.0,0.0,0.07407407407407407,0.0,0.0,0.07407407407407407,0.0,0.0,0.07407407407407407,0.0,0.0,0.07407407407407407,0.0,0.0
0.07407407407407407,0.0,0.0,0.07407407407407407,0.0,0.0,0.07407407407407407,0.0,0.0,0.07407407407407407,0.0,0.0,0.07407407407407407,0.0,0.0,0.07407407407407407,0.0,0.0,0.07407407407407407,0.0,0.0,0.07407407407407407,0.0,0.0,0.07407407407407407,0.0,0.0
0.08333333333333333,0.0,0.0,0.08333333333333333,0.0,0.0,0.08333333333333333,0.0,0.0,0.08333333333333333,0.0,0.0,0.08333333333333333,0.0,0.0,0.08333333333333333,0.0,0.0,0.08333333333333333,0.0,0.0,0.08333333333333333,0.0,0.0,0.08333333333333333,0.0,0.0
0.08333333333333333,0.0,0.0,0.08333333333333333,0.0,0.0,0.08333333333333333,0.0,0.0,0.08333333333333333,0.0,0.0,0.08333333333333333,0.0,0.0,0.08333333333333333,0.0,0.0,0.08333333333333333,0.0,0.0,0.08333333333333333,0.0,0.0,0.08333333333333333,0.0,0.0
0.09259259259259259,0.0,0.0,0.09259259259259259,0.0,0.0,0.09259259259259259,0.0,0.0,0.09259259259259259,0.0,0.0,0.09259259259259259,0.0,0.0,0.09259259259259259,0.0,0.0,0.09259259259259259,0.0,0.0,0.09259259259259259,0.0,0.0,0.09259259259259259,0.0,0.0
0.09259259259259259,0.0,0.0,0.09259259259259259,0.0,0.0,0.09259259259259259,0.0,0.0,0.09259259259259259,0.0,0.0,0.09259259259259259,0.0,0.0,0.09259259259259259,0.0,0.0,0.09259259259259259,0.0,0.0,0.09259259259259259,0.0,0.0,0.09259259259259259,0.0,0.0
0.10185185185185185,0.0,0.0,0.10185185185185185,0.0,0.0,0.10185185185185185,0.0,0.0,0.10185185185185185,0.0,0.0,0.10185185185185185,0.0,0.0,0.10185185185185185,0.0,0.0,0.10185185185185185,0.0,0.0,0.10185185185185185,0.0,0.0,0.10185185185185185,0.0,0.0
0.10185185185185185,0.0,0.0,0.10185185185185185,0.0,0.0,0.10185185185185185,0.0,0.0,0.10185185185185185,0.0,0.0,0.10185185185185185,0.0,0.0,0.10185185185185185,0.0,0.0,0.10185185185185185,0.0,0.0,0.10185185185185185,0.0,0.0,0.10185185185185185,0.0,0.0
0.1111111111111111,0.0,0.0,0.1111111111111111,0.0,0.0,0.1111111111111111,0.0,0.0,0.1111111111111111,0.0,0.0,0.1111111111111111,0.0,0.0,0.1111111111111111,0.0,0.0,0.1111111111111111,0.0,0.0,0.1111111111111111,0.0,0.0,0.1111111111111111,0.0,0.0
0.1111111111111111,0.0,0.0,0.1111111111111111,0.0,0.0,0.1111111111111111,0.0,0.0,0.1111111111111111,0.0,0.0,0.1111111111111111,0.0,0.0,0.1111111111111111,0.0,0.0,0.1111111111111111,0.0,0.0,0.1111111111111111,0.0,0.0,0.1111111111111111,0.0,0.0
0.12037037037037036,0.0,0.0,0.12037037037037036,0.0,0.0,0.12037037037037036,0.0,0.0,0.12037037037037036,0.0,0.0,0.12037037037037036,0.0,0.0,0.12037037037037036,0.0,0.0,0.12037037037037036,0.0,0.0,0.12037037037037036,0.0,0.0,0.12037037037037036,0.0,0.0
0.12037037037037036,0.0,0.0,0.12037037037037036,0.0,0.0,0.12037037037037036,0.0,0.0,0.12037037037037036,0.0,0.0,0.12037037037037036,0.0,0.0,0.12037037037037036,0.0,0.0,0.12037037037037036,0.0,0.0,0.12037037037037036,0.0,0.0,0.12037037037037036,0.0,0.0
0.12962962962962962,0.0,0.0,0.12962962962962962,0.0,0.0,0.12962962962962962,0.0,0.0,0.12962962962962962,0.0,0.0,0.12962962962962962,0.0,0.0,0.12962962962962962,0.0,0.0,0.12962962962962962,0.0,0.0,0.12962962962962962,0.0,0.0,0.12962962962962962,0.0,0.0
0.12962962962962962,0.0,0.0,0.12962962962962962,0.0,0.0,0.12962962962962962,0.0,0.0,0.12962962962962962,0.0,0.0,0.12962962962962962,0.0,0.0,0.12962962962962962,0.0,0.0,0.12962962962962962,0.0,0.0,0.12962962962962962,0.0,0.0,0.12962962962962962,0.0,0.0
0.1388888888888889,0.0,0.0,0.1388888888888889,0.0,0.0,0.1388888888888889,0.0,0.0,0.1388888888888889,0.0,0.0,0.1388888888888889,0.0,0.0,0.1388888888888889,0.0,0.0,0.1388888888888889,0.0,0.0,0.1388888888888889,0.0,0.0,0.1388888888888889,0.0,0.0
0.1388888888888889,0.0,0.0,0.1388888888888889,0.0,0.0,0.1388888888888889,0.0,0.0,0.1388888888888889,0.0,0.0,0.1388888888888889,0.0,0.0,0.1388888888888889,0.0,0.0,0.1388888888888889,0.0,0.0,0.1388888888888889,0.0,0.0,0.1388888888888889,0.0,0.0
0.14814814814814814,0.0,0.0,0.14814814814814814,0.0,0.0,0.14814814814814814,0.0,0.0,0.14814814814814814,0.0,0.0,0.14814814814814814,0.0,0.0,0.14814814814814814,0.0,0.0,0.14814814814814814,0.0,0.0,0.14814814814814814,0.0,0.0,0.14814814814814814,0.0,0.0
0.14814814814814814,0.0,0.0,0.14814814814814814,0.0,0.0,0.14814814814814814,0.0,0.0,0.14814814814814814,0.0,0.0,0.14814814814814814,0.0,0.0,0.14814814814814814,0.0,0.0,0.14814814814814814,0.0,0.0,0.14814814814814814,0.0,0.0,0.14814814814814814,0.0,0.0
0.15740740740740738,0.0,0.0,0.15740740740740738,0.0,0.0,0.15740740740740738,0.0,0.0,0.15740740740740738,0.0,0.0,0.15740740740740738,0.0,0.0,0.15740740740740738,0.0,0.0,0.15740740740740738,0.0,0.0,0.15740740740740738,0.0,0.0,0.15740740740740738,0.0,0.0
0.15740740740740738,0.0,0.0,0.15740740740740738,0.0,0.0,0.15740740740740738,0.0,0.0,0.15740740740740738,0.0,0.0,0.15740740740740738,0.0,0.0,0.15740740740740738,0.0,0.0,0.15740740740740738,0.0,0.0,0.15740740740740738,0.0,0.0,0.15740740740740738,0.0,0.0
0.16666666666666663,0.0,0.0,0.16666666666666663,0.0,0.0,0.16666666666666663,0.0,0.0,0.16666666666666663,0.0,0.0,0.16666666666666663,0.0,0.0,0.16666666666666663,0.0,0.0,0.16666666666666663,0.0,0.0,0.16666666666666663,0.0,0.0,0.16666666666666663,0.0,0.0
0.16666666666666663,0.0,0.0,0.16666666666666663,0.0,0.0,0.16666666666666663,0.0,0.0,0.16666666666666663,0.0,0.0,0.16666666666666663,0.0,0.0,0.16666666666666663,0.0,0.0,0.16666666666666663,0.0,0.0,0.16666666666666663,0.0,0.0,0.16666666666666663,0.0,0.0
0.17592592592592593,0.0,0.0,0.17592592592592593,0.0,0.0,0.17592592592592593,0.0,0.0,0.17592592592592593,0.0,0.0,0.17592592592592593,0.0,0.0,0.17592592592592593,0.0,0.0,0.17592592592592593,0.0,0.0,0.17592592592592593,0.0,0.0,0.17592592592592593,0.0,0.0
0.17592592592592593,0.0,0.0,0.17592592592592593,0.0,0.0,0.17592592592592593,0.0,0.0,0.17592592592592593,0.0,0.0,0.17592592592592593,0.0,0.0,0.17592592592592593,0.0,0.0,0.17592592592592593,0.0,0.0,0.17592592592592593,0.0,0.0,0.17592592592592593,0.0,0.0
0.18518518518518517,0.0,0.0,0.18518518518518517,0.0,0.0,0.18518518518518517,0.0,0.0,0.18518518518518517,0.0,0.0,0.18518518518518517,0.0,0.0,0.18518518518518517,0.0,0.0,0.18518518518518517,0.0,0.0,0.18518518518518517,0.0,0.0,0.18518518518518517,0.0,0.0
0.18518518518518517,0.0,0.0,0.18518518518518517,0.0,0.0,0.18518518518518517,0.0,0.0,0.18518518518518517,0.0,0.0,0.18518518518518517,0.0,0.0,0.18518518518518517,0.0,0.0,0.18518518518518517,0.0,0.0,0.18518518518518517,0.0,0.0,0.18518518518518517,0.0,0.0
0.19444444444444442,0.0,0.0,0.19444444444444442,0.0,0.0,0.19444444444444442,0.0,0.0,0.19444444444444442,0.0,0.0,0.19444444444444442,0.0,0.0,0.19444444444444442,0.0,0.0,0.19444444444444442,0.0,0.0,0.19444444444444442,0.0,0.0,0.19444444444444442,0.0,0.0
0.19444444444444442,0.0,0.0,0.19444444444444442,0.0,0.0,0.19444444444444442,0.0,0.0,0.19444444444444442,0.0,0.0,0.19444444444444442,0.0,0.0,0.19444444444444442,0.0,0.0,0.19444444444444442,0.0,0.0,0.19444444444444442,0.0,0.0,0.19444444444444442,0.0,0.0
0.20370370370370366,0.0,0.0,0.20370370370370366,0.0,0.0,0.20370370370370366,0.0,0.0,0.20370370370370366,0.0,0.0,0.20370370370370366,0.0,0.0,0.20370370370370366,0.0,0.0,0.20370370370370366,0.0,0.0,0.20370370370370366,0.0,0.0,0.20370370370370366,0.0,0.0
0.20370370370370366,0.0,0.0,0.20370370370370366,0.0,0.0,0.20370370370370366,0.0,0.0,0.20370370370370366,0.0,0.0,0.20370370370370366,0.0,0.0,0.20370370370370366,0.0,0.0,0.20370370370370366,0.0,0.0,0.20370370370370366,0.0,0.0,0.20370370370370366,0.0,0.0
0.21296296296296297,0.0,0.0,0.21296296296296297,0.0,0.0,0.21296296296296297,0.0,0.0,0.21296296296296297,0.0,0.0,0.21296296296296297,0.0,0.0,0.21296296296296297,0.0,0.0,0.21296296296296297,0.0,0.0,0.21296296296296297,0.0,0.0,0.21296296296296297,0.0,0.0
0.21296296296296297,0.0,0.0,0.21296296296296297,0.0,0.0,0.21296296296296297,0.0,0.0,0.21296296296296297,0.0,0.0,0.21296296296296297,0.0,0.0,0.21296296296296297,0.0,0.0,0.21296296296296297,0.0,0.0,0.21296296296296297,0.0,0.0,0.21296296296296297,0.0,0.0
0.2222222222222222,0.0,0.0,0.2222222222222222,0.0,0.0,0.2222222222222222,0.0,0.0,0.2222222222222222,0.0,0.0,0.2222222222222222,0.0,0.0,0.2222222222222222,0.0,0.0,0.2222222222222222,0.0,0.0,0.2222222222222222,0.0,0.0,0.2222222222222222,0.0,0.0
0.2222222222222222,0.0,0.0,0.2222222222222222,0.0,0.0,0.2222222222222222,0.0,0.0,0.2222222222222222,0.0,0.0,0.2222222222222222,0.0,0.0,0.2222222222222222,0.0,0.0,0.2222222222222222,0.0,0.0,0.2222222222222222,0.0,0.0,0.2222222222222222,0.0,0.0
0.23148148148148145,0.0,0.0,0.23148148148148145,0.0,0.0,0.23148148148148145,0.0,0.0,0.23148148148148145,0.0,0.0,0.23148148148148145,0.0,0.0,0.23148148148148145,0.0,0.0,0.23148148148148145,0.0,0.0,0.23148148148148145,0.0,0.0,0.23148148148148145,0.0,0.0
0.23148148148148145,0.0,0.0,0.23148148148148145,0.0,0.0,0.23148148148148145,0.0,0.0,0.23148148148148145,0.0,0.0,0.23148148148148145,0.0,0.0,0.23148148148148145,0.0,0.0,0.23148148148148145,0.0,0.0,0.23148148148148145,0.0,0.0,0.23148148148148145,0.0,0.0
0.2407407407407407,0.0,0.0,0.2407407407407407,0.0,0.0,0.2407407407407407,0.0,0.0,0.2407407407407407,0.0,0.0,0.2407407407407407,0.0,0.0,0.2407407407407407,0.0,0.0,0.2407407407407407,0.0,0.0,0.2407407407407407,0.0,0.0,0.2407407407407407,0.0,0.0
0.2407407407407407,0.0,0.0,0.2407407407407407,0.0,0.0,0.2407407407407407,0.0,0.0,0.2407407407407407,0.0,0.0,0.2407407407407407,0.0,0.0,0.2407407407407407,0.0,0.0,0.2407407407407407,0.0,0.0,0.2407407407407407,0.0,0.0,0.2407407407407407,0.0,0.0
0.25,0.0,0.0,0.25,0.0,0.0,0.25,0.0,0.0,0.25,0.0,0.0,0.25,0.0,0.0,0.25,0.0,0.0,0.25,0.0,0.0,0.25,0.0,0.0,0.25,0.0,0.0
0.25,0.0,0.0,0.25,0.0,0.0,0.25,0.0,0.0,0.25,0.0,0.0,0.25,0.0,0.0,0.25,0.0,0.0,0.25,0.0,0.0,0.25,0.0,0.0,0.25,0.0,0.0
0.25925925925925924,0.0,0.0,0.25925925925925924,0.0,0.0,0.25925925925925924,0.0,0.0,0.25925925925925924,0.0,0.0,0.25925925925925924,0.0,0.0,0.25925925925925924,0.0,0.0,0.25925925925925924,0.0,0.0,0.25925925925925924,0.0,0.0,0.25925925925925924,0.0,0.0
0.25925925925925924,0.0,0.0,0.25925925925925924,0.0,0.0,0.25925925925925924,0.0,0.0,0.25925925925925924,0.0,0.0,0.25925925925925924,0.0,0.0,0.25925925925925924,0.0,0.0,0.25925925925925924,0.0,0.0,0.25925925925925924,0.0,0.0,0.25925925925925924,0.0,0.0
0.2685185185185185,0.0,0.0,0.2685185185185185,0.0,0.0,0.2685185185185185,0.0,0.0,0.2685185185185185,0.0,0.0,0.2685185185185185,0.0,0.0,0.2685185185185185,0.0,0.0,0.2685185185185185,0.0,0.0,0.2685185185185185,0.0,0.0,0.2685185185185185,0.0,0.0
0.2685185185185185,0.0,0.0,0.2685185185185185,0.0,0.0,0.2685185185185185,0.0,0.0,0.2685185185185185,0.0,0.0,0.2685185185185185,0.0,0.0,0.2685185185185185,0.0,0.0,0.2685185185185185,0.0,0.0,0.2685185185185185,0.0,0.0,0.2685185185185185,0.0,0.0
0.27777777777777773,0.0,0.0,0.27777777777777773,0.0,0.0,0.27777777777777773,0.0,0.0,0.27777777777777773,0.0,0.0,0.27777777777777773,0.0,0.0,0.27777777777777773,0.0,0.0,0.27777777777777773,0.0,0.0,0.27777777777777773,0.0,0.0,0.27777777777777773,0.0,0.0
0.27777777777777773,0.0,0.0,0.27777777777777773,0.0,0.0,0.27777777777777773,0.0,0.0,0.27777777777777773,0.0,0.0,0.27777777777777773,0.0,0.0,0.27777777777777773,0.0,0.0,0.27777777777777773,0.0,0.0,0.27777777777777773,0.0,0.0,0.27777777777777773,0.0,0.0
0.28703703703703703,0.0,0.0,0.28703703703703703,0.0,0.0,0.28703703703703703,0.0,0.0,0.28703703703703703,0.0,0.0,0.28703703703703703,0.0,0.0,0.28703703703703703,0.0,0.0,0.28703703703703703,0.0,0.0,0.28703703703703703,0.0,0.0,0.28703703703703703,0.0,0.0
0.28703703703703703,0.0,0.0,0.28703703703703703,0.0,0.0,0.28703703703703703,0.0,0.0,0.28703703703703703,0.0,0.0,0.28703703703703703,0.0,0.0,0.28703703703703703,0.0,0.0,0.28703703703703703,0.0,0.03715299841746614,0.28703703703703703,0.0,0.03821932223049015,0.28703703703703703,0.0,0.0
0.2962962962962963,0.0,0.0,0.2962962962962963,0.0,0.0,0.2962962962962963,0.0,0.0,0.2962962962962963,0.0,0.0,0.2962962962962963,0.0,0.0,0.2962962962962963,0.0,0.0,0.2962962962962963,0.0,0.03715299841746614,0.2962962962962963,0.0,0.03821932223049015,0.2962962962962963,0.0,0.0
0.2962962962962963,0.0,0.0,0.2962962962962963,0.0,0.0,0.2962962962962963,0.0,0.0,0.2962962962962963,0.0,0.0,0.2962962962962963,0.0,0.07943446749440491,0.2962962962962963,0.0,0.0,0.2962962962962963,0.0,0.045803689613124754,0.2962962962962963,0.0,0.10691520391651188,0.2962962962962963,0.0,0.0
0.3055555555555555,0.0,0.0,0.3055555555555555,0.0,0.0,0.3055555555555555,0.0,0.0,0.3055555555555555,0.0,0.0,0.3055555555555555,0.0,0.07943446749440491,0.3055555555555555,0.0,0.0,0.3055555555555555,0.0,0.045803689613124754,0.3055555555555555,0.0,0.10691520391651188,0.3055555555555555,0.0,0.0
0.3055555555555555,0.0,0.0,0.3055555555555555,0.0,0.0,0.3055555555555555,0.0,0.0,0.3055555555555555,0.0,0.0,0.3055555555555555,0.0,0.0874628412503394,0.3055555555555555,0.0,0.15611920191728193,0.3055555555555555,0.0,0.045803689613124754,0.3055555555555555,0.0,0.14809863898913392,0.3055555555555555,0.0,0.0
0.31481481481481477,0.0,0.0,0.31481481481481477,0.0,0.0,0.31481481481481477,0.0,0.0,0.31481481481481477,0.0,0.0,0.31481481481481477,0.0,0.0874628412503394,0.31481481481481477,0.0,0.15611920191728193,0.31481481481481477,0.0,0.045803689613124754,0.31481481481481477,0.0,0.14809863898913392,0.31481481481481477,0.0,0.0
0.31481481481481477,0.0,0.0,0.31481481481481477,0.0,0.0,0.31481481481481477,0.0,0.0,0.31481481481481477,0.0,0.0,0.31481481481481477,0.0,0.15611920191728193,0.31481481481481477,0.0,0.2630344058337938,0.31481481481481477,0.0,0.0874628412503394,0.31481481481481477,0.0,0.15200309344505006,0.31481481481481477,0.0,0.0
0.324074074074074,0.0,0.0,0.324074074074074,0.0,0.0,0.324074074074074,0.0,0.0,0.324074074074074,0.0,0.0,0.324074074074074,0.0,0.15611920191728193,0.324074074074074,0.0,0.2630344058337938,0.324074074074074,0.0,0.0874628412503394,0.324074074074074,0.0,0.15200309344505006,0.324074074074074,0.0,0.0
0.324074074074074,0.0,0.0,0.324074074074074,0.0,0.0,0.324074074074074,0.0,0.0,0.324074074074074,0.0,0.0,0.324074074074074,0.0,0.20029865048583131,0.324074074074074,0.0,0.27563444261342734,0.324074074074074,0.0,0.10691520391651188,0.324074074074074,0.0,0.20945336562894978,0.324074074074074,0.0,0.06012099243757093
0.3333333333333333,0.0,0.0,0.3333333333333333,0.0,0.0,0.3333333333333333,0.0,0.0,0.3333333333333333,0.0,0.0,0.3333333333333333,0.0,0.20029865048583131,0.3333333333333333,0.0,0.27563444261342734,0.3333333333333333,0.0,0.10691520391651188,0.3333333333333333,0.0,0.20945336562894978,0.3333333333333333,0.0,0.06012099243757093
0.3333333333333333,0.0,0.0,0.3333333333333333,0.0,0.0,0.3333333333333333,0.0,0.0,0.3333333333333333,0.0,0.053439258961460415,0.3333333333333333,0.0,0.2302976194217942,0.3333333333333333,0.0,0.3005544440947954,0.3333333333333333,0.0,0.15611920191728193,0.3333333333333333,0.0,0.21205047711498903,0.3333333333333333,0.0,0.0874628412503394
0.34259259259259256,0.0,0.0,0.34259259259259256,0.0,0.0,0.34259259259259256,0.0,0.0,0.34259259259259256,0.0,0.053439258961460415,0.34259259259259256,0.0,0.2302976194217942,0.34259259259259256,0.0,0.3005544440947954,0.34259259259259256,0.0,0.15611920191728193,0.34259259259259256,0.0,0.21205047711498903,0.34259259259259256,0.0,0.0874628412503394
0.34259259259259256,0.0,0.0,0.34259259259259256,0.0,0.0,0.34259259259259256,0.0,0.0,0.34259259259259256,0.0,0.09621531525930298,0.34259259259259256,0.0,0.2630344058337938,0.34259259259259256,0.0,0.30485458152842093,0.34259259259259256,0.0,0.22826898767311732,0.34259259259259256,0.0,0.29698173775713155,0.34259259259259256,0.0,0.14809863898913392
0.3518518518518518,0.0,0.0,0.3518518518518518,0.0,0.0,0.3518518518518518,0.0,0.0,0.3518518518518518,0.0,0.09621531525930298,0.3518518518518518,0.0,0.2630344058337938,0.3518518518518518,0.0,0.30485458152842093,0.3518518518518518,0.0,0.22826898767311732,0.3518518518518518,0.0,0.29698173775713155,0.3518518518518518,0.0,0.14809863898913392
0.3518518518518518,0.0,0.0,0.3518518518518518,0.0,0.0,0.3518518518518518,0.0,0.0,0.3518518518518518,0.0,0.14438990933517493,0.3518518518518518,0.0,0.27563444261342734,0.3518518518518518,0.0,0.32192809488736235,0.3518518518518518,0.0,0.3304732040203711,0.3518518518518518,0.0,0.3575520046180837,0.3518518518518518,0.0,0.18171091582002277
0.3611111111111111,0.0,0.0,0.3611111111111111,0.0,0.0,0.3611111111111111,0.0,0.0,0.3611111111111111,0.0,0.14438990933517493,0.3611111111111111,0.0,0.27563444261342734,0.3611111111111111,0.0,0.32192809488736235,0.3611111111111111,0.0,0.3304732040203711,0.3611111111111111,0.0,0.3575520046180837,0.3611111111111111,0.0,0.18171091582002277
0.3611111111111111,0.0,0.0,0.3611111111111111,0.0,0.0,0.3611111111111111,0.0,0.0,0.3611111111111111,0.0,0.15611920191728193,0.3611111111111111,0.0,0.3410369178350669,0.3611111111111111,0.0,0.3923174227787603,0.3611111111111111,0.0,0.3575520046180837,0.3611111111111111,0.0,0.5004289905094883,0.3611111111111111,0.0,0.22978708150757016
0.37037037037037035,0.0,0.0,0.37037037037037035,0.0,0.0,0.37037037037037035,0.0,0.0,0.37037037037037035,0.0,0.15611920191728193,0.37037037037037035,0.0,0.3410369178350669,0.37037037037037035,0.0,0.3923174227787603,0.37037037037037035,0.0,0.3575520046180837,0.37037037037037035,0.0,0.5004289905094883,0.37037037037037035,0.0,0.22978708150757016
0.37037037037037035,0.0,0.0,0.37037037037037035,0.0,0.0,0.37037037037037035,0.0,0.0,0.37037037037037035,0.0,0.20029865048583131,0.37037037037037035,0.0,0.3590810933048283,0.37037037037037035,0.0,0.3985493764902748,0.37037037037037035,0.0,0.36257007938470837,0.37037037037037035,0.0,0.5493385909904348,0.37037037037037035,0.0,0.24188859696224513
0.3796296296296296,0.0,0.0,0.3796296296296296,0.0,0.0,0.3796296296296296,0.0,0.0,0.3796296296296296,0.0,0.20029865048583131,0.3796296296296296,0.0,0.3590810933048283,0.3796296296296296,0.0,0.3985493764902748,0.3796296296296296,0.0,0.36257007938470837,0.3796296296296296,0.0,0.5493385909904348,0.3796296296296296,0.0,0.24188859696224513
0.3796296296296296,0.0,0.0,0.3796296296296296,0.0,0.0,0.3796296296296296,0.0,0.15611920191728193,0.3796296296296296,0.0,0.2302976194217942,0.3796296296296296,0.0,0.3985493764902748,0.3796296296296296,0.0,0.4288432988038744,0.3796296296296296,0.0,0.41503749927884376,0.3796296296296296,0.0,0.5755021714720899,0.3796296296296296,0.0,0.32192809488736235
0.38888888888888884,0.0,0.0,0.38888888888888884,0.0,0.0,0.38888888888888884,0.0,0.15611920191728193,0.38888888888888884,0.0,0.2302976194217942,0.38888888888888884,0.0,0.3985493764902748,0.38888888888888884,0.0,0.4288432988038744,0.38888888888888884,0.0,0.41503749927884376,0.38888888888888884,0.0,0.5755021714720899,0.38888888888888884,0.0,0.32192809488736235
0.38888888888888884,0.0,0.15611920191728193,0.38888888888888884,0.0,0.0,0.38888888888888884,0.0,0.20029865048583131,0.38888888888888884,0.0,0.2630344058337938,0.38888888888888884,0.0,0.4764380439429871,0.38888888888888884,0.0,0.44745897697122117,0.38888888888888884,0.0,0.4694852833012202,0.38888888888888884,0.0,0.6214883767462702,0.38888888888888884,0.0,0.3536369546147004
0.3981481481481481,0.0,0.15611920191728193,0.3981481481481481,0.0,0.0,0.3981481481481481,0.0,0.20029865048583131,0.3981481481481481,0.0,0.2630344058337938,0.3981481481481481,0.0,0.4764380439429871,0.3981481481481481,0.0,0.44745897697122117,0.3981481481481481,0.0,0.4694852833012202,0.3981481481481481,0.0,0.6214883767462702,0.3981481481481481,0.0,0.3536369546147004
0.3981481481481481,0.0,0.20029865048583131,0.3981481481481481,0.0,0.0,0.3981481481481481,0.0,0.2302976194217942,0.3981481481481481,0.0,0.2676216753294456,0.3981481481481481,0.0,0.4903256265830809,0.3981481481481481,0.0,0.4764380439429871,0.3981481481481481,0.0,0.5004289905094883,0.3981481481481481,0.0,0.6471189767837257,0.3981481481481481,0.0,0.3923174227787603
0.4074074074074074,0.0,0.20029865048583131,0.4074074074074074,0.0,0.0,0.4074074074074074,0.0,0.2302976194217942,0.4074074074074074,0.0,0.2676216753294456,0.4074074074074074,0.0,0.4903256265830809,0.4074074074074074,0.0,0.4764380439429871,0.4074074074074074,0.0,0.5004289905094883,0.4074074074074074,0.0,0.6471189767837257,0.4074074074074074,0.0,0.3923174227787603
0.4074074074074074,0.0,0.2302976194217942,0.4074074074074074,0.0,0.15611920191728193,0.4074074074074074,0.0,0.2630344058337938,0.4074074074074074,0.0,0.3410369178350669,0.4074074074074074,0.0,0.5004289905094883,0.4074074074074074,0.0,0.4848666660135678,0.4074074074074074,0.0,0.5405683813627028,0.4074074074074074,0.0,0.6683785089087936,0.4074074074074074,0.0,0.4288432988038744
0.41666666666666663,0.0,0.2302976194217942,0.41666666666666663,0.0,0.15611920191728193,0.41666666666666663,0.0,0.2630344058337938,0.41666666666666663,0.0,0.3410369178350669,0.41666666666666663,0.0,0.5004289905094883,0.41666666666666663,0.0,0.4848666660135678,0.41666666666666663,0.0,0.5405683813627028,0.41666666666666663,0.0,0.6683785089087936,0.41666666666666663,0.0,0.4288432988038744
0.41666666666666663,0.0,0.2630344058337938,0.41666666666666663,0.0,0.20029865048583131,0.41666666666666663,0.0,0.3410369178350669,0.41666666666666663,0.0,0.3451354860486875,0.41666666666666663,0.0,0.5178483048626192,0.41666666666666663,0.0,0.4903256265830809,0.41666666666666663,0.0,0.5755021714720899,0.41666666666666663,0.0,0.6780719051126377,0.41666666666666663,0.0,0.5235619560570128
0.4259259259259259,0.0,0.2630344058337938,0.4259259259259259,0.0,0.20029865048583131,0.4259259259259259,0.0,0.3410369178350669,0.4259259259259259,0.0,0.3451354860486875,0.4259259259259259,0.0,0.5178483048626192,0.4259259259259259,0.0,0.4903256265830809,0.4259259259259259,0.0,0.5755021714720899,0.4259259259259259,0.0,0.6780719051126377,0.4259259259259259,0.0,0.5235619560570128
0.4259259259259259,0.0,0.28540221886224837,0.4259259259259259,0.0,0.2302976194217942,0.4259259259259259,0.0,0.3451354860486875,0.4259259259259259,0.0,0.3985493764902748,0.4259259259259259,0.0,0.5181309922429473,0.4259259259259259,0.0,0.5004289905094883,0.4259259259259259,0.0,0.6214883767462702,0.4259259259259259,0.0,0.6918777046376682,0.4259259259259259,0.0,0.5849625007211562
0.4351851851851852,0.0,0.28540221886224837,0.4351851851851852,0.0,0.2302976194217942,0.4351851851851852,0.0,0.3451354860486875,0.4351851851851852,0.0,0.3985493764902748,0.4351851851851852,0.0,0.5181309922429473,0.4351851851851852,0.0,0.5004289905094883,0.4351851851851852,0.0,0.6214883767462702,0.4351851851851852,0.0,0.6918777046376682,0.4351851851851852,0.0,0.5849625007211562
0.4351851851851852,0.0,0.30485458152842093,0.4351851851851852,0.0,0.2630344058337938,0.4351851851851852,0.0,0.3985493764902748,0.4351851851851852,0.0,0.48542682717024166,0.4351851851851852,0.0,0.5343364276511882,0.4351851851851852,0.0,0.5235619560570128,0.4351851851851852,0.0,0.6244908649077937,0.4351851851851852,0.0,0.7603295872317166,0.4351851851851852,0.0,0.6520766965796931
0.4444444444444444,0.0,0.30485458152842093,0.4444444444444444,0.0,0.2630344058337938,0.4444444444444444,0.0,0.3985493764902748,0.4444444444444444,0.0,0.48542682717024166,0.4444444444444444,0.0,0.5343364276511882,0.4444444444444444,0.0,0.5235619560570128,0.4444444444444444,0.0,0.6244908649077937,0.4444444444444444,0.0,0.7603295872317166,0.4444444444444444,0.0,0.6520766965796931
0.4444444444444444,0.0,0.3410369178350669,0.4444444444444444,0.0,0.3410369178350669,0.4444444444444444,0.0,0.45388842825020176,0.4444444444444444,0.0,0.48542682717024166,0.4444444444444444,0.0,0.6214883767462702,0.4444444444444444,0.0,0.5305147166987798,0.4444444444444444,0.0,0.6918777046376682,0.4444444444444444,0.0,0.7732291381529777,0.4444444444444444,0.0,0.6520766965796931
0.45370370370370366,0.0,0.3410369178350669,0.45370370370370366,0.0,0.3410369178350669,0.45370370370370366,0.0,0.45388842825020176,0.45370370370370366,0.0,0.48542682717024166,0.45370370370370366,0.0,0.6214883767462702,0.45370370370370366,0.0,0.5305147166987798,0.45370370370370366,0.0,0.6918777046376682,0.45370370370370366,0.0,0.7732291381529777,0.45370370370370366,0.0,0.6520766965796931
0.45370370370370366,0.0,0.3451354860486875,0.45370370370370366,0.0,0.3451354860486875,0.45370370370370366,0.0,0.48542682717024166,0.45370370370370366,0.0,0.4903256265830809,0.45370370370370366,0.0,0.6278525496249027,0.45370370370370366,0.0,0.5321106184554211,0.45370370370370366,0.0,0.7452450719307728,0.45370370370370366,0.0,0.80984791566376,0.45370370370370366,0.0,0.6648158084103709
0.4629629629629629,0.0,0.3451354860486875,0.4629629629629629,0.0,0.3451354860486875,0.4629629629629629,0.0,0.48542682717024166,0.4629629629629629,0.0,0.4903256265830809,0.4629629629629629,0.0,0.6278525496249027,0.4629629629629629,0.0,0.5321106184554211,0.4629629629629629,0.0,0.7452450719307728,0.4629629629629629,0.0,0.80984791566376,0.4629629629629629,0.0,0.6648158084103709
0.4629629629629629,0.0,0.3985493764902748,0.4629629629629629,0.0,0.3985493764902748,0.4629629629629629,0.0,0.4903256265830809,0.4629629629629629,0.0,0.5178483048626192,0.4629629629629629,0.0,0.6485276294986223,0.4629629629629629,0.0,0.6214883767462702,0.4629629629629629,0.0,0.7459543773934607,0.4629629629629629,0.0,0.8566358248288226,0.4629629629629629,0.0,0.6983443001388988
0.47222222222222215,0.0,0.3985493764902748,0.47222222222222215,0.0,0.3985493764902748,0.47222222222222215,0.0,0.4903256265830809,0.47222222222222215,0.0,0.5178483048626192,0.47222222222222215,0.0,0.6485276294986223,0.47222222222222215,0.0,0.6214883767462702,0.47222222222222215,0.0,0.7459543773934607,0.47222222222222215,0.0,0.8566358248288226,0.47222222222222215,0.0,0.6983443001388988
0.47222222222222215,0.0,0.45388842825020176,0.47222222222222215,0.0,0.45388842825020176,0.47222222222222215,0.0,0.5178483048626192,0.47222222222222215,0.0,0.6214883767462702,0.47222222222222215,0.0,0.6687940915246268,0.47222222222222215,0.0,0.6903155008673847,0.47222222222222215,0.0,0.775126589159797,0.47222222222222215,0.0,0.8821635097061417,0.47222222222222215,0.0,0.722466024471091
0.48148148148148145,0.0,0.45388842825020176,0.48148148148148145,0.0,0.45388842825020176,0.48148148148148145,0.0,0.5178483048626192,0.48148148148148145,0.0,0.6214883767462702,0.48148148148148145,0.0,0.6687940915246268,0.48148148148148145,0.0,0.6903155008673847,0.48148148148148145,0.0,0.775126589159797,0.48148148148148145,0.0,0.8821635097061417,0.48148148148148145,0.0,0.722466024471091
0.48148148148148145,0.0,0.45943161863729726,0.48148148148148145,0.0,0.48542682717024166,0.48148148148148145,0.0,0.5639008851933265,0.48148148148148145,0.0,0.6280312226130421,0.48148148148148145,0.0,0.71699089440494,0.48148148148148145,0.0,0.8479969065549501,0.48148148148148145,0.0,0.8566358248288226,0.48148148148148145,0.0,0.8978672149630464,0.48148148148148145,0.0,0.7299108366322556
0.4907407407407407,0.0,0.45943161863729726,0.4907407407407407,0.0,0.48542682717024166,0.4907407407407407,0.0,0.5639008851933265,0.4907407407407407,0.0,0.6280312226130421,0.4907407407407407,0.0,0.71699089440494,0.4907407407407407,0.0,0.8479969065549501,0.4907407407407407,0.0,0.8566358248288226,0.4907407407407407,0.0,0.8978672149630464,0.4907407407407407,0.0,0.7299108366322556
0.4907407407407407,0.0,0.45943161863729726,0.4907407407407407,0.0,0.4903256265830809,0.4907407407407407,0.0,0.5849625007211562,0.4907407407407407,0.0,0.6432076417571098,0.4907407407407407,0.0,0.7212839719339366,0.4907407407407407,0.0,0.8566358248288226,0.4907407407407407,0.0,0.8880667213168635,0.4907407407407407,0.0,0.9068905956085185,0.4907407407407407,0.0,0.7603295872317166
0.49999999999999994,0.0,0.45943161863729726,0.49999999999999994,0.0,0.4903256265830809,0.49999999999999994,0.0,0.5849625007211562,0.49999999999999994,0.0,0.6432076417571098,0.49999999999999994,0.0,0.7212839719339366,0.49999999999999994,0.0,0.8566358248288226,0.49999999999999994,0.0,0.8880667213168635,0.49999999999999994,0.0,0.9068905956085185,0.49999999999999994,0.0,0.7603295872317166
0.49999999999999994,0.0,0.48542682717024166,0.49999999999999994,0.0,0.5178483048626192,0.49999999999999994,0.0,0.6009040445901777,0.49999999999999994,0.0,0.6485276294986223,0.49999999999999994,0.0,0.7369655941662062,0.49999999999999994,0.0,0.932885804141463,0.49999999999999994,0.0,0.9027027986450852,0.49999999999999994,0.0,1.043068721891886,0.49999999999999994,0.0,0.7870062766658017
0.5092592592592593,0.0,0.48542682717024166,0.5092592592592593,0.0,0.5178483048626192,0.5092592592592593,0.0,0.6009040445901777,0.5092592592592593,0.0,0.6485276294986223,0.5092592592592593,0.0,0.7369655941662062,0.5092592592592593,0.0,0.932885804141463,0.5092592592592593,0.0,0.9027027986450852,0.5092592592592593,0.0,1.043068721891886,0.5092592592592593,0.0,0.7870062766658017
0.5092592592592593,0.0,0.4903256265830809,0.5092592592592593,0.0,0.5421494171821831,0.5092592592592593,0.0,0.6214883767462702,0.5092592592592593,0.0,0.6655809609294409,0.5092592592592593,0.0,0.897314336025436,0.5092592592592593,0.0,0.9499593175004045,0.5092592592592593,0.0,0.9114633253983426,0.5092592592592593,0.0,1.0548358660801003,0.5092592592592593,0.0,0.920565532505595
0.5185185185185185,0.0,0.4903256265830809,0.5185185185185185,0.0,0.5421494171821831,0.5185185185185185,0.0,0.6214883767462702,0.5185185185185185,0.0,0.6655809609294409,0.5185185185185185,0.0,0.897314336025436,0.5185185185185185,0.0,0.9499593175004045,0.5185185185185185,0.0,0.9114633253983426,0.5185185185185185,0.0,1.0548358660801003,0.5185185185185185,0.0,0.920565532505595
0.5185185185185185,0.0,0.5178483048626192,0.5185185185185185,0.0,0.6009040445901777,0.5185185185185185,0.0,0.623436648535792,0.5185185185185185,0.0,0.6687940915246268,0.5185185185185185,0.0,0.9438569219624663,0.5185185185185185,0.0,0.9806346751330689,0.5185185185185185,0.0,0.9806346751330689,0.5185185185185185,0.0,1.067114195858537,0.5185185185185185,0.0,0.930907476727054
0.5277777777777778,0.0,0.5178483048626192,0.5277777777777778,0.0,0.6009040445901777,0.5277777777777778,0.0,0.623436648535792,0.5277777777777778,0.0,0.6687940915246268,0.5277777777777778,0.0,0.9438569219624663,0.5277777777777778,0.0,0.9806346751330689,0.5277777777777778,0.0,0.9806346751330689,0.5277777777777778,0.0,1.067114195858537,0.5277777777777778,0.0,0.930907476727054
0.5277777777777778,0.0,0.5725787762653238,0.5277777777777778,0.0,0.6214883767462702,0.5277777777777778,0.0,0.6655809609294409,0.5277777777777778,0.0,0.897314336025436,0.5277777777777778,0.0,0.9475325801058645,0.5277777777777778,0.0,0.9813843218326531,0.5277777777777778,0.0,1.0,0.5277777777777778,0.0,1.2924508938105288,0.5277777777777778,0.0,1.043068721891886
0.5370370370370371,0.0,0.5725787762653238,0.5370370370370371,0.0,0.6214883767462702,0.5370370370370371,0.0,0.6655809609294409,0.5370370370370371,0.0,0.897314336025436,0.5370370370370371,0.0,0.9475325801058645,0.5370370370370371,0.0,0.9813843218326531,0.5370370370370371,0.0,1.0,0.5370370370370371,0.0,1.2924508938105288,0.5370370370370371,0.0,1.043068721891886
0.5370370370370371,0.0,0.5849625007211562,0.5370370370370371,0.0,0.6655809609294409,0.5370370370370371,0.0,0.6687940915246268,0.5370370370370371,0.0,0.9438569219624663,0.5370370370370371,0.0,0.9806346751330689,0.5370370370370371,0.0,1.0241124561168076,0.5370370370370371,0.0,1.043068721891886,0.5370370370370371,0.0,1.2976805486406853,0.5370370370370371,0.0,1.1085244567781691
0.5462962962962963,0.0,0.5849625007211562,0.5462962962962963,0.0,0.6655809609294409,0.5462962962962963,0.0,0.6687940915246268,0.5462962962962963,0.0,0.9438569219624663,0.5462962962962963,0.0,0.9806346751330689,0.5462962962962963,0.0,1.0241124561168076,0.5462962962962963,0.0,1.043068721891886,0.5462962962962963,0.0,1.2976805486406853,0.5462962962962963,0.0,1.1085244567781691
0.5462962962962963,0.0,0.6009040445901777,0.5462962962962963,0.025995208532944354,0.6687940915246268,0.5462962962962963,0.0,0.7092206036833019,0.5462962962962963,0.0,0.9475325801058645,0.5462962962962963,0.0,1.021695071099319,0.5462962962962963,0.0,1.043068721891886,0.5462962962962963,0.0,1.2204467770214784,0.5462962962962963,0.0,1.308122295362332,0.5462962962962963,0.0,1.1271920164537799
0.5555555555555556,0.0,0.6009040445901777,0.5555555555555556,0.025995208532944354,0.6687940915246268,0.5555555555555556,0.0,0.7092206036833019,0.5555555555555556,0.0,0.9475325801058645,0.5555555555555556,0.0,1.021695071099319,0.5555555555555556,0.0,1.043068721891886,0.5555555555555556,0.0,1.2204467770214784,0.5555555555555556,0.0,1.308122295362332,0.5555555555555556,0.0,1.1271920164537799
0.5555555555555556,0.0,0.6214883767462702,0.5555555555555556,0.033166863935199374,0.7548875021634686,0.5555555555555556,0.0,0.897314336025436,0.5555555555555556,0.0,0.9806346751330689,0.5555555555555556,0.0,1.0565835283663676,0.5555555555555556,0.0,1.2204467770214784,0.5555555555555556,0.0,1.2630344058337937,0.5555555555555556,0.0,1.3344190390705593,0.5555555555555556,0.0,1.308122295362332
0.5648148148148149,0.0,0.6214883767462702,0.5648148148148149,0.033166863935199374,0.7548875021634686,0.5648148148148149,0.0,0.897314336025436,0.5648148148148149,0.0,0.9806346751330689,0.5648148148148149,0.0,1.0565835283663676,0.5648148148148149,0.0,1.2204467770214784,0.5648148148148149,0.0,1.2630344058337937,0.5648148148148149,0.0,1.3344190390705593,0.5648148148148149,0.0,1.308122295362332
0.5648148148148149,0.025995208532944354,0.6655809609294409,0.5648148148148149,0.09142302776359458,0.8479969065549501,0.5648148148148149,0.0,0.9438569219624663,0.5648148148148149,0.0,1.0310268956206246,0.5648148148148149,0.0,1.1069152039165118,0.5648148148148149,0.0,1.2630344058337937,0.5648148148148149,0.0,1.308122295362332,0.5648148148148149,0.0,1.3536369546147005,0.5648148148148149,0.0972972013549148,1.3344190390705593
0.5740740740740741,0.025995208532944354,0.6655809609294409,0.5740740740740741,0.09142302776359458,0.8479969065549501,0.5740740740740741,0.0,0.9438569219624663,0.5740740740740741,0.0,1.0310268956206246,0.5740740740740741,0.0,1.1069152039165118,0.5740740740740741,0.0,1.2630344058337937,0.5740740740740741,0.0,1.308122295362332,0.5740740740740741,0.0,1.3536369546147005,0.5740740740740741,0.0972972013549148,1.3344190390705593
0.5740740740740741,0.033166863935199374,0.6687940915246268,0.5740740740740741,0.13124453327825272,0.897314336025436,0.5740740740740741,0.025995208532944354,0.9475325801058645,0.5740740740740741,0.0,1.0356239097307212,0.5740740740740741,0.0,1.1955508091178069,0.5740740740740741,0.0,1.3055801007998786,0.5740740740740741,0.0,1.3177402979239288,0.5740740740740741,0.0,1.4150374992788437,0.5740740740740741,0.09953567355091437,1.3468027635263917
0.5833333333333334,0.033166863935199374,0.6687940915246268,0.5833333333333334,0.13124453327825272,0.897314336025436,0.5833333333333334,0.025995208532944354,0.9475325801058645,0.5833333333333334,0.0,1.0356239097307212,0.5833333333333334,0.0,1.1955508091178069,0.5833333333333334,0.0,1.3055801007998786,0.5833333333333334,0.0,1.3177402979239288,0.5833333333333334,0.0,1.4150374992788437,0.5833333333333334,0.09953567355091437,1.3468027635263917
0.5833333333333334,0.09142302776359458,0.6780719051126377,0.5833333333333334,0.22239242133644802,0.9438569219624663,0.5833333333333334,0.033166863935199374,0.9541963103868752,0.5833333333333334,0.0,1.0565835283663676,0.5833333333333334,0.0,1.292781749227846,0.5833333333333334,0.0,1.308122295362332,0.5833333333333334,0.0,1.3344190390705593,0.5833333333333334,0.0,1.506959988719883,0.5833333333333334,0.14585086646345485,1.369233809665719
0.5925925925925926,0.09142302776359458,0.6780719051126377,0.5925925925925926,0.22239242133644802,0.9438569219624663,0.5925925925925926,0.033166863935199374,0.9541963103868752,0.5925925925925926,0.0,1.0565835283663676,0.5925925925925926,0.0,1.292781749227846,0.5925925925925926,0.0,1.308122295362332,0.5925925925925926,0.0,1.3344190390705593,0.5925925925925926,0.0,1.506959988719883,0.5925925925925926,0.14585086646345485,1.369233809665719
0.5925925925925926,0.13124453327825272,0.8479969065549501,0.5925925925925926,0.2630344058337938,0.9475325801058645,0.5925925925925926,0.09142302776359458,0.9806346751330689,0.5925925925925926,0.0,1.0958600154075162,0.5925925925925926,0.0,1.308122295362332,0.5925925925925926,0.0,1.3453870677113513,0.5925925925925926,0.0,1.3600434674589117,0.5925925925925926,0.0,1.5145731728297582,0.5925925925925926,0.15789531258111272,1.4150374992788437
0.6018518518518519,0.13124453327825272,0.8479969065549501,0.6018518518518519,0.2630344058337938,0.9475325801058645,0.6018518518518519,0.09142302776359458,0.9806346751330689,0.6018518518518519,0.0,1.0958600154075162,0.6018518518518519,0.0,1.308122295362332,0.6018518518518519,0.0,1.3453870677113513,0.6018518518518519,0.0,1.3600434674589117,0.6018518518518519,0.0,1.5145731728297582,0.6018518518518519,0.15789531258111272,1.4150374992788437
0.6018518518518519,0.22239242133644802,0.8479969065549501,0.6018518518518519,0.2630344058337938,0.9806346751330689,0.6018518518518519,0.12553088208385882,1.0310268956206246,0.6018518518518519,0.025995208532944354,1.1332665308634642,0.6018518518518519,0.0,1.3824696368224132,0.6018518518518519,0.0,1.3890422907458992,0.6018518518518519,0.04064198449734577,1.5077946401986964,0.6018518518518519,0.09515723304034003,1.5545888516776374,0.6018518518518519,0.18491771591778502,1.4913883854089587
0.6111111111111112,0.22239242133644802,0.8479969065549501,0.6111111111111112,0.2630344058337938,0.9806346751330689,0.6111111111111112,0.12553088208385882,1.0310268956206246,0.6111111111111112,0.025995208532944354,1.1332665308634642,0.6111111111111112,0.0,1.3824696368224132,0.6111111111111112,0.0,1.3890422907458992,0.6111111111111112,0.04064198449734577,1.5077946401986964,0.6111111111111112,0.09515723304034003,1.5545888516776374,0.6111111111111112,0.18491771591778502,1.4913883854089587
0.6111111111111112,0.28780231098273595,0.897314336025436,0.6111111111111112,0.28780231098273595,1.0310268956206246,0.6111111111111112,0.13124453327825272,1.0565835283663676,0.6111111111111112,0.033166863935199374,1.222392421336448,0.6111111111111112,0.0,1.4338965265301598,0.6111111111111112,0.0,1.4890380807226207,0.6111111111111112,0.09953567355091437,1.5545888516776374,0.6111111111111112,0.0972972013549148,1.6100534816839867,0.6111111111111112,0.253756592245783,1.5545888516776374
0.6203703703703703,0.28780231098273595,0.897314336025436,0.6203703703703703,0.28780231098273595,1.0310268956206246,0.6203703703703703,0.13124453327825272,1.0565835283663676,0.6203703703703703,0.033166863935199374,1.222392421336448,0.6203703703703703,0.0,1.4338965265301598,0.6203703703703703,0.0,1.4890380807226207,0.6203703703703703,0.09953567355091437,1.5545888516776374,0.6203703703703703,0.0972972013549148,1.6100534816839867,0.6203703703703703,0.253756592245783,1.5545888516776374
0.6203703703703703,0.37036844994511553,0.9438569219624663,0.6203703703703703,0.37036844994511553,1.0418201756946268,0.6203703703703703,0.16992500144231237,1.2129937233341985,0.6203703703703703,0.0874628412503394,1.2302976194217943,0.6203703703703703,0.025995208532944354,1.456514135255003,0.6203703703703703,0.06470568938781525,1.533432200081074,0.6203703703703703,0.09953567355091437,1.6100534816839867,0.6203703703703703,0.09953567355091437,1.6129768768907526,0.6203703703703703,0.32192809488736235,1.6100534816839867
0.6296296296296297,0.37036844994511553,0.9438569219624663,0.6296296296296297,0.37036844994511553,1.0418201756946268,0.6296296296296297,0.16992500144231237,1.2129937233341985,0.6296296296296297,0.0874628412503394,1.2302976194217943,0.6296296296296297,0.025995208532944354,1.456514135255003,0.6296296296296297,0.06470568938781525,1.533432200081074,0.6296296296296297,0.09953567355091437,1.6100534816839867,0.6296296296296297,0.09953567355091437,1.6129768768907526,0.6296296296296297,0.32192809488736235,1.6100534816839867
0.6296296296296297,0.4070447085253131,0.9475325801058645,0.6296296296296297,0.41503749927884376,1.0565835283663676,0.6296296296296297,0.17687776208407918,1.222392421336448,0.6296296296296297,0.09142302776359458,1.2834539470727266,0.6296296296296297,0.0874628412503394,1.4646682670034443,0.6296296296296297,0.09953567355091437,1.5545888516776374,0.6296296296296297,0.16992500144231237,1.6129768768907526,0.6296296296296297,0.253756592245783,1.655783837910853,0.6296296296296297,0.35789359217523514,1.6129768768907526
0.6388888888888888,0.4070447085253131,0.9475325801058645,0.6388888888888888,0.41503749927884376,1.0565835283663676,0.6388888888888888,0.17687776208407918,1.222392421336448,0.6388888888888888,0.09142302776359458,1.2834539470727266,0.6388888888888888,0.0874628412503394,1.4646682670034443,0.6388888888888888,0.09953567355091437,1.5545888516776374,0.6388888888888888,0.16992500144231237,1.6129768768907526,0.6388888888888888,0.253756592245783,1.655783837910853,0.6388888888888888,0.35789359217523514,1.6129768768907526
0.6388888888888888,0.41503749927884376,0.9806346751330689,0.6388888888888888,0.42662547355405556,1.091723469570274,0.6388888888888888,0.2630344058337938,1.308122295362332,0.6388888888888888,0.09310940439148145,1.308122295362332,0.6388888888888888,0.09142302776359458,1.5272470028648688,0.6388888888888888,0.19264507794239583,1.5676845092893208,0.6388888888888888,0.19264507794239583,1.7548875021634684,0.6388888888888888,0.25633975325978553,1.7531377202135088,0.6388888888888888,0.36257007938470837,1.6347155359182557
0.6481481481481481,0.41503749927884376,0.9806346751330689,0.6481481481481481,0.42662547355405556,1.091723469570274,0.6481481481481481,0.2630344058337938,1.308122295362332,0.6481481481481481,0.09310940439148145,1.308122295362332,0.6481481481481481,0.09142302776359458,1.5272470028648688,0.6481481481481481,0.19264507794239583,1.5676845092893208,0.6481481481481481,0.19264507794239583,1.7548875021634684,0.6481481481481481,0.25633975325978553,1.7531377202135088,0.6481481481481481,0.36257007938470837,1.6347155359182557
0.6481481481481481,0.41503749927884376,1.0565835283663676,0.6481481481481481,0.48542682717024166,1.1844245711374275,0.6481481481481481,0.28780231098273595,1.4329594072761063,0.6481481481481481,0.13124453327825272,1.3590810933048283,0.6481481481481481,0.15472259479864206,1.5545888516776374,0.6481481481481481,0.253756592245783,1.6129768768907526,0.6481481481481481,0.253756592245783,1.7639326417664756,0.6481481481481481,0.32192809488736235,1.7639326417664756,0.6481481481481481,0.4727529971351312,1.6350535487373792
0.6574074074074074,0.41503749927884376,1.0565835283663676,0.6574074074074074,0.48542682717024166,1.1844245711374275,0.6574074074074074,0.28780231098273595,1.4329594072761063,0.6574074074074074,0.13124453327825272,1.3590810933048283,0.6574074074074074,0.15472259479864206,1.5545888516776374,0.6574074074074074,0.253756592245783,1.6129768768907526,0.6574074074074074,0.253756592245783,1.7639326417664756,0.6574074074074074,0.32192809488736235,1.7639326417664756,0.6574074074074074,0.4727529971351312,1.6350535487373792
0.6574074074074074,0.42662547355405556,1.2129937233341985,0.6574074074074074,0.48793804632629145,1.2129937233341985,0.6574074074074074,0.37036844994511553,1.4338965265301598,0.6574074074074074,0.2697602690221072,1.4338965265301598,0.6574074074074074,0.2630344058337938,1.6129768768907526,0.6574074074074074,0.25525705524207465,1.6514579125080628,0.6574074074074074,0.25525705524207465,1.9375359130533465,0.6574074074074074,0.3428877135230085,1.9450737894964065,0.6574074074074074,0.4988058569714417,1.7911178650697923
0.6666666666666666,0.42662547355405556,1.2129937233341985,0.6666666666666666,0.48793804632629145,1.2129937233341985,0.6666666666666666,0.37036844994511553,1.4338965265301598,0.6666666666666666,0.2697602690221072,1.4338965265301598,0.6666666666666666,0.2630344058337938,1.6129768768907526,0.6666666666666666,0.25525705524207465,1.6514579125080628,0.6666666666666666,0.25525705524207465,1.9375359130533465,0.6666666666666666,0.3428877135230085,1.9450737894964065,0.6666666666666666,0.4988058569714417,1.7911178650697923
0.6666666666666666,0.48542682717024166,1.222392421336448,0.6666666666666666,0.5235619560570128,1.222392421336448,0.6666666666666666,0.42662547355405556,1.4629719763425457,0.6666666666666666,0.28780231098273595,1.5545888516776374,0.6666666666666666,0.2801079191927352,1.8164859338097326,0.6666666666666666,0.28780231098273595,1.6780719051126378,0.6666666666666666,0.3428877135230085,1.9450737894964065,0.6666666666666666,0.3468027635263918,1.9757524537533226,0.6666666666666666,0.5305147166987798,2.2177535265329276
0.6759259259259259,0.48542682717024166,1.222392421336448,0.6759259259259259,0.5235619560570128,1.222392421336448,0.6759259259259259,0.42662547355405556,1.4629719763425457,0.6759259259259259,0.28780231098273595,1.5545888516776374,0.6759259259259259,0.2801079191927352,1.8164859338097326,0.6759259259259259,0.28780231098273595,1.6780719051126378,0.6759259259259259,0.3428877135230085,1.9450737894964065,0.6759259259259259,0.3468027635263918,1.9757524537533226,0.6759259259259259,0.5305147166987798,2.2177535265329276
0.6759259259259259,0.48793804632629145,1.236298023361666,0.6759259259259259,0.5563933485243854,1.3590810933048283,0.6759259259259259,0.48542682717024166,1.5545888516776374,0.6759259259259259,0.4005379295837288,1.6129768768907526,0.6759259259259259,0.28780231098273595,1.852066570863997,0.6759259259259259,0.3514723705013778,1.7783682931767686,0.6759259259259259,0.3514723705013778,2.0121066028566537,0.6759259259259259,0.3514723705013778,2.0121066028566537,0.6759259259259259,0.7829018783330652,2.30397995583271
0.6851851851851852,0.48793804632629145,1.236298023361666,0.6851851851851852,0.5563933485243854,1.3590810933048283,0.6851851851851852,0.48542682717024166,1.5545888516776374,0.6851851851851852,0.4005379295837288,1.6129768768907526,0.6851851851851852,0.28780231098273595,1.852066570863997,0.6851851851851852,0.3514723705013778,1.7783682931767686,0.6851851851851852,0.3514723705013778,2.0121066028566537,0.6851851851851852,0.3514723705013778,2.0121066028566537,0.6851851851851852,0.7829018783330652,2.30397995583271
0.6851851851851852,0.5296194668773813,1.3536369546147005,0.6851851851851852,0.5711567011961257,1.3750394313469247,0.6851851851851852,0.48793804632629145,1.6088092426755238,0.6851851851851852,0.42662547355405556,1.6609113539544549,0.6851851851851852,0.37851162325372983,2.0083634729346267,0.6851851851851852,0.41503749927884376,1.852066570863997,0.6851851851851852,0.3770696490798233,2.030465280727051,0.6851851851851852,0.41503749927884376,2.242360837569044,0.6851851851851852,0.8624964762500651,2.3532544290812676
0.6944444444444444,0.5296194668773813,1.3536369546147005,0.6944444444444444,0.5711567011961257,1.3750394313469247,0.6944444444444444,0.48793804632629145,1.6088092426755238,0.6944444444444444,0.42662547355405556,1.6609113539544549,0.6944444444444444,0.37851162325372983,2.0083634729346267,0.6944444444444444,0.41503749927884376,1.852066570863997,0.6944444444444444,0.3770696490798233,2.030465280727051,0.6944444444444444,0.41503749927884376,2.242360837569044,0.6944444444444444,0.8624964762500651,2.3532544290812676
0.6944444444444444,0.5711567011961257,1.4338965265301598,0.6944444444444444,0.6136452554252411,1.4338965265301598,0.6944444444444444,0.5711567011961257,1.6129768768907526,0.6944444444444444,0.48542682717024166,1.6780719051126378,0.6944444444444444,0.42662547355405556,2.0261522878559686,0.6944444444444444,0.42662547355405556,1.872038291661379,0.6944444444444444,0.42662547355405556,2.1488633859144826,0.6944444444444444,0.4988058569714417,2.404459647111329,0.6944444444444444,1.3219280948873624,2.404459647111329
0.7037037037037037,0.5711567011961257,1.4338965265301598,0.7037037037037037,0.6136452554252411,1.4338965265301598,0.7037037037037037,0.5711567011961257,1.6129768768907526,0.7037037037037037,0.48542682717024166,1.6780719051126378,0.7037037037037037,0.42662547355405556,2.0261522878559686,0.7037037037037037,0.42662547355405556,1.872038291661379,0.7037037037037037,0.42662547355405556,2.1488633859144826,0.7037037037037037,0.4988058569714417,2.404459647111329,0.7037037037037037,1.3219280948873624,2.404459647111329
0.7037037037037037,0.5849625007211562,1.5235619560570128,0.7037037037037037,0.6724253419714956,1.4525122046975067,0.7037037037037037,0.6117294102839416,1.7104933828050153,0.7037037037037037,0.48793804632629145,1.73039294024272,0.7037037037037037,0.48793804632629145,2.035623909730721,0.7037037037037037,0.48793804632629145,2.030465280727051,0.7037037037037037,0.48793804632629145,2.404459647111329,0.7037037037037037,0.5305147166987798,2.652076696579693,0.7037037037037037,6.987854849135067,2.722466024471091
0.712962962962963,0.5849625007211562,1.5235619560570128,0.712962962962963,0.6724253419714956,1.4525122046975067,0.712962962962963,0.6117294102839416,1.7104933828050153,0.712962962962963,0.48793804632629145,1.73039294024272,0.712962962962963,0.48793804632629145,2.035623909730721,0.712962962962963,0.48793804632629145,2.030465280727051,0.712962962962963,0.48793804632629145,2.404459647111329,0.712962962962963,0.5305147166987798,2.652076696579693,0.712962962962963,6.987854849135067,2.722466024471091
0.712962962962963,0.5849625007211562,1.5545888516776374,0.712962962962963,0.6918777046376682,1.5545888516776374,0.712962962962963,0.6136452554252411,1.730679331318775,0.712962962962963,0.4956029805825124,1.8339900485610707,0.712962962962963,0.5235619560570128,2.1488633859144826,0.712962962962963,0.5711567011961257,2.1043366598147357,0.712962962962963,0.8441290891152368,2.4594316186372973,0.712962962962963,0.561878887608115,2.700439718141092,0.712962962962963,6.987854849135067,2.893084796083488
0.7222222222222222,0.5849625007211562,1.5545888516776374,0.7222222222222222,0.6918777046376682,1.5545888516776374,0.7222222222222222,0.6136452554252411,1.730679331318775,0.7222222222222222,0.4956029805825124,1.8339900485610707,0.7222222222222222,0.5235619560570128,2.1488633859144826,0.7222222222222222,0.5711567011961257,2.1043366598147357,0.7222222222222222,0.8441290891152368,2.4594316186372973,0.7222222222222222,0.561878887608115,2.700439718141092,0.7222222222222222,6.987854849135067,2.893084796083488
0.7222222222222222,0.6136452554252411,1.6520766965796931,0.7222222222222222,0.9385994553358568,1.6129768768907526,0.7222222222222222,0.6402698724002532,1.852066570863997,0.7222222222222222,0.5145731728297582,1.852066570863997,0.7222222222222222,0.5711567011961257,2.404459647111329,0.7222222222222222,0.6136452554252411,2.1488633859144826,0.7222222222222222,0.8703647195834046,2.5145731728297585,0.7222222222222222,0.7829018783330652,2.7472339296200334,0.7222222222222222,6.987854849135067,3.4939274245675334
0.7314814814814815,0.6136452554252411,1.6520766965796931,0.7314814814814815,0.9385994553358568,1.6129768768907526,0.7314814814814815,0.6402698724002532,1.852066570863997,0.7314814814814815,0.5145731728297582,1.852066570863997,0.7314814814814815,0.5711567011961257,2.404459647111329,0.7314814814814815,0.6136452554252411,2.1488633859144826,0.7314814814814815,0.8703647195834046,2.5145731728297585,0.7314814814814815,0.7829018783330652,2.7472339296200334,0.7314814814814815,6.987854849135067,3.4939274245675334
0.7314814814814815,0.6629650127224292,1.6880559936852597,0.7314814814814815,1.0,1.6520766965796931,0.7314814814814815,0.6724253419714956,1.9772175245448285,0.7314814814814815,0.5235619560570128,2.0,0.7314814814814815,0.6136452554252411,2.523561956057013,0.7314814814814815,0.8703647195834046,2.404459647111329,0.7314814814814815,1.1292830169449664,2.523561956057013,0.7314814814814815,0.8875252707415875,3.3699032737338293,0.7314814814814815,6.987854849135067,6.987854849135067
0.7407407407407407,0.6629650127224292,1.6880559936852597,0.7407407407407407,1.0,1.6520766965796931,0.7407407407407407,0.6724253419714956,1.9772175245448285,0.7407407407407407,0.5235619560570128,2.0,0.7407407407407407,0.6136452554252411,2.523561956057013,0.7407407407407407,0.8703647195834046,2.404459647111329,0.7407407407407407,1.1292830169449664,2.523561956057013,0.7407407407407407,0.8875252707415875,3.3699032737338293,0.7407407407407407,6.987854849135067,6.987854849135067
0.7407407407407407,0.6724253419714956,1.7625006862733437,0.7407407407407407,1.0276311189771907,1.695145418471579,0.7407407407407407,0.7369655941662062,2.0,0.7407407407407407,0.5711567011961257,2.404459647111329,0.7407407407407407,0.6724253419714956,2.523561956057013,0.7407407407407407,1.0,2.523561956057013,0.7407407407407407,1.3219280948873624,3.3699032737338293,0.7407407407407407,1.1229394497856644,4.433364147085435,0.7407407407407407,6.987854849135067,6.987854849135067
0.75,0.6724253419714956,1.7625006862733437,0.75,1.0276311189771907,1.695145418471579,0.75,0.7369655941662062,2.0,0.75,0.5711567011961257,2.404459647111329,0.75,0.6724253419714956,2.523561956057013,0.75,1.0,2.523561956057013,0.75,1.3219280948873624,3.3699032737338293,0.75,1.1229394497856644,4.433364147085435,0.75,6.987854849135067,6.987854849135067
0.75,0.7182290315846205,1.852066570863997,0.75,1.0804899178603677,1.852066570863997,0.75,0.765534746362977,2.404459647111329,0.75,0.6136452554252411,2.523561956057013,0.75,1.0,2.716207033999409,0.75,1.1699250014423124,2.564784618783526,0.75,1.4739311883324122,6.7398065474676585,0.75,1.3219280948873624,8.86672829417087,0.75,6.987854849135067,6.987854849135067
0.7592592592592593,0.7182290315846205,1.852066570863997,0.7592592592592593,1.0804899178603677,1.852066570863997,0.7592592592592593,0.765534746362977,2.404459647111329,0.7592592592592593,0.6136452554252411,2.523561956057013,0.7592592592592593,1.0,2.716207033999409,0.7592592592592593,1.1699250014423124,2.564784618783526,0.7592592592592593,1.4739311883324122,6.7398065474676585,0.7592592592592593,1.3219280948873624,8.86672829417087,0.7592592592592593,6.987854849135067,6.987854849135067
0.7592592592592593,0.8612937291684079,2.0,0.7592592592592593,1.1154772174199359,2.0,0.7592592592592593,0.819427754358179,2.523561956057013,0.7592592592592593,0.6724253419714956,2.523561956057013,0.7592592592592593,1.1699250014423124,2.920565532505595,0.7592592592592593,2.0609906298891483,3.3699032737338293,0.7592592592592593,1.498299411246294,6.7398065474676585,0.7592592592592593,8.86672829417087,8.86672829417087,0.7592592592592593,6.987854849135067,6.987854849135067
0.7685185185185185,0.8612937291684079,2.0,0.7685185185185185,1.1154772174199359,2.0,0.7685185185185185,0.819427754358179,2.523561956057013,0.7685185185185185,0.6724253419714956,2.523561956057013,0.7685185185185185,1.1699250014423124,2.920565532505595,0.7685185185185185,2.0609906298891483,3.3699032737338293,0.7685185185185185,1.498299411246294,6.7398065474676585,0.7685185185185185,8.86672829417087,8.86672829417087,0.7685185185185185,6.987854849135067,6.987854849135067
0.7685185185185185,1.0,2.3321964303411895,0.7685185185185185,1.1699250014423124,2.404459647111329,0.7685185185185185,0.9952149374346231,2.523561956057013,0.7685185185185185,1.0,2.716207033999409,0.7685185185185185,1.2129937233341985,3.3699032737338293,0.7685185185185185,2.237039197300849,6.7398065474676585,0.7685185185185185,6.7398065474676585,6.7398065474676585,0.7685185185185185,8.86672829417087,8.86672829417087,0.7685185185185185,6.987854849135067,6.987854849135067
0.7777777777777778,1.0,2.3321964303411895,0.7777777777777778,1.1699250014423124,2.404459647111329,0.7777777777777778,0.9952149374346231,2.523561956057013,0.7777777777777778,1.0,2.716207033999409,0.7777777777777778,1.2129937233341985,3.3699032737338293,0.7777777777777778,2.237039197300849,6.7398065474676585,0.7777777777777778,6.7398065474676585,6.7398065474676585,0.7777777777777778,8.86672829417087,8.86672829417087,0.7777777777777778,6.987854849135067,6.987854849135067
0.7777777777777778,1.1699250014423124,2.404459647111329,0.7777777777777778,1.2129937233341985,2.523561956057013,0.7777777777777778,1.0,2.716207033999409,0.7777777777777778,1.0,2.920565532505595,0.7777777777777778,1.7162070339994087,6.7398065474676585,0.7777777777777778,3.0749765973870495,6.7398065474676585,0.7777777777777778,6.7398065474676585,6.7398065474676585,0.7777777777777778,8.86672829417087,8.86672829417087,0.7777777777777778,6.987854849135067,6.987854849135067
0.787037037037037,1.1699250014423124,2.404459647111329,0.787037037037037,1.2129937233341985,2.523561956057013,0.787037037037037,1.0,2.716207033999409,0.787037037037037,1.0,2.920565532505595,0.787037037037037,1.7162070339994087,6.7398065474676585,0.787037037037037,3.0749765973870495,6.7398065474676585,0.787037037037037,6.7398065474676585,6.7398065474676585,0.787037037037037,8.86672829417087,8.86672829417087,0.787037037037037,6.987854849135067,6.987854849135067
0.787037037037037,1.2129937233341985,2.523561956057013,0.787037037037037,1.367731784500487,2.523561956057013,0.787037037037037,1.0,2.920565532505595,0.787037037037037,1.1699250014423124,3.048363021561399,0.787037037037037,2.7058619340733694,6.7398065474676585,0.787037037037037,6.7398065474676585,6.7398065474676585,0.787037037037037,6.7398065474676585,6.7398065474676585,0.787037037037037,8.86672829417087,8.86672829417087,0.787037037037037,6.987854849135067,6.987854849135067
0.7962962962962963,1.2129937233341985,2.523561956057013,0.7962962962962963,1.367731784500487,2.523561956057013,0.7962962962962963,1.0,2.920565532505595,0.7962962962962963,1.1699250014423124,3.048363021561399,0.7962962962962963,2.7058619340733694,6.7398065474676585,0.7962962962962963,6.7398065474676585,6.7398065474676585,0.7962962962962963,6.7398065474676585,6.7398065474676585,0.7962962962962963,8.86672829417087,8.86672829417087,0.7962962962962963,6.987854849135067,6.987854849135067
0.7962962962962963,1.3785116232537298,2.523561956057013,0.7962962962962963,1.3708376953683088,2.716207033999409,0.7962962962962963,1.1699250014423124,3.1043366598147357,0.7962962962962963,1.2129937233341985,3.3699032737338293,0.7962962962962963,6.7398065474676585,6.7398065474676585,0.7962962962962963,6.7398065474676585,6.7398065474676585,0.7962962962962963,6.7398065474676585,6.7398065474676585,0.7962962962962963,8.86672829417087,8.86672829417087,0.7962962962962963,6.987854849135067,6.987854849135067
0.8055555555555556,1.3785116232537298,2.523561956057013,0.8055555555555556,1.3708376953683088,2.716207033999409,0.8055555555555556,1.1699250014423124,3.1043366598147357,0.8055555555555556,1.2129937233341985,3.3699032737338293,0.8055555555555556,6.7398065474676585,6.7398065474676585,0.8055555555555556,6.7398065474676585,6.7398065474676585,0.8055555555555556,6.7398065474676585,6.7398065474676585,0.8055555555555556,8.86672829417087,8.86672829417087,0.8055555555555556,6.987854849135067,6.987854849135067
0.8055555555555556,1.5248415082835853,2.716207033999409,0.8055555555555556,1.4681488357384063,2.920565532505595,0.8055555555555556,1.2129937233341985,3.3699032737338293,0.8055555555555556,4.935563936080116,10.361144491283643,0.8055555555555556,6.7398065474676585,6.7398065474676585,0.8055555555555556,6.7398065474676585,6.7398065474676585,0.8055555555555556,6.7398065474676585,6.7398065474676585,0.8055555555555556,8.86672829417087,8.86672829417087,0.8055555555555556,6.987854849135067,6.987854849135067
0.8148148148148148,1.5248415082835853,2.716207033999409,0.8148148148148148,1.4681488357384063,2.920565532505595,0.8148148148148148,1.2129937233341985,3.3699032737338293,0.8148148148148148,4.935563936080116,10.361144491283643,0.8148148148148148,6.7398065474676585,6.7398065474676585,0.8148148148148148,6.7398065474676585,6.7398065474676585,0.8148148148148148,6.7398065474676585,6.7398065474676585,0.8148148148148148,8.86672829417087,8.86672829417087,0.8148148148148148,6.987854849135067,6.987854849135067
0.8148148148148148,2.146841388329271,2.920565532505595,0.8148148148148148,1.9668331360648008,3.1043366598147357,0.8148148148148148,1.3461756411340395,10.361144491283643,0.8148148148148148,5.180572245641821,10.361144491283643,0.8148148148148148,6.7398065474676585,6.7398065474676585,0.8148148148148148,6.7398065474676585,6.7398065474676585,0.8148148148148148,6.7398065474676585,6.7398065474676585,0.8148148148148148,8.86672829417087,8.86672829417087,0.8148148148148148,6.987854849135067,6.987854849135067
0.8240740740740741,2.146841388329271,2.920565532505595,0.8240740740740741,1.9668331360648008,3.1043366598147357,0.8240740740740741,1.3461756411340395,10.361144491283643,0.8240740740740741,5.180572245641821,10.361144491283643,0.8240740740740741,6.7398065474676585,6.7398065474676585,0.8240740740740741,6.7398065474676585,6.7398065474676585,0.8240740740740741,6.7398065474676585,6.7398065474676585,0.8240740740740741,8.86672829417087,8.86672829417087,0.8240740740740741,6.987854849135067,6.987854849135067
0.8240740740740741,2.584962500721156,3.1043366598147357,0.8240740740740741,2.237039197300849,3.3699032737338293,0.8240740740740741,1.4150374992788437,10.361144491283643,0.8240740740740741,10.361144491283643,10.361144491283643,0.8240740740740741,6.7398065474676585,6.7398065474676585,0.8240740740740741,6.7398065474676585,6.7398065474676585,0.8240740740740741,6.7398065474676585,6.7398065474676585,0.8240740740740741,8.86672829417087,8.86672829417087,0.8240740740740741,6.987854849135067,6.987854849135067
0.8333333333333334,2.584962500721156,3.1043366598147357,0.8333333333333334,2.237039197300849,3.3699032737338293,0.8333333333333334,1.4150374992788437,10.361144491283643,0.8333333333333334,10.361144491283643,10.361144491283643,0.8333333333333334,6.7398065474676585,6.7398065474676585,0.8333333333333334,6.7398065474676585,6.7398065474676585,0.8333333333333334,6.7398065474676585,6.7398065474676585,0.8333333333333334,8.86672829417087,8.86672829417087,0.8333333333333334,6.987854849135067,6.987854849135067
0.8333333333333334,2.6870606883398924,3.3699032737338293,0.8333333333333334,2.6029964235514176,10.361144491283643,0.8333333333333334,4.935563936080116,10.361144491283643,0.8333333333333334,10.361144491283643,10.361144491283643,0.8333333333333334,6.7398065474676585,6.7398065474676585,0.8333333333333334,6.7398065474676585,6.7398065474676585,0.8333333333333334,6.7398065474676585,6.7398065474676585,0.8333333333333334,8.86672829417087,8.86672829417087,0.8333333333333334,6.987854849135067,6.987854849135067
0.8425925925925926,2.6870606883398924,3.3699032737338293,0.8425925925925926,2.6029964235514176,10.361144491283643,0.8425925925925926,4.935563936080116,10.361144491283643,0.8425925925925926,10.361144491283643,10.361144491283643,0.8425925925925926,6.7398065474676585,6.7398065474676585,0.8425925925925926,6.7398065474676585,6.7398065474676585,0.8425925925925926,6.7398065474676585,6.7398065474676585,0.8425925925925926,8.86672829417087,8.86672829417087,0.8425925925925926,6.987854849135067,6.987854849135067
0.8425925925925926,5.180572245641821,10.361144491283643,0.8425925925925926,5.180572245641821,10.361144491283643,0.8425925925925926,5.180572245641821,10.361144491283643,0.8425925925925926,10.361144491283643,10.361144491283643,0.8425925925925926,6.7398065474676585,6.7398065474676585,0.8425925925925926,6.7398065474676585,6.7398065474676585,0.8425925925925926,6.7398065474676585,6.7398065474676585,0.8425925925925926,8.86672829417087,8.86672829417087,0.8425925925925926,6.987854849135067,6.987854849135067
0.8518518518518519,5.180572245641821,10.361144491283643,0.8518518518518519,5.180572245641821,10.361144491283643,0.8518518518518519,5.180572245641821,10.361144491283643,0.8518518518518519,10.361144491283643,10.361144491283643,0.8518518518518519,6.7398065474676585,6.7398065474676585,0.8518518518518519,6.7398065474676585,6.7398065474676585,0.8518518518518519,6.7398065474676585,6.7398065474676585,0.8518518518518519,8.86672829417087,8.86672829417087,0.8518518518518519,6.987854849135067,6.987854849135067
0.8518518518518519,10.361144491283643,10.361144491283643,0.8518518518518519,10.361144491283643,10.361144491283643,0.8518518518518519,10.361144491283643,10.361144491283643,0.8518518518518519,10.361144491283643,10.361144491283643,0.8518518518518519,6.7398065474676585,6.7398065474676585,0.8518518518518519,6.7398065474676585,6.7398065474676585,0.8518518518518519,6.7398065474676585,6.7398065474676585,0.8518518518518519,8.86672829417087,8.86672829417087,0.8518518518518519,6.987854849135067,6.987854849135067
0.8611111111111112,10.361144491283643,10.361144491283643,0.8611111111111112,10.361144491283643,10.361144491283643,0.8611111111111112,10.361144491283643,10.361144491283643,0.8611111111111112,10.361144491283643,10.361144491283643,0.8611111111111112,6.7398065474676585,6.7398065474676585,0.8611111111111112,6.7398065474676585,6.7398065474676585,0.8611111111111112,6.7398065474676585,6.7398065474676585,0.8611111111111112,8.86672829417087,8.86672829417087,0.8611111111111112,6.987854849135067,6.987854849135067
0.8611111111111112,10.361144491283643,10.361144491283643,0.8611111111111112,10.361144491283643,10.361144491283643,0.8611111111111112,10.361144491283643,10.361144491283643,0.8611111111111112,10.361144491283643,10.361144491283643,0.8611111111111112,6.7398065474676585,6.7398065474676585,0.8611111111111112,6.7398065474676585,6.7398065474676585,0.8611111111111112,6.7398065474676585,6.7398065474676585,0.8611111111111112,8.86672829417087,8.86672829417087,0.8611111111111112,6.987854849135067,6.987854849135067
0.8703703703703703,10.361144491283643,10.361144491283643,0.8703703703703703,10.361144491283643,10.361144491283643,0.8703703703703703,10.361144491283643,10.361144491283643,0.8703703703703703,10.361144491283643,10.361144491283643,0.8703703703703703,6.7398065474676585,6.7398065474676585,0.8703703703703703,6.7398065474676585,6.7398065474676585,0.8703703703703703,6.7398065474676585,6.7398065474676585,0.8703703703703703,8.86672829417087,8.86672829417087,0.8703703703703703,6.987854849135067,6.987854849135067
0.8703703703703703,10.361144491283643,10.361144491283643,0.8703703703703703,10.361144491283643,10.361144491283643,0.8703703703703703,10.361144491283643,10.361144491283643,0.8703703703703703,10.361144491283643,10.361144491283643,0.8703703703703703,6.7398065474676585,6.7398065474676585,0.8703703703703703,6.7398065474676585,6.7398065474676585,0.8703703703703703,6.7398065474676585,6.7398065474676585,0.8703703703703703,8.86672829417087,8.86672829417087,0.8703703703703703,6.987854849135067,6.987854849135067
0.8796296296296297,10.361144491283643,10.361144491283643,0.8796296296296297,10.361144491283643,10.361144491283643,0.8796296296296297,10.361144491283643,10.361144491283643,0.8796296296296297,10.361144491283643,10.361144491283643,0.8796296296296297,6.7398065474676585,6.7398065474676585,0.8796296296296297,6.7398065474676585,6.7398065474676585,0.8796296296296297,6.7398065474676585,6.7398065474676585,0.8796296296296297,8.86672829417087,8.86672829417087,0.8796296296296297,6.987854849135067,6.987854849135067
0.8796296296296297,10.361144491283643,10.361144491283643,0.8796296296296297,10.361144491283643,10.361144491283643,0.8796296296296297,10.361144491283643,10.361144491283643,0.8796296296296297,10.361144491283643,10.361144491283643,0.8796296296296297,6.7398065474676585,6.7398065474676585,0.8796296296296297,6.7398065474676585,6.7398065474676585,0.8796296296296297,6.7398065474676585,6.7398065474676585,0.8796296296296297,8.86672829417087,8.86672829417087,0.8796296296296297,6.987854849135067,6.987854849135067
0.8888888888888888,10.361144491283643,10.361144491283643,0.8888888888888888,10.361144491283643,10.361144491283643,0.8888888888888888,10.361144491283643,10.361144491283643,0.8888888888888888,10.361144491283643,10.361144491283643,0.8888888888888888,6.7398065474676585,6.7398065474676585,0.8888888888888888,6.7398065474676585,6.7398065474676585,0.8888888888888888,6.7398065474676585,6.7398065474676585,0.8888888888888888,8.86672829417087,8.86672829417087,0.8888888888888888,6.987854849135067,6.987854849135067
0.8888888888888888,10.361144491283643,10.361144491283643,0.8888888888888888,10.361144491283643,10.361144491283643,0.8888888888888888,10.361144491283643,10.361144491283643,0.8888888888888888,10.361144491283643,10.361144491283643,0.8888888888888888,6.7398065474676585,6.7398065474676585,0.8888888888888888,6.7398065474676585,6.7398065474676585,0.8888888888888888,6.7398065474676585,6.7398065474676585,0.8888888888888888,8.86672829417087,8.86672829417087,0.8888888888888888,6.987854849135067,6.987854849135067
0.8981481481481481,10.361144491283643,10.361144491283643,0.8981481481481481,10.361144491283643,10.361144491283643,0.8981481481481481,10.361144491283643,10.361144491283643,0.8981481481481481,10.361144491283643,10.361144491283643,0.8981481481481481,6.7398065474676585,6.7398065474676585,0.8981481481481481,6.7398065474676585,6.7398065474676585,0.8981481481481481,6.7398065474676585,6.7398065474676585,0.8981481481481481,8.86672829417087,8.86672829417087,0.8981481481481481,6.987854849135067,6.987854849135067
0.8981481481481481,10.361144491283643,10.361144491283643,0.8981481481481481,10.361144491283643,10.361144491283643,0.8981481481481481,10.361144491283643,10.361144491283643,0.8981481481481481,10.361144491283643,10.361144491283643,0.8981481481481481,6.7398065474676585,6.7398065474676585,0.8981481481481481,6.7398065474676585,6.7398065474676585,0.8981481481481481,6.7398065474676585,6.7398065474676585,0.8981481481481481,8.86672829417087,8.86672829417087,0.8981481481481481,6.987854849135067,6.987854849135067
0.9074074074074074,10.361144491283643,10.361144491283643,0.9074074074074074,10.361144491283643,10.361144491283643,0.9074074074074074,10.361144491283643,10.361144491283643,0.9074074074074074,10.361144491283643,10.361144491283643,0.9074074074074074,6.7398065474676585,6.7398065474676585,0.9074074074074074,6.7398065474676585,6.7398065474676585,0.9074074074074074,6.7398065474676585,6.7398065474676585,0.9074074074074074,8.86672829417087,8.86672829417087,0.9074074074074074,6.987854849135067,6.987854849135067
0.9074074074074074,10.361144491283643,10.361144491283643,0.9074074074074074,10.361144491283643,10.361144491283643,0.9074074074074074,10.361144491283643,10.361144491283643,0.9074074074074074,10.361144491283643,10.361144491283643,0.9074074074074074,6.7398065474676585,6.7398065474676585,0.9074074074074074,6.7398065474676585,6.7398065474676585,0.9074074074074074,6.7398065474676585,6.7398065474676585,0.9074074074074074,8.86672829417087,8.86672829417087,0.9074074074074074,6.987854849135067,6.987854849135067
0.9166666666666666,10.361144491283643,10.361144491283643,0.9166666666666666,10.361144491283643,10.361144491283643,0.9166666666666666,10.361144491283643,10.361144491283643,0.9166666666666666,10.361144491283643,10.361144491283643,0.9166666666666666,6.7398065474676585,6.7398065474676585,0.9166666666666666,6.7398065474676585,6.7398065474676585,0.9166666666666666,6.7398065474676585,6.7398065474676585,0.9166666666666666,8.86672829417087,8.86672829417087,0.9166666666666666,6.987854849135067,6.987854849135067
0.9166666666666666,10.361144491283643,10.361144491283643,0.9166666666666666,10.361144491283643,10.361144491283643,0.9166666666666666,10.361144491283643,10.361144491283643,0.9166666666666666,10.361144491283643,10.361144491283643,0.9166666666666666,6.7398065474676585,6.7398065474676585,0.9166666666666666,6.7398065474676585,6.7398065474676585,0.9166666666666666,6.7398065474676585,6.7398065474676585,0.9166666666666666,8.86672829417087,8.86672829417087,0.9166666666666666,6.987854849135067,6.987854849135067
0.9259259259259259,10.361144491283643,10.361144491283643,0.9259259259259259,10.361144491283643,10.361144491283643,0.9259259259259259,10.361144491283643,10.361144491283643,0.9259259259259259,10.361144491283643,10.361144491283643,0.9259259259259259,6.7398065474676585,6.7398065474676585,0.9259259259259259,6.7398065474676585,6.7398065474676585,0.9259259259259259,6.7398065474676585,6.7398065474676585,0.9259259259259259,8.86672829417087,8.86672829417087,0.9259259259259259,6.987854849135067,6.987854849135067
0.9259259259259259,10.361144491283643,10.361144491283643,0.9259259259259259,10.361144491283643,10.361144491283643,0.9259259259259259,10.361144491283643,10.361144491283643,0.9259259259259259,10.361144491283643,10.361144491283643,0.9259259259259259,6.7398065474676585,6.7398065474676585,0.9259259259259259,6.7398065474676585,6.7398065474676585,0.9259259259259259,6.7398065474676585,6.7398065474676585,0.9259259259259259,8.86672829417087,8.86672829417087,0.9259259259259259,6.987854849135067,6.987854849135067
0.9351851851851851,10.361144491283643,10.361144491283643,0.9351851851851851,10.361144491283643,10.361144491283643,0.9351851851851851,10.361144491283643,10.361144491283643,0.9351851851851851,10.361144491283643,10.361144491283643,0.9351851851851851,6.7398065474676585,6.7398065474676585,0.9351851851851851,6.7398065474676585,6.7398065474676585,0.9351851851851851,6.7398065474676585,6.7398065474676585,0.9351851851851851,8.86672829417087,8.86672829417087,0.9351851851851851,6.987854849135067,6.987854849135067
0.9351851851851851,10.361144491283643,10.361144491283643,0.9351851851851851,10.361144491283643,10.361144491283643,0.9351851851851851,10.361144491283643,10.361144491283643,0.9351851851851851,10.361144491283643,10.361144491283643,0.9351851851851851,6.7398065474676585,6.7398065474676585,0.9351851851851851,6.7398065474676585,6.7398065474676585,0.9351851851851851,6.7398065474676585,6.7398065474676585,0.9351851851851851,8.86672829417087,8.86672829417087,0.9351851851851851,6.987854849135067,6.987854849135067
0.9444444444444444,10.361144491283643,10.361144491283643,0.9444444444444444,10.361144491283643,10.361144491283643,0.9444444444444444,10.361144491283643,10.361144491283643,0.9444444444444444,10.361144491283643,10.361144491283643,0.9444444444444444,6.7398065474676585,6.7398065474676585,0.9444444444444444,6.7398065474676585,6.7398065474676585,0.9444444444444444,6.7398065474676585,6.7398065474676585,0.9444444444444444,8.86672829417087,8.86672829417087,0.9444444444444444,6.987854849135067,6.987854849135067
0.9444444444444444,10.361144491283643,10.361144491283643,0.9444444444444444,10.361144491283643,10.361144491283643,0.9444444444444444,10.361144491283643,10.361144491283643,0.9444444444444444,10.361144491283643,10.361144491283643,0.9444444444444444,6.7398065474676585,6.7398065474676585,0.9444444444444444,6.7398065474676585,6.7398065474676585,0.9444444444444444,6.7398065474676585,6.7398065474676585,0.9444444444444444,8.86672829417087,8.86672829417087,0.9444444444444444,6.987854849135067,6.987854849135067
0.9537037037037037,10.361144491283643,10.361144491283643,0.9537037037037037,10.361144491283643,10.361144491283643,0.9537037037037037,10.361144491283643,10.361144491283643,0.9537037037037037,10.361144491283643,10.361144491283643,0.9537037037037037,6.7398065474676585,6.7398065474676585,0.9537037037037037,6.7398065474676585,6.7398065474676585,0.9537037037037037,6.7398065474676585,6.7398065474676585,0.9537037037037037,8.86672829417087,8.86672829417087,0.9537037037037037,6.987854849135067,6.987854849135067
0.9537037037037037,10.361144491283643,10.361144491283643,0.9537037037037037,10.361144491283643,10.361144491283643,0.9537037037037037,10.361144491283643,10.361144491283643,0.9537037037037037,10.361144491283643,10.361144491283643,0.9537037037037037,6.7398065474676585,6.7398065474676585,0.9537037037037037,6.7398065474676585,6.7398065474676585,0.9537037037037037,6.7398065474676585,6.7398065474676585,0.9537037037037037,8.86672829417087,8.86672829417087,0.9537037037037037,6.987854849135067,6.987854849135067
0.9629629629629629,10.361144491283643,10.361144491283643,0.9629629629629629,10.361144491283643,10.361144491283643,0.9629629629629629,10.361144491283643,10.361144491283643,0.9629629629629629,10.361144491283643,10.361144491283643,0.9629629629629629,6.7398065474676585,6.7398065474676585,0.9629629629629629,6.7398065474676585,6.7398065474676585,0.9629629629629629,6.7398065474676585,6.7398065474676585,0.9629629629629629,8.86672829417087,8.86672829417087,0.9629629629629629,6.987854849135067,6.987854849135067
0.9629629629629629,10.361144491283643,10.361144491283643,0.9629629629629629,10.361144491283643,10.361144491283643,0.9629629629629629,10.361144491283643,10.361144491283643,0.9629629629629629,10.361144491283643,10.361144491283643,0.9629629629629629,6.7398065474676585,6.7398065474676585,0.9629629629629629,6.7398065474676585,6.7398065474676585,0.9629629629629629,6.7398065474676585,6.7398065474676585,0.9629629629629629,8.86672829417087,8.86672829417087,0.9629629629629629,6.987854849135067,6.987854849135067
0.9722222222222222,10.361144491283643,10.361144491283643,0.9722222222222222,10.361144491283643,10.361144491283643,0.9722222222222222,10.361144491283643,10.361144491283643,0.9722222222222222,10.361144491283643,10.361144491283643,0.9722222222222222,6.7398065474676585,6.7398065474676585,0.9722222222222222,6.7398065474676585,6.7398065474676585,0.9722222222222222,6.7398065474676585,6.7398065474676585,0.9722222222222222,8.86672829417087,8.86672829417087,0.9722222222222222,6.987854849135067,6.987854849135067
0.9722222222222222,10.361144491283643,10.361144491283643,0.9722222222222222,10.361144491283643,10.361144491283643,0.9722222222222222,10.361144491283643,10.361144491283643,0.9722222222222222,10.361144491283643,10.361144491283643,0.9722222222222222,6.7398065474676585,6.7398065474676585,0.9722222222222222,6.7398065474676585,6.7398065474676585,0.9722222222222222,6.7398065474676585,6.7398065474676585,0.9722222222222222,8.86672829417087,8.86672829417087,0.9722222222222222,6.987854849135067,6.987854849135067
0.9814814814814815,10.361144491283643,10.361144491283643,0.9814814814814815,10.361144491283643,10.361144491283643,0.9814814814814815,10.361144491283643,10.361144491283643,0.9814814814814815,10.361144491283643,10.361144491283643,0.9814814814814815,6.7398065474676585,6.7398065474676585,0.9814814814814815,6.7398065474676585,6.7398065474676585,0.9814814814814815,6.7398065474676585,6.7398065474676585,0.9814814814814815,8.86672829417087,8.86672829417087,0.9814814814814815,6.987854849135067,6.987854849135067
0.9814814814814815,10.361144491283643,10.361144491283643,0.9814814814814815,10.361144491283643,10.361144491283643,0.9814814814814815,10.361144491283643,10.361144491283643,0.9814814814814815,10.361144491283643,10.361144491283643,0.9814814814814815,6.7398065474676585,6.7398065474676585,0.9814814814814815,6.7398065474676585,6.7398065474676585,0.9814814814814815,6.7398065474676585,6.7398065474676585,0.9814814814814815,8.86672829417087,8.86672829417087,0.9814814814814815,6.987854849135067,6.987854849135067
0.9907407407407407,10.361144491283643,10.361144491283643,0.9907407407407407,10.361144491283643,10.361144491283643,0.9907407407407407,10.361144491283643,10.361144491283643,0.9907407407407407,10.361144491283643,10.361144491283643,0.9907407407407407,6.7398065474676585,6.7398065474676585,0.9907407407407407,6.7398065474676585,6.7398065474676585,0.9907407407407407,6.7398065474676585,6.7398065474676585,0.9907407407407407,8.86672829417087,8.86672829417087,0.9907407407407407,6.987854849135067,6.987854849135067
0.9907407407407407,10.361144491283643,10.361144491283643,0.9907407407407407,10.361144491283643,10.361144491283643,0.9907407407407407,10.361144491283643,10.361144491283643,0.9907407407407407,10.361144491283643,10.361144491283643,0.9907407407407407,6.7398065474676585,6.7398065474676585,0.9907407407407407,6.7398065474676585,6.7398065474676585,0.9907407407407407,6.7398065474676585,6.7398065474676585,0.9907407407407407,8.86672829417087,8.86672829417087,0.9907407407407407,6.987854849135067,6.987854849135067
1.0,10.361144491283643,10.361144491283643,1.0,10.361144491283643,10.361144491283643,1.0,10.361144491283643,10.361144491283643,1.0,10.361144491283643,10.361144491283643,1.0,6.7398065474676585,6.7398065474676585,1.0,6.7398065474676585,6.7398065474676585,1.0,6.7398065474676585,6.7398065474676585,1.0,8.86672829417087,8.86672829417087,1.0,6.987854849135067,6.987854849135067
1.0,10.361144491283643,10.361144491283643,1.0,10.361144491283643,10.361144491283643,1.0,10.361144491283643,10.361144491283643,1.0,10.361144491283643,10.361144491283643,1.0,6.7398065474676585,6.7398065474676585,1.0,6.7398065474676585,6.7398065474676585,1.0,6.7398065474676585,6.7398065474676585,1.0,8.86672829417087,8.86672829417087,1.0,6.987854849135067,6.987854849135067
