y1,x1_COBYQA,x1_COBYQA-2,y2,x2_COBYQA,x2_COBYQA-2,y3,x3_COBYQA,x3_COBYQA-2,y4,x4_COBYQA,x4_COBYQA-2,y5,x5_COBYQA,x5_COBYQA-2,y6,x6_COBYQA,x6_COBYQA-2,y7,x7_COBYQA,x7_COBYQA-2,y8,x8_COBYQA,x8_COBYQA-2,y9,x9_COBYQA,x9_COBYQA-2
0.0,0.0,0.0,0.0,0.0,0.0,0.0,0.0,0.0,0.0,0.0,0.0,0.0,0.0,0.0,0.0,0.0,0.0,0.0,0.0,0.0,0.0,0.0,0.0,0.0,0.0,0.0
0.0,0.0,0.0,0.0,0.0,0.0,0.0,0.0,0.0,0.0,0.0,0.0,0.0,0.0,0.0,0.0,0.0,0.0,0.0,0.0,0.0,0.0,0.0,0.0,0.0,0.0,0.0
0.0064516129032258064,0.0,0.0,0.0064516129032258064,0.0,0.0,0.0064516129032258064,0.0,0.0,0.0064516129032258064,0.0,0.0,0.0064516129032258064,0.0,0.0,0.0064516129032258064,0.0,0.0,0.0064516129032258064,0.0,0.0,0.0064516129032258064,0.0,0.0,0.0064516129032258064,0.0,0.0
0.0064516129032258064,0.0,0.0,0.0064516129032258064,0.0,0.0,0.0064516129032258064,0.0,0.0,0.0064516129032258064,0.0,0.0,0.0064516129032258064,0.0,0.0,0.0064516129032258064,0.0,0.0,0.0064516129032258064,0.0,0.0,0.0064516129032258064,0.0,0.0,0.0064516129032258064,0.0,0.0
0.012903225806451613,0.0,0.0,0.012903225806451613,0.0,0.0,0.012903225806451613,0.0,0.0,0.012903225806451613,0.0,0.0,0.012903225806451613,0.0,0.0,0.012903225806451613,0.0,0.0,0.012903225806451613,0.0,0.0,0.012903225806451613,0.0,0.0,0.012903225806451613,0.0,0.0
0.012903225806451613,0.0,0.0,0.012903225806451613,0.0,0.0,0.012903225806451613,0.0,0.0,0.012903225806451613,0.0,0.0,0.012903225806451613,0.0,0.0,0.012903225806451613,0.0,0.0,0.012903225806451613,0.0,0.0,0.012903225806451613,0.0,0.0,0.012903225806451613,0.0,0.0
0.01935483870967742,0.0,0.0,0.01935483870967742,0.0,0.0,0.01935483870967742,0.0,0.0,0.01935483870967742,0.0,0.0,0.01935483870967742,0.0,0.0,0.01935483870967742,0.0,0.0,0.01935483870967742,0.0,0.0,0.01935483870967742,0.0,0.0,0.01935483870967742,0.0,0.0
0.01935483870967742,0.0,0.0,0.01935483870967742,0.0,0.0,0.01935483870967742,0.0,0.0,0.01935483870967742,0.0,0.0,0.01935483870967742,0.0,0.0,0.01935483870967742,0.0,0.0,0.01935483870967742,0.0,0.0,0.01935483870967742,0.0,0.0,0.01935483870967742,0.0,0.0
0.025806451612903226,0.0,0.0,0.025806451612903226,0.0,0.0,0.025806451612903226,0.0,0.0,0.025806451612903226,0.0,0.0,0.025806451612903226,0.0,0.0,0.025806451612903226,0.0,0.0,0.025806451612903226,0.0,0.0,0.025806451612903226,0.0,0.0,0.025806451612903226,0.0,0.0
0.025806451612903226,0.0,0.0,0.025806451612903226,0.0,0.0,0.025806451612903226,0.0,0.0,0.025806451612903226,0.0,0.0,0.025806451612903226,0.0,0.0,0.025806451612903226,0.0,0.0,0.025806451612903226,0.0,0.0,0.025806451612903226,0.0,0.0,0.025806451612903226,0.0,0.0
0.03225806451612903,0.0,0.0,0.03225806451612903,0.0,0.0,0.03225806451612903,0.0,0.0,0.03225806451612903,0.0,0.0,0.03225806451612903,0.0,0.0,0.03225806451612903,0.0,0.0,0.03225806451612903,0.0,0.0,0.03225806451612903,0.0,0.0,0.03225806451612903,0.0,0.0
0.03225806451612903,0.0,0.0,0.03225806451612903,0.0,0.0,0.03225806451612903,0.0,0.0,0.03225806451612903,0.0,0.0,0.03225806451612903,0.0,0.0,0.03225806451612903,0.0,0.0,0.03225806451612903,0.0,0.0,0.03225806451612903,0.0,0.0,0.03225806451612903,0.0,0.0
0.03870967741935484,0.0,0.0,0.03870967741935484,0.0,0.0,0.03870967741935484,0.0,0.0,0.03870967741935484,0.0,0.0,0.03870967741935484,0.0,0.0,0.03870967741935484,0.0,0.0,0.03870967741935484,0.0,0.0,0.03870967741935484,0.0,0.0,0.03870967741935484,0.0,0.0
0.03870967741935484,0.0,0.0,0.03870967741935484,0.0,0.0,0.03870967741935484,0.0,0.0,0.03870967741935484,0.0,0.0,0.03870967741935484,0.0,0.0,0.03870967741935484,0.0,0.0,0.03870967741935484,0.0,0.0,0.03870967741935484,0.0,0.0,0.03870967741935484,0.0,0.0
0.04516129032258065,0.0,0.0,0.04516129032258065,0.0,0.0,0.04516129032258065,0.0,0.0,0.04516129032258065,0.0,0.0,0.04516129032258065,0.0,0.0,0.04516129032258065,0.0,0.0,0.04516129032258065,0.0,0.0,0.04516129032258065,0.0,0.0,0.04516129032258065,0.0,0.0
0.04516129032258065,0.0,0.0,0.04516129032258065,0.0,0.0,0.04516129032258065,0.0,0.0,0.04516129032258065,0.0,0.0,0.04516129032258065,0.0,0.0,0.04516129032258065,0.0,0.0,0.04516129032258065,0.0,0.0,0.04516129032258065,0.0,0.0,0.04516129032258065,0.0,0.0
0.05161290322580645,0.0,0.0,0.05161290322580645,0.0,0.0,0.05161290322580645,0.0,0.0,0.05161290322580645,0.0,0.0,0.05161290322580645,0.0,0.0,0.05161290322580645,0.0,0.0,0.05161290322580645,0.0,0.0,0.05161290322580645,0.0,0.0,0.05161290322580645,0.0,0.0
0.05161290322580645,0.0,0.0,0.05161290322580645,0.0,0.0,0.05161290322580645,0.0,0.0,0.05161290322580645,0.0,0.0,0.05161290322580645,0.0,0.0,0.05161290322580645,0.0,0.0,0.05161290322580645,0.0,0.0,0.05161290322580645,0.0,0.0,0.05161290322580645,0.0,0.0
0.05806451612903226,0.0,0.0,0.05806451612903226,0.0,0.0,0.05806451612903226,0.0,0.0,0.05806451612903226,0.0,0.0,0.05806451612903226,0.0,0.0,0.05806451612903226,0.0,0.0,0.05806451612903226,0.0,0.0,0.05806451612903226,0.0,0.0,0.05806451612903226,0.0,0.0
0.05806451612903226,0.0,0.0,0.05806451612903226,0.0,0.0,0.05806451612903226,0.0,0.0,0.05806451612903226,0.0,0.0,0.05806451612903226,0.0,0.0,0.05806451612903226,0.0,0.0,0.05806451612903226,0.0,0.0,0.05806451612903226,0.0,0.0,0.05806451612903226,0.0,0.0
0.06451612903225806,0.0,0.0,0.06451612903225806,0.0,0.0,0.06451612903225806,0.0,0.0,0.06451612903225806,0.0,0.0,0.06451612903225806,0.0,0.0,0.06451612903225806,0.0,0.0,0.06451612903225806,0.0,0.0,0.06451612903225806,0.0,0.0,0.06451612903225806,0.0,0.0
0.06451612903225806,0.0,0.0,0.06451612903225806,0.0,0.0,0.06451612903225806,0.0,0.0,0.06451612903225806,0.0,0.0,0.06451612903225806,0.0,0.0,0.06451612903225806,0.0,0.0,0.06451612903225806,0.0,0.0,0.06451612903225806,0.0,0.0,0.06451612903225806,0.0,0.0
0.07096774193548387,0.0,0.0,0.07096774193548387,0.0,0.0,0.07096774193548387,0.0,0.0,0.07096774193548387,0.0,0.0,0.07096774193548387,0.0,0.0,0.07096774193548387,0.0,0.0,0.07096774193548387,0.0,0.0,0.07096774193548387,0.0,0.0,0.07096774193548387,0.0,0.0
0.07096774193548387,0.0,0.0,0.07096774193548387,0.0,0.0,0.07096774193548387,0.0,0.0,0.07096774193548387,0.0,0.0,0.07096774193548387,0.0,0.0,0.07096774193548387,0.0,0.0,0.07096774193548387,0.0,0.0,0.07096774193548387,0.0,0.0,0.07096774193548387,0.0,0.0
0.07741935483870968,0.0,0.0,0.07741935483870968,0.0,0.0,0.07741935483870968,0.0,0.0,0.07741935483870968,0.0,0.0,0.07741935483870968,0.0,0.0,0.07741935483870968,0.0,0.0,0.07741935483870968,0.0,0.0,0.07741935483870968,0.0,0.0,0.07741935483870968,0.0,0.0
0.07741935483870968,0.0,0.0,0.07741935483870968,0.0,0.0,0.07741935483870968,0.0,0.0,0.07741935483870968,0.0,0.0,0.07741935483870968,0.0,0.0,0.07741935483870968,0.0,0.0,0.07741935483870968,0.0,0.0,0.07741935483870968,0.0,0.0,0.07741935483870968,0.0,0.0
0.08387096774193549,0.0,0.0,0.08387096774193549,0.0,0.0,0.08387096774193549,0.0,0.0,0.08387096774193549,0.0,0.0,0.08387096774193549,0.0,0.0,0.08387096774193549,0.0,0.0,0.08387096774193549,0.0,0.0,0.08387096774193549,0.0,0.0,0.08387096774193549,0.0,0.0
0.08387096774193549,0.0,0.0,0.08387096774193549,0.0,0.0,0.08387096774193549,0.0,0.0,0.08387096774193549,0.0,0.0,0.08387096774193549,0.0,0.0,0.08387096774193549,0.0,0.0,0.08387096774193549,0.0,0.0,0.08387096774193549,0.0,0.0,0.08387096774193549,0.0,0.0
0.0903225806451613,0.0,0.0,0.0903225806451613,0.0,0.0,0.0903225806451613,0.0,0.0,0.0903225806451613,0.0,0.0,0.0903225806451613,0.0,0.0,0.0903225806451613,0.0,0.0,0.0903225806451613,0.0,0.0,0.0903225806451613,0.0,0.0,0.0903225806451613,0.0,0.0
0.0903225806451613,0.0,0.0,0.0903225806451613,0.0,0.0,0.0903225806451613,0.0,0.0,0.0903225806451613,0.0,0.0,0.0903225806451613,0.0,0.0,0.0903225806451613,0.0,0.0,0.0903225806451613,0.0,0.0,0.0903225806451613,0.0,0.0,0.0903225806451613,0.0,0.0
0.0967741935483871,0.0,0.0,0.0967741935483871,0.0,0.0,0.0967741935483871,0.0,0.0,0.0967741935483871,0.0,0.0,0.0967741935483871,0.0,0.0,0.0967741935483871,0.0,0.0,0.0967741935483871,0.0,0.0,0.0967741935483871,0.0,0.0,0.0967741935483871,0.0,0.0
0.0967741935483871,0.0,0.0,0.0967741935483871,0.0,0.0,0.0967741935483871,0.0,0.0,0.0967741935483871,0.0,0.0,0.0967741935483871,0.0,0.0,0.0967741935483871,0.0,0.0,0.0967741935483871,0.0,0.0,0.0967741935483871,0.0,0.0,0.0967741935483871,0.0,0.0
0.1032258064516129,0.0,0.0,0.1032258064516129,0.0,0.0,0.1032258064516129,0.0,0.0,0.1032258064516129,0.0,0.0,0.1032258064516129,0.0,0.0,0.1032258064516129,0.0,0.0,0.1032258064516129,0.0,0.0,0.1032258064516129,0.0,0.0,0.1032258064516129,0.0,0.0
0.1032258064516129,0.0,0.0,0.1032258064516129,0.0,0.0,0.1032258064516129,0.0,0.0,0.1032258064516129,0.0,0.0,0.1032258064516129,0.0,0.0,0.1032258064516129,0.0,0.0,0.1032258064516129,0.0,0.0,0.1032258064516129,0.0,0.0,0.1032258064516129,0.0,0.0
0.10967741935483871,0.0,0.0,0.10967741935483871,0.0,0.0,0.10967741935483871,0.0,0.0,0.10967741935483871,0.0,0.0,0.10967741935483871,0.0,0.0,0.10967741935483871,0.0,0.0,0.10967741935483871,0.0,0.0,0.10967741935483871,0.0,0.0,0.10967741935483871,0.0,0.0
0.10967741935483871,0.0,0.0,0.10967741935483871,0.0,0.0,0.10967741935483871,0.0,0.0,0.10967741935483871,0.0,0.0,0.10967741935483871,0.0,0.0,0.10967741935483871,0.0,0.0,0.10967741935483871,0.0,0.0,0.10967741935483871,0.0,0.0,0.10967741935483871,0.0,0.0
0.11612903225806452,0.0,0.0,0.11612903225806452,0.0,0.0,0.11612903225806452,0.0,0.0,0.11612903225806452,0.0,0.0,0.11612903225806452,0.0,0.0,0.11612903225806452,0.0,0.0,0.11612903225806452,0.0,0.0,0.11612903225806452,0.0,0.0,0.11612903225806452,0.0,0.0
0.11612903225806452,0.0,0.0,0.11612903225806452,0.0,0.0,0.11612903225806452,0.0,0.0,0.11612903225806452,0.0,0.0,0.11612903225806452,0.0,0.0,0.11612903225806452,0.0,0.0,0.11612903225806452,0.0,0.0,0.11612903225806452,0.0,0.0,0.11612903225806452,0.0,0.0
0.12258064516129033,0.0,0.0,0.12258064516129033,0.0,0.0,0.12258064516129033,0.0,0.0,0.12258064516129033,0.0,0.0,0.12258064516129033,0.0,0.0,0.12258064516129033,0.0,0.0,0.12258064516129033,0.0,0.0,0.12258064516129033,0.0,0.0,0.12258064516129033,0.0,0.0
0.12258064516129033,0.0,0.0,0.12258064516129033,0.0,0.0,0.12258064516129033,0.0,0.0,0.12258064516129033,0.0,0.0,0.12258064516129033,0.0,0.0,0.12258064516129033,0.0,0.0,0.12258064516129033,0.0,0.0,0.12258064516129033,0.0,0.0,0.12258064516129033,0.0,0.0
0.12903225806451613,0.0,0.0,0.12903225806451613,0.0,0.0,0.12903225806451613,0.0,0.0,0.12903225806451613,0.0,0.0,0.12903225806451613,0.0,0.0,0.12903225806451613,0.0,0.0,0.12903225806451613,0.0,0.0,0.12903225806451613,0.0,0.0,0.12903225806451613,0.0,0.0
0.12903225806451613,0.0,0.0,0.12903225806451613,0.0,0.0,0.12903225806451613,0.0,0.0,0.12903225806451613,0.0,0.0,0.12903225806451613,0.0,0.0,0.12903225806451613,0.0,0.0,0.12903225806451613,0.0,0.0,0.12903225806451613,0.0,0.0,0.12903225806451613,0.0,0.0
0.13548387096774192,0.0,0.0,0.13548387096774192,0.0,0.0,0.13548387096774192,0.0,0.0,0.13548387096774192,0.0,0.0,0.13548387096774192,0.0,0.0,0.13548387096774192,0.0,0.0,0.13548387096774192,0.0,0.0,0.13548387096774192,0.0,0.0,0.13548387096774192,0.0,0.0
0.13548387096774192,0.0,0.0,0.13548387096774192,0.0,0.0,0.13548387096774192,0.0,0.0,0.13548387096774192,0.0,0.0,0.13548387096774192,0.0,0.0,0.13548387096774192,0.0,0.0,0.13548387096774192,0.0,0.0,0.13548387096774192,0.0,0.0,0.13548387096774192,0.0,0.0
0.14193548387096774,0.0,0.0,0.14193548387096774,0.0,0.0,0.14193548387096774,0.0,0.0,0.14193548387096774,0.0,0.0,0.14193548387096774,0.0,0.0,0.14193548387096774,0.0,0.0,0.14193548387096774,0.0,0.0,0.14193548387096774,0.0,0.0,0.14193548387096774,0.0,0.0
0.14193548387096774,0.0,0.0,0.14193548387096774,0.0,0.0,0.14193548387096774,0.0,0.0,0.14193548387096774,0.0,0.0,0.14193548387096774,0.0,0.0,0.14193548387096774,0.0,0.0,0.14193548387096774,0.0,0.0,0.14193548387096774,0.0,0.0,0.14193548387096774,0.0,0.0
0.14838709677419354,0.0,0.0,0.14838709677419354,0.0,0.0,0.14838709677419354,0.0,0.0,0.14838709677419354,0.0,0.0,0.14838709677419354,0.0,0.0,0.14838709677419354,0.0,0.0,0.14838709677419354,0.0,0.0,0.14838709677419354,0.0,0.0,0.14838709677419354,0.0,0.0
0.14838709677419354,0.0,0.0,0.14838709677419354,0.0,0.0,0.14838709677419354,0.0,0.0,0.14838709677419354,0.0,0.0,0.14838709677419354,0.0,0.0,0.14838709677419354,0.0,0.0,0.14838709677419354,0.0,0.0,0.14838709677419354,0.0,0.0,0.14838709677419354,0.0,0.0
0.15483870967741933,0.0,0.0,0.15483870967741933,0.0,0.0,0.15483870967741933,0.0,0.0,0.15483870967741933,0.0,0.0,0.15483870967741933,0.0,0.0,0.15483870967741933,0.0,0.0,0.15483870967741933,0.0,0.0,0.15483870967741933,0.0,0.0,0.15483870967741933,0.0,0.0
0.15483870967741933,0.0,0.0,0.15483870967741933,0.0,0.0,0.15483870967741933,0.0,0.0,0.15483870967741933,0.0,0.0,0.15483870967741933,0.0,0.0,0.15483870967741933,0.0,0.0,0.15483870967741933,0.0,0.0,0.15483870967741933,0.0,0.0,0.15483870967741933,0.0,0.0
0.16129032258064516,0.0,0.0,0.16129032258064516,0.0,0.0,0.16129032258064516,0.0,0.0,0.16129032258064516,0.0,0.0,0.16129032258064516,0.0,0.0,0.16129032258064516,0.0,0.0,0.16129032258064516,0.0,0.0,0.16129032258064516,0.0,0.0,0.16129032258064516,0.0,0.0
0.16129032258064516,0.0,0.0,0.16129032258064516,0.0,0.0,0.16129032258064516,0.0,0.0,0.16129032258064516,0.0,0.0,0.16129032258064516,0.0,0.0,0.16129032258064516,0.0,0.0,0.16129032258064516,0.0,0.0,0.16129032258064516,0.0,0.0,0.16129032258064516,0.0,0.0
0.16774193548387095,0.0,0.0,0.16774193548387095,0.0,0.0,0.16774193548387095,0.0,0.0,0.16774193548387095,0.0,0.0,0.16774193548387095,0.0,0.0,0.16774193548387095,0.0,0.0,0.16774193548387095,0.0,0.0,0.16774193548387095,0.0,0.0,0.16774193548387095,0.0,0.0
0.16774193548387095,0.0,0.0,0.16774193548387095,0.0,0.0,0.16774193548387095,0.0,0.0,0.16774193548387095,0.0,0.0,0.16774193548387095,0.0,0.0,0.16774193548387095,0.0,0.0,0.16774193548387095,0.0,0.0,0.16774193548387095,0.0,0.0,0.16774193548387095,0.0,0.0
0.17419354838709677,0.0,0.0,0.17419354838709677,0.0,0.0,0.17419354838709677,0.0,0.0,0.17419354838709677,0.0,0.0,0.17419354838709677,0.0,0.0,0.17419354838709677,0.0,0.0,0.17419354838709677,0.0,0.0,0.17419354838709677,0.0,0.0,0.17419354838709677,0.0,0.0
0.17419354838709677,0.0,0.0,0.17419354838709677,0.0,0.0,0.17419354838709677,0.0,0.0,0.17419354838709677,0.0,0.0,0.17419354838709677,0.0,0.0,0.17419354838709677,0.0,0.0,0.17419354838709677,0.0,0.0,0.17419354838709677,0.0,0.0,0.17419354838709677,0.0,0.0
0.18064516129032257,0.0,0.0,0.18064516129032257,0.0,0.0,0.18064516129032257,0.0,0.0,0.18064516129032257,0.0,0.0,0.18064516129032257,0.0,0.0,0.18064516129032257,0.0,0.0,0.18064516129032257,0.0,0.0,0.18064516129032257,0.0,0.0,0.18064516129032257,0.0,0.0
0.18064516129032257,0.0,0.0,0.18064516129032257,0.0,0.0,0.18064516129032257,0.0,0.0,0.18064516129032257,0.0,0.0,0.18064516129032257,0.0,0.0,0.18064516129032257,0.0,0.0,0.18064516129032257,0.0,0.0,0.18064516129032257,0.0,0.0,0.18064516129032257,0.0,0.0
0.18709677419354837,0.0,0.0,0.18709677419354837,0.0,0.0,0.18709677419354837,0.0,0.0,0.18709677419354837,0.0,0.0,0.18709677419354837,0.0,0.0,0.18709677419354837,0.0,0.0,0.18709677419354837,0.0,0.0,0.18709677419354837,0.0,0.0,0.18709677419354837,0.0,0.0
0.18709677419354837,0.0,0.0,0.18709677419354837,0.0,0.0,0.18709677419354837,0.0,0.0,0.18709677419354837,0.0,0.0,0.18709677419354837,0.0,0.0,0.18709677419354837,0.0,0.0,0.18709677419354837,0.0,0.0,0.18709677419354837,0.0,0.0,0.18709677419354837,0.0,0.0
0.1935483870967742,0.0,0.0,0.1935483870967742,0.0,0.0,0.1935483870967742,0.0,0.0,0.1935483870967742,0.0,0.0,0.1935483870967742,0.0,0.0,0.1935483870967742,0.0,0.0,0.1935483870967742,0.0,0.0,0.1935483870967742,0.0,0.0,0.1935483870967742,0.0,0.0
0.1935483870967742,0.0,0.0,0.1935483870967742,0.0,0.0,0.1935483870967742,0.0,0.0,0.1935483870967742,0.0,0.0,0.1935483870967742,0.0,0.0,0.1935483870967742,0.0,0.0,0.1935483870967742,0.0,0.0,0.1935483870967742,0.0,0.0,0.1935483870967742,0.0,0.0
0.19999999999999998,0.0,0.0,0.19999999999999998,0.0,0.0,0.19999999999999998,0.0,0.0,0.19999999999999998,0.0,0.0,0.19999999999999998,0.0,0.0,0.19999999999999998,0.0,0.0,0.19999999999999998,0.0,0.0,0.19999999999999998,0.0,0.0,0.19999999999999998,0.0,0.0
0.19999999999999998,0.0,0.0,0.19999999999999998,0.0,0.0,0.19999999999999998,0.0,0.0,0.19999999999999998,0.0,0.0,0.19999999999999998,0.0,0.0,0.19999999999999998,0.0,0.0,0.19999999999999998,0.0,0.0,0.19999999999999998,0.0,0.0,0.19999999999999998,0.0,0.0
0.2064516129032258,0.0,0.0,0.2064516129032258,0.0,0.0,0.2064516129032258,0.0,0.0,0.2064516129032258,0.0,0.0,0.2064516129032258,0.0,0.0,0.2064516129032258,0.0,0.0,0.2064516129032258,0.0,0.0,0.2064516129032258,0.0,0.0,0.2064516129032258,0.0,0.0
0.2064516129032258,0.0,0.0,0.2064516129032258,0.0,0.0,0.2064516129032258,0.0,0.0,0.2064516129032258,0.0,0.0,0.2064516129032258,0.0,0.0,0.2064516129032258,0.0,0.0,0.2064516129032258,0.0,0.0,0.2064516129032258,0.0,0.0,0.2064516129032258,0.0,0.0
0.2129032258064516,0.0,0.0,0.2129032258064516,0.0,0.0,0.2129032258064516,0.0,0.0,0.2129032258064516,0.0,0.0,0.2129032258064516,0.0,0.0,0.2129032258064516,0.0,0.0,0.2129032258064516,0.0,0.0,0.2129032258064516,0.0,0.0,0.2129032258064516,0.0,0.0
0.2129032258064516,0.0,0.0,0.2129032258064516,0.0,0.0,0.2129032258064516,0.0,0.0,0.2129032258064516,0.0,0.0,0.2129032258064516,0.0,0.0,0.2129032258064516,0.0,0.0,0.2129032258064516,0.0,0.0,0.2129032258064516,0.0,0.0,0.2129032258064516,0.0,0.0
0.2193548387096774,0.0,0.0,0.2193548387096774,0.0,0.0,0.2193548387096774,0.0,0.0,0.2193548387096774,0.0,0.0,0.2193548387096774,0.0,0.0,0.2193548387096774,0.0,0.0,0.2193548387096774,0.0,0.0,0.2193548387096774,0.0,0.0,0.2193548387096774,0.0,0.0
0.2193548387096774,0.0,0.0,0.2193548387096774,0.0,0.0,0.2193548387096774,0.0,0.0,0.2193548387096774,0.0,0.0,0.2193548387096774,0.0,0.0,0.2193548387096774,0.0,0.0,0.2193548387096774,0.0,0.0,0.2193548387096774,0.0,0.0,0.2193548387096774,0.0,0.0
0.22580645161290322,0.0,0.0,0.22580645161290322,0.0,0.0,0.22580645161290322,0.0,0.0,0.22580645161290322,0.0,0.0,0.22580645161290322,0.0,0.0,0.22580645161290322,0.0,0.0,0.22580645161290322,0.0,0.0,0.22580645161290322,0.0,0.0,0.22580645161290322,0.0,0.0
0.22580645161290322,0.0,0.0,0.22580645161290322,0.0,0.0,0.22580645161290322,0.0,0.0,0.22580645161290322,0.0,0.0,0.22580645161290322,0.0,0.0,0.22580645161290322,0.0,0.0,0.22580645161290322,0.0,0.0,0.22580645161290322,0.0,0.0,0.22580645161290322,0.0,0.0
0.23225806451612901,0.0,0.0,0.23225806451612901,0.0,0.0,0.23225806451612901,0.0,0.0,0.23225806451612901,0.0,0.0,0.23225806451612901,0.0,0.0,0.23225806451612901,0.0,0.0,0.23225806451612901,0.0,0.0,0.23225806451612901,0.0,0.0,0.23225806451612901,0.0,0.0
0.23225806451612901,0.0,0.0,0.23225806451612901,0.0,0.0,0.23225806451612901,0.0,0.0,0.23225806451612901,0.0,0.0,0.23225806451612901,0.0,0.0,0.23225806451612901,0.0,0.0,0.23225806451612901,0.0,0.0,0.23225806451612901,0.0,0.0,0.23225806451612901,0.0,0.0
0.23870967741935484,0.0,0.0,0.23870967741935484,0.0,0.0,0.23870967741935484,0.0,0.0,0.23870967741935484,0.0,0.0,0.23870967741935484,0.0,0.0,0.23870967741935484,0.0,0.0,0.23870967741935484,0.0,0.0,0.23870967741935484,0.0,0.0,0.23870967741935484,0.0,0.0
0.23870967741935484,0.0,0.0,0.23870967741935484,0.0,0.0,0.23870967741935484,0.0,0.0,0.23870967741935484,0.0,0.0,0.23870967741935484,0.0,0.0,0.23870967741935484,0.0,0.0,0.23870967741935484,0.0,0.0,0.23870967741935484,0.0,0.0,0.23870967741935484,0.0,0.0
0.24516129032258063,0.0,0.0,0.24516129032258063,0.0,0.0,0.24516129032258063,0.0,0.0,0.24516129032258063,0.0,0.0,0.24516129032258063,0.0,0.0,0.24516129032258063,0.0,0.0,0.24516129032258063,0.0,0.0,0.24516129032258063,0.0,0.0,0.24516129032258063,0.0,0.0
0.24516129032258063,0.0,0.0,0.24516129032258063,0.0,0.0,0.24516129032258063,0.0,0.0,0.24516129032258063,0.0,0.0,0.24516129032258063,0.0,0.0,0.24516129032258063,0.0,0.0,0.24516129032258063,0.0,0.0,0.24516129032258063,0.0,0.0,0.24516129032258063,0.0,0.0
0.25161290322580643,0.0,0.0,0.25161290322580643,0.0,0.0,0.25161290322580643,0.0,0.0,0.25161290322580643,0.0,0.0,0.25161290322580643,0.0,0.0,0.25161290322580643,0.0,0.0,0.25161290322580643,0.0,0.0,0.25161290322580643,0.0,0.0,0.25161290322580643,0.0,0.0
0.25161290322580643,0.0,0.0,0.25161290322580643,0.0,0.0,0.25161290322580643,0.0,0.0,0.25161290322580643,0.0,0.0,0.25161290322580643,0.0,0.0,0.25161290322580643,0.0,0.0,0.25161290322580643,0.0,0.0,0.25161290322580643,0.0,0.0,0.25161290322580643,0.0,0.0
0.25806451612903225,0.0,0.0,0.25806451612903225,0.0,0.0,0.25806451612903225,0.0,0.0,0.25806451612903225,0.0,0.0,0.25806451612903225,0.0,0.0,0.25806451612903225,0.0,0.0,0.25806451612903225,0.0,0.0,0.25806451612903225,0.0,0.0,0.25806451612903225,0.0,0.0
0.25806451612903225,0.0,0.0,0.25806451612903225,0.0,0.0,0.25806451612903225,0.0,0.0,0.25806451612903225,0.0,0.0,0.25806451612903225,0.0,0.0,0.25806451612903225,0.0,0.0,0.25806451612903225,0.0,0.0,0.25806451612903225,0.0,0.0,0.25806451612903225,0.0,0.0
0.2645161290322581,0.0,0.0,0.2645161290322581,0.0,0.0,0.2645161290322581,0.0,0.0,0.2645161290322581,0.0,0.0,0.2645161290322581,0.0,0.0,0.2645161290322581,0.0,0.0,0.2645161290322581,0.0,0.0,0.2645161290322581,0.0,0.0,0.2645161290322581,0.0,0.0
0.2645161290322581,0.0,0.0,0.2645161290322581,0.0,0.0,0.2645161290322581,0.0,0.0,0.2645161290322581,0.0,0.0,0.2645161290322581,0.0,0.0,0.2645161290322581,0.0,0.0,0.2645161290322581,0.0,0.0,0.2645161290322581,0.0,0.0,0.2645161290322581,0.0,0.0
0.2709677419354839,0.0,0.0,0.2709677419354839,0.0,0.0,0.2709677419354839,0.0,0.0,0.2709677419354839,0.0,0.0,0.2709677419354839,0.0,0.0,0.2709677419354839,0.0,0.0,0.2709677419354839,0.0,0.0,0.2709677419354839,0.0,0.0,0.2709677419354839,0.0,0.0
0.2709677419354839,0.0,0.0,0.2709677419354839,0.0,0.0,0.2709677419354839,0.0,0.0,0.2709677419354839,0.0,0.0,0.2709677419354839,0.0,0.0,0.2709677419354839,0.0,0.0,0.2709677419354839,0.0,0.0,0.2709677419354839,0.0,0.0,0.2709677419354839,0.0,0.0
0.2774193548387097,0.0,0.0,0.2774193548387097,0.0,0.0,0.2774193548387097,0.0,0.0,0.2774193548387097,0.0,0.0,0.2774193548387097,0.0,0.0,0.2774193548387097,0.0,0.0,0.2774193548387097,0.0,0.0,0.2774193548387097,0.0,0.0,0.2774193548387097,0.0,0.0
0.2774193548387097,0.0,0.0,0.2774193548387097,0.0,0.0,0.2774193548387097,0.0,0.0,0.2774193548387097,0.0,0.0,0.2774193548387097,0.0,0.0,0.2774193548387097,0.0,0.0,0.2774193548387097,0.0,0.0,0.2774193548387097,0.0,0.0,0.2774193548387097,0.0,0.0
0.2838709677419355,0.0,0.0,0.2838709677419355,0.0,0.0,0.2838709677419355,0.0,0.0,0.2838709677419355,0.0,0.0,0.2838709677419355,0.0,0.0,0.2838709677419355,0.0,0.0,0.2838709677419355,0.0,0.0,0.2838709677419355,0.0,0.0,0.2838709677419355,0.0,0.0
0.2838709677419355,0.0,0.0,0.2838709677419355,0.0,0.0,0.2838709677419355,0.0,0.0,0.2838709677419355,0.0,0.0,0.2838709677419355,0.0,0.0,0.2838709677419355,0.0,0.0,0.2838709677419355,0.0,0.0,0.2838709677419355,0.0,0.0,0.2838709677419355,0.0,0.0
0.2903225806451613,0.0,0.0,0.2903225806451613,0.0,0.0,0.2903225806451613,0.0,0.0,0.2903225806451613,0.0,0.0,0.2903225806451613,0.0,0.0,0.2903225806451613,0.0,0.0,0.2903225806451613,0.0,0.0,0.2903225806451613,0.0,0.0,0.2903225806451613,0.0,0.0
0.2903225806451613,0.0,0.0,0.2903225806451613,0.0,0.0,0.2903225806451613,0.0,0.0,0.2903225806451613,0.0,0.0,0.2903225806451613,0.0,0.0,0.2903225806451613,0.0,0.0,0.2903225806451613,0.0,0.0,0.2903225806451613,0.0,0.0,0.2903225806451613,0.0,0.0
0.29677419354838713,0.0,0.0,0.29677419354838713,0.0,0.0,0.29677419354838713,0.0,0.0,0.29677419354838713,0.0,0.0,0.29677419354838713,0.0,0.0,0.29677419354838713,0.0,0.0,0.29677419354838713,0.0,0.0,0.29677419354838713,0.0,0.0,0.29677419354838713,0.0,0.0
0.29677419354838713,0.0,0.0,0.29677419354838713,0.0,0.0,0.29677419354838713,0.0,0.0,0.29677419354838713,0.0,0.0,0.29677419354838713,0.0,0.0,0.29677419354838713,0.0,0.0,0.29677419354838713,0.0,0.0,0.29677419354838713,0.0,0.0,0.29677419354838713,0.0,0.0
0.3032258064516129,0.0,0.0,0.3032258064516129,0.0,0.0,0.3032258064516129,0.0,0.0,0.3032258064516129,0.0,0.0,0.3032258064516129,0.0,0.0,0.3032258064516129,0.0,0.0,0.3032258064516129,0.0,0.0,0.3032258064516129,0.0,0.0,0.3032258064516129,0.0,0.0
0.3032258064516129,0.0,0.0,0.3032258064516129,0.0,0.0,0.3032258064516129,0.0,0.0,0.3032258064516129,0.0,0.0,0.3032258064516129,0.0,0.0,0.3032258064516129,0.0,0.0,0.3032258064516129,0.0,0.0,0.3032258064516129,0.0,0.0,0.3032258064516129,0.0,0.0
0.3096774193548387,0.0,0.0,0.3096774193548387,0.0,0.0,0.3096774193548387,0.0,0.0,0.3096774193548387,0.0,0.0,0.3096774193548387,0.0,0.0,0.3096774193548387,0.0,0.0,0.3096774193548387,0.0,0.0,0.3096774193548387,0.0,0.0,0.3096774193548387,0.0,0.0
0.3096774193548387,0.0,0.0,0.3096774193548387,0.0,0.0,0.3096774193548387,0.0,0.0,0.3096774193548387,0.0,0.0,0.3096774193548387,0.0,0.0,0.3096774193548387,0.0,0.0,0.3096774193548387,0.0,0.0,0.3096774193548387,0.0,0.0,0.3096774193548387,0.0,0.0
0.31612903225806455,0.0,0.0,0.31612903225806455,0.0,0.0,0.31612903225806455,0.0,0.0,0.31612903225806455,0.0,0.0,0.31612903225806455,0.0,0.0,0.31612903225806455,0.0,0.0,0.31612903225806455,0.0,0.0,0.31612903225806455,0.0,0.0,0.31612903225806455,0.0,0.0
0.31612903225806455,0.0,0.0,0.31612903225806455,0.0,0.0,0.31612903225806455,0.0,0.0,0.31612903225806455,0.0,0.0,0.31612903225806455,0.0,0.0,0.31612903225806455,0.0,0.0,0.31612903225806455,0.0,0.0,0.31612903225806455,0.0,0.0,0.31612903225806455,0.0,0.0
0.3225806451612903,0.0,0.0,0.3225806451612903,0.0,0.0,0.3225806451612903,0.0,0.0,0.3225806451612903,0.0,0.0,0.3225806451612903,0.0,0.0,0.3225806451612903,0.0,0.0,0.3225806451612903,0.0,0.0,0.3225806451612903,0.0,0.0,0.3225806451612903,0.0,0.0
0.3225806451612903,0.0,0.0,0.3225806451612903,0.0,0.0,0.3225806451612903,0.0,0.0,0.3225806451612903,0.0,0.0,0.3225806451612903,0.0,0.0,0.3225806451612903,0.0,0.0,0.3225806451612903,0.0,0.0,0.3225806451612903,0.0,0.0,0.3225806451612903,0.0,0.0
0.32903225806451614,0.0,0.0,0.32903225806451614,0.0,0.0,0.32903225806451614,0.0,0.0,0.32903225806451614,0.0,0.0,0.32903225806451614,0.0,0.0,0.32903225806451614,0.0,0.0,0.32903225806451614,0.0,0.0,0.32903225806451614,0.0,0.0,0.32903225806451614,0.0,0.0
0.32903225806451614,0.0,0.0,0.32903225806451614,0.0,0.0,0.32903225806451614,0.0,0.0,0.32903225806451614,0.0,0.0,0.32903225806451614,0.0,0.0,0.32903225806451614,0.0,0.0,0.32903225806451614,0.0,0.0,0.32903225806451614,0.0,0.0,0.32903225806451614,0.0,0.0
0.33548387096774196,0.0,0.0,0.33548387096774196,0.0,0.0,0.33548387096774196,0.0,0.0,0.33548387096774196,0.0,0.0,0.33548387096774196,0.0,0.0,0.33548387096774196,0.0,0.0,0.33548387096774196,0.0,0.0,0.33548387096774196,0.0,0.0,0.33548387096774196,0.0,0.0
0.33548387096774196,0.0,0.0,0.33548387096774196,0.0,0.0,0.33548387096774196,0.0,0.0,0.33548387096774196,0.0,0.0,0.33548387096774196,0.0,0.0,0.33548387096774196,0.0,0.0,0.33548387096774196,0.0,0.0,0.33548387096774196,0.0,0.0,0.33548387096774196,0.0,0.0
0.3419354838709678,0.0,0.0,0.3419354838709678,0.0,0.0,0.3419354838709678,0.0,0.0,0.3419354838709678,0.0,0.0,0.3419354838709678,0.0,0.0,0.3419354838709678,0.0,0.0,0.3419354838709678,0.0,0.0,0.3419354838709678,0.0,0.0,0.3419354838709678,0.0,0.0
0.3419354838709678,0.0,0.0,0.3419354838709678,0.0,0.0,0.3419354838709678,0.0,0.0,0.3419354838709678,0.0,0.0,0.3419354838709678,0.0,0.0,0.3419354838709678,0.0,0.0,0.3419354838709678,0.0,0.0,0.3419354838709678,0.0,0.0,0.3419354838709678,0.0,0.0
0.34838709677419355,0.0,0.0,0.34838709677419355,0.0,0.0,0.34838709677419355,0.0,0.0,0.34838709677419355,0.0,0.0,0.34838709677419355,0.0,0.0,0.34838709677419355,0.0,0.0,0.34838709677419355,0.0,0.0,0.34838709677419355,0.0,0.0,0.34838709677419355,0.0,0.0
0.34838709677419355,0.0,0.0,0.34838709677419355,0.0,0.0,0.34838709677419355,0.0,0.0,0.34838709677419355,0.0,0.0,0.34838709677419355,0.0,0.0,0.34838709677419355,0.0,0.0,0.34838709677419355,0.0,0.0,0.34838709677419355,0.0,0.0,0.34838709677419355,0.0,0.0
0.3548387096774194,0.0,0.0,0.3548387096774194,0.0,0.0,0.3548387096774194,0.0,0.0,0.3548387096774194,0.0,0.0,0.3548387096774194,0.0,0.0,0.3548387096774194,0.0,0.0,0.3548387096774194,0.0,0.0,0.3548387096774194,0.0,0.0,0.3548387096774194,0.0,0.0
0.3548387096774194,0.0,0.0,0.3548387096774194,0.0,0.0,0.3548387096774194,0.0,0.0,0.3548387096774194,0.0,0.0,0.3548387096774194,0.0,0.0,0.3548387096774194,0.0,0.0,0.3548387096774194,0.0,0.0,0.3548387096774194,0.0,0.0,0.3548387096774194,0.0,0.0
0.3612903225806452,0.0,0.0,0.3612903225806452,0.0,0.0,0.3612903225806452,0.0,0.0,0.3612903225806452,0.0,0.0,0.3612903225806452,0.0,0.0,0.3612903225806452,0.0,0.0,0.3612903225806452,0.0,0.0,0.3612903225806452,0.0,0.0,0.3612903225806452,0.0,0.0
0.3612903225806452,0.0,0.0,0.3612903225806452,0.0,0.0,0.3612903225806452,0.0,0.0,0.3612903225806452,0.0,0.0,0.3612903225806452,0.0,0.0,0.3612903225806452,0.0,0.0,0.3612903225806452,0.0,0.0,0.3612903225806452,0.0,0.0,0.3612903225806452,0.0,0.0
0.36774193548387096,0.0,0.0,0.36774193548387096,0.0,0.0,0.36774193548387096,0.0,0.0,0.36774193548387096,0.0,0.0,0.36774193548387096,0.0,0.0,0.36774193548387096,0.0,0.0,0.36774193548387096,0.0,0.0,0.36774193548387096,0.0,0.0,0.36774193548387096,0.0,0.0
0.36774193548387096,0.0,0.0,0.36774193548387096,0.0,0.0,0.36774193548387096,0.0,0.0,0.36774193548387096,0.0,0.0,0.36774193548387096,0.0,0.0,0.36774193548387096,0.0,0.0,0.36774193548387096,0.0,0.0,0.36774193548387096,0.0,0.0,0.36774193548387096,0.0,0.0
0.3741935483870968,0.0,0.0,0.3741935483870968,0.0,0.0,0.3741935483870968,0.0,0.0,0.3741935483870968,0.0,0.0,0.3741935483870968,0.0,0.0,0.3741935483870968,0.0,0.0,0.3741935483870968,0.0,0.0,0.3741935483870968,0.0,0.0,0.3741935483870968,0.0,0.0
0.3741935483870968,0.0,0.0,0.3741935483870968,0.0,0.0,0.3741935483870968,0.0,0.0,0.3741935483870968,0.0,0.0,0.3741935483870968,0.0,0.0,0.3741935483870968,0.0,0.0,0.3741935483870968,0.0,0.0,0.3741935483870968,0.0,0.0,0.3741935483870968,0.0,0.0
0.3806451612903226,0.0,0.0,0.3806451612903226,0.0,0.0,0.3806451612903226,0.0,0.0,0.3806451612903226,0.0,0.0,0.3806451612903226,0.0,0.0,0.3806451612903226,0.0,0.0,0.3806451612903226,0.0,0.0,0.3806451612903226,0.0,0.0,0.3806451612903226,0.0,0.0
0.3806451612903226,0.0,0.0,0.3806451612903226,0.0,0.0,0.3806451612903226,0.0,0.0,0.3806451612903226,0.0,0.0,0.3806451612903226,0.0,0.0,0.3806451612903226,0.0,0.0,0.3806451612903226,0.0,0.0,0.3806451612903226,0.0,0.0,0.3806451612903226,0.0,0.0
0.3870967741935484,0.0,0.0,0.3870967741935484,0.0,0.0,0.3870967741935484,0.0,0.0,0.3870967741935484,0.0,0.0,0.3870967741935484,0.0,0.0,0.3870967741935484,0.0,0.0,0.3870967741935484,0.0,0.0,0.3870967741935484,0.0,0.0,0.3870967741935484,0.0,0.0
0.3870967741935484,0.0,0.0,0.3870967741935484,0.0,0.0,0.3870967741935484,0.0,0.0,0.3870967741935484,0.0,0.0,0.3870967741935484,0.0,0.0,0.3870967741935484,0.0,0.0,0.3870967741935484,0.0,0.0,0.3870967741935484,0.0,0.0,0.3870967741935484,0.0,0.0
0.3935483870967742,0.0,0.0,0.3935483870967742,0.0,0.0,0.3935483870967742,0.0,0.0,0.3935483870967742,0.0,0.0,0.3935483870967742,0.0,0.0,0.3935483870967742,0.0,0.0,0.3935483870967742,0.0,0.0,0.3935483870967742,0.0,0.0,0.3935483870967742,0.0,0.0
0.3935483870967742,0.0,0.0,0.3935483870967742,0.0,0.0,0.3935483870967742,0.0,0.0,0.3935483870967742,0.0,0.0,0.3935483870967742,0.0,0.0,0.3935483870967742,0.0,0.0,0.3935483870967742,0.0,0.0,0.3935483870967742,0.0,0.0,0.3935483870967742,0.0,0.0
0.4,0.0,0.0,0.4,0.0,0.0,0.4,0.0,0.0,0.4,0.0,0.0,0.4,0.0,0.0,0.4,0.0,0.0,0.4,0.0,0.0,0.4,0.0,0.0,0.4,0.0,0.0
0.4,0.0,0.0,0.4,0.0,0.0,0.4,0.0,0.0,0.4,0.0,0.0,0.4,0.0,0.0,0.4,0.0,0.0,0.4,0.0,0.0,0.4,0.0,0.0,0.4,0.0,0.0
0.40645161290322585,0.0,0.0,0.40645161290322585,0.0,0.0,0.40645161290322585,0.0,0.0,0.40645161290322585,0.0,0.0,0.40645161290322585,0.0,0.0,0.40645161290322585,0.0,0.0,0.40645161290322585,0.0,0.0,0.40645161290322585,0.0,0.0,0.40645161290322585,0.0,0.0
0.40645161290322585,0.0,0.0,0.40645161290322585,0.0,0.0,0.40645161290322585,0.0,0.0,0.40645161290322585,0.0,0.0,0.40645161290322585,0.0,0.0,0.40645161290322585,0.0,0.0,0.40645161290322585,0.0,0.0,0.40645161290322585,0.0,0.0,0.40645161290322585,0.0,0.0
0.4129032258064516,0.0,0.0,0.4129032258064516,0.0,0.0,0.4129032258064516,0.0,0.0,0.4129032258064516,0.0,0.0,0.4129032258064516,0.0,0.0,0.4129032258064516,0.0,0.0,0.4129032258064516,0.0,0.0,0.4129032258064516,0.0,0.0,0.4129032258064516,0.0,0.0
0.4129032258064516,0.0,0.0,0.4129032258064516,0.0,0.0,0.4129032258064516,0.0,0.0,0.4129032258064516,0.0,0.0,0.4129032258064516,0.0,0.0,0.4129032258064516,0.0,0.0,0.4129032258064516,0.0,0.0,0.4129032258064516,0.0,0.0,0.4129032258064516,0.0,0.0
0.41935483870967744,0.0,0.0,0.41935483870967744,0.0,0.0,0.41935483870967744,0.0,0.0,0.41935483870967744,0.0,0.0,0.41935483870967744,0.0,0.0,0.41935483870967744,0.0,0.0,0.41935483870967744,0.0,0.0,0.41935483870967744,0.0,0.0,0.41935483870967744,0.0,0.0
0.41935483870967744,0.0,0.0,0.41935483870967744,0.0,0.0,0.41935483870967744,0.0,0.0,0.41935483870967744,0.0,0.0,0.41935483870967744,0.0,0.0,0.41935483870967744,0.0,0.0,0.41935483870967744,0.0,0.0,0.41935483870967744,0.0,0.0,0.41935483870967744,0.0,0.0
0.42580645161290326,0.0,0.0,0.42580645161290326,0.0,0.0,0.42580645161290326,0.0,0.0,0.42580645161290326,0.0,0.0,0.42580645161290326,0.0,0.0,0.42580645161290326,0.0,0.0,0.42580645161290326,0.0,0.0,0.42580645161290326,0.0,0.0,0.42580645161290326,0.0,0.0
0.42580645161290326,0.0,0.0,0.42580645161290326,0.0,0.0,0.42580645161290326,0.0,0.0,0.42580645161290326,0.0,0.0,0.42580645161290326,0.0,0.0,0.42580645161290326,0.0,0.0,0.42580645161290326,0.0,0.0,0.42580645161290326,0.0,0.0,0.42580645161290326,0.0,0.0
0.432258064516129,0.0,0.0,0.432258064516129,0.0,0.0,0.432258064516129,0.0,0.0,0.432258064516129,0.0,0.0,0.432258064516129,0.0,0.0,0.432258064516129,0.0,0.0,0.432258064516129,0.0,0.0,0.432258064516129,0.0,0.0,0.432258064516129,0.0,0.0
0.432258064516129,0.0,0.0,0.432258064516129,0.0,0.0,0.432258064516129,0.0,0.0,0.432258064516129,0.0,0.0,0.432258064516129,0.0,0.0,0.432258064516129,0.0,0.0,0.432258064516129,0.0,0.0,0.432258064516129,0.0,0.0,0.432258064516129,0.0,0.0
0.43870967741935485,0.0,0.0,0.43870967741935485,0.0,0.0,0.43870967741935485,0.0,0.0,0.43870967741935485,0.0,0.0,0.43870967741935485,0.0,0.0,0.43870967741935485,0.0,0.0,0.43870967741935485,0.0,0.0,0.43870967741935485,0.0,0.0,0.43870967741935485,0.0,0.0
0.43870967741935485,0.0,0.0,0.43870967741935485,0.0,0.0,0.43870967741935485,0.0,0.0,0.43870967741935485,0.0,0.0,0.43870967741935485,0.0,0.0,0.43870967741935485,0.0,0.0,0.43870967741935485,0.0,0.0,0.43870967741935485,0.0,0.0,0.43870967741935485,0.0,0.0
0.44516129032258067,0.0,0.0,0.44516129032258067,0.0,0.0,0.44516129032258067,0.0,0.0,0.44516129032258067,0.0,0.0,0.44516129032258067,0.0,0.0,0.44516129032258067,0.0,0.0,0.44516129032258067,0.0,0.0,0.44516129032258067,0.0,0.0,0.44516129032258067,0.0,0.0
0.44516129032258067,0.0,0.0,0.44516129032258067,0.0,0.0,0.44516129032258067,0.0,0.0,0.44516129032258067,0.0,0.0,0.44516129032258067,0.0,0.0,0.44516129032258067,0.0,0.0,0.44516129032258067,0.0,0.0,0.44516129032258067,0.0,0.0,0.44516129032258067,0.0,0.0
0.4516129032258065,0.0,0.0,0.4516129032258065,0.0,0.0,0.4516129032258065,0.0,0.0,0.4516129032258065,0.0,0.0,0.4516129032258065,0.0,0.0,0.4516129032258065,0.0,0.0,0.4516129032258065,0.0,0.0,0.4516129032258065,0.0,0.0,0.4516129032258065,0.0,0.0
0.4516129032258065,0.0,0.0,0.4516129032258065,0.0,0.0,0.4516129032258065,0.0,0.0,0.4516129032258065,0.0,0.0,0.4516129032258065,0.0,0.0,0.4516129032258065,0.0,0.0,0.4516129032258065,0.0,0.0,0.4516129032258065,0.0,0.0,0.4516129032258065,0.0,0.0
0.45806451612903226,0.0,0.0,0.45806451612903226,0.0,0.0,0.45806451612903226,0.0,0.0,0.45806451612903226,0.0,0.0,0.45806451612903226,0.0,0.0,0.45806451612903226,0.0,0.0,0.45806451612903226,0.0,0.0,0.45806451612903226,0.0,0.0,0.45806451612903226,0.0,0.0
0.45806451612903226,0.0,0.0,0.45806451612903226,0.0,0.0,0.45806451612903226,0.0,0.0,0.45806451612903226,0.0,0.0,0.45806451612903226,0.0,0.0,0.45806451612903226,0.0,0.0,0.45806451612903226,0.0,0.0,0.45806451612903226,0.0,0.0,0.45806451612903226,0.0,0.0
0.4645161290322581,0.0,0.0,0.4645161290322581,0.0,0.0,0.4645161290322581,0.0,0.0,0.4645161290322581,0.0,0.0,0.4645161290322581,0.0,0.0,0.4645161290322581,0.0,0.0,0.4645161290322581,0.0,0.0,0.4645161290322581,0.0,0.0,0.4645161290322581,0.0,0.0
0.4645161290322581,0.0,0.0,0.4645161290322581,0.0,0.0,0.4645161290322581,0.0,0.0,0.4645161290322581,0.0,0.0,0.4645161290322581,0.0,0.0,0.4645161290322581,0.0,0.0,0.4645161290322581,0.0,0.0,0.4645161290322581,0.0,0.0,0.4645161290322581,0.0,0.0
0.4709677419354839,0.0,0.0,0.4709677419354839,0.0,0.0,0.4709677419354839,0.0,0.0,0.4709677419354839,0.0,0.0,0.4709677419354839,0.0,0.0,0.4709677419354839,0.0,0.0,0.4709677419354839,0.0,0.0,0.4709677419354839,0.0,0.0,0.4709677419354839,0.0,0.0
0.4709677419354839,0.0,0.0,0.4709677419354839,0.0,0.0,0.4709677419354839,0.0,0.0,0.4709677419354839,0.0,0.0,0.4709677419354839,0.0,0.0,0.4709677419354839,0.0,0.0,0.4709677419354839,0.0,0.0,0.4709677419354839,0.0,0.0,0.4709677419354839,0.0,0.0
0.4774193548387097,0.0,0.0,0.4774193548387097,0.0,0.0,0.4774193548387097,0.0,0.0,0.4774193548387097,0.0,0.0,0.4774193548387097,0.0,0.0,0.4774193548387097,0.0,0.0,0.4774193548387097,0.0,0.0,0.4774193548387097,0.0,0.0,0.4774193548387097,0.0,0.0
0.4774193548387097,0.0,0.0,0.4774193548387097,0.0,0.0,0.4774193548387097,0.0,0.0,0.4774193548387097,0.0,0.0,0.4774193548387097,0.0,0.0,0.4774193548387097,0.0,0.0,0.4774193548387097,0.0,0.0,0.4774193548387097,0.0,0.0,0.4774193548387097,0.0,0.0
0.4838709677419355,0.0,0.0,0.4838709677419355,0.0,0.0,0.4838709677419355,0.0,0.0,0.4838709677419355,0.0,0.0,0.4838709677419355,0.0,0.0,0.4838709677419355,0.0,0.0,0.4838709677419355,0.0,0.0,0.4838709677419355,0.0,0.0,0.4838709677419355,0.0,0.0
0.4838709677419355,0.0,0.0,0.4838709677419355,0.0,0.0,0.4838709677419355,0.0,0.0,0.4838709677419355,0.0,0.0,0.4838709677419355,0.0,0.0,0.4838709677419355,0.0,0.0,0.4838709677419355,0.0,0.0,0.4838709677419355,0.0,0.0,0.4838709677419355,0.0,0.0
0.4903225806451613,0.0,0.0,0.4903225806451613,0.0,0.0,0.4903225806451613,0.0,0.0,0.4903225806451613,0.0,0.0,0.4903225806451613,0.0,0.0,0.4903225806451613,0.0,0.0,0.4903225806451613,0.0,0.0,0.4903225806451613,0.0,0.0,0.4903225806451613,0.0,0.0
0.4903225806451613,0.0,0.0,0.4903225806451613,0.0,0.0,0.4903225806451613,0.0,0.0,0.4903225806451613,0.0,0.0,0.4903225806451613,0.0,0.0,0.4903225806451613,0.0,0.0,0.4903225806451613,0.0,0.0,0.4903225806451613,0.0,0.0,0.4903225806451613,0.0,0.0
0.4967741935483871,0.0,0.0,0.4967741935483871,0.0,0.0,0.4967741935483871,0.0,0.0,0.4967741935483871,0.0,0.0,0.4967741935483871,0.0,0.0,0.4967741935483871,0.0,0.0,0.4967741935483871,0.0,0.0,0.4967741935483871,0.0,0.0,0.4967741935483871,0.0,0.0
0.4967741935483871,0.0,0.0,0.4967741935483871,0.0,0.0,0.4967741935483871,0.0,0.0,0.4967741935483871,0.0,0.0,0.4967741935483871,0.0,0.0,0.4967741935483871,0.0,0.0,0.4967741935483871,0.0,0.0,0.4967741935483871,0.0,0.0,0.4967741935483871,0.0,0.22239242133644802
0.5032258064516129,0.0,0.0,0.5032258064516129,0.0,0.0,0.5032258064516129,0.0,0.0,0.5032258064516129,0.0,0.0,0.5032258064516129,0.0,0.0,0.5032258064516129,0.0,0.0,0.5032258064516129,0.0,0.0,0.5032258064516129,0.0,0.0,0.5032258064516129,0.0,0.22239242133644802
0.5032258064516129,0.0,0.0,0.5032258064516129,0.0,0.0,0.5032258064516129,0.0,0.0,0.5032258064516129,0.0,0.0,0.5032258064516129,0.0,0.0,0.5032258064516129,0.0,0.0,0.5032258064516129,0.0,0.0,0.5032258064516129,0.0,0.22239242133644802,0.5032258064516129,0.0,0.29956028185890793
0.5096774193548387,0.0,0.0,0.5096774193548387,0.0,0.0,0.5096774193548387,0.0,0.0,0.5096774193548387,0.0,0.0,0.5096774193548387,0.0,0.0,0.5096774193548387,0.0,0.0,0.5096774193548387,0.0,0.0,0.5096774193548387,0.0,0.22239242133644802,0.5096774193548387,0.0,0.29956028185890793
0.5096774193548387,0.0,0.0,0.5096774193548387,0.0,0.0,0.5096774193548387,0.0,0.0,0.5096774193548387,0.0,0.0,0.5096774193548387,0.0,0.0,0.5096774193548387,0.0,0.0,0.5096774193548387,0.0,0.0,0.5096774193548387,0.0,0.29956028185890793,0.5096774193548387,0.0,0.44930740136358993
0.5161290322580645,0.0,0.0,0.5161290322580645,0.0,0.0,0.5161290322580645,0.0,0.0,0.5161290322580645,0.0,0.0,0.5161290322580645,0.0,0.0,0.5161290322580645,0.0,0.0,0.5161290322580645,0.0,0.0,0.5161290322580645,0.0,0.29956028185890793,0.5161290322580645,0.0,0.44930740136358993
0.5161290322580645,0.0,0.0,0.5161290322580645,0.0,0.0,0.5161290322580645,0.0,0.0,0.5161290322580645,0.0,0.0,0.5161290322580645,0.0,0.0,0.5161290322580645,0.0,0.0,0.5161290322580645,0.0,0.056583528366367514,0.5161290322580645,0.0,0.44930740136358993,0.5161290322580645,0.0,0.7104933828050152
0.5225806451612903,0.0,0.0,0.5225806451612903,0.0,0.0,0.5225806451612903,0.0,0.0,0.5225806451612903,0.0,0.0,0.5225806451612903,0.0,0.0,0.5225806451612903,0.0,0.0,0.5225806451612903,0.0,0.056583528366367514,0.5225806451612903,0.0,0.44930740136358993,0.5225806451612903,0.0,0.7104933828050152
0.5225806451612903,0.0,0.0,0.5225806451612903,0.0,0.0,0.5225806451612903,0.0,0.0,0.5225806451612903,0.0,0.0,0.5225806451612903,0.0,0.0,0.5225806451612903,0.0,0.0,0.5225806451612903,0.0,0.22239242133644802,0.5225806451612903,0.0,0.510194732319184,0.5225806451612903,0.0,1.4150374992788437
0.5290322580645161,0.0,0.0,0.5290322580645161,0.0,0.0,0.5290322580645161,0.0,0.0,0.5290322580645161,0.0,0.0,0.5290322580645161,0.0,0.0,0.5290322580645161,0.0,0.0,0.5290322580645161,0.0,0.22239242133644802,0.5290322580645161,0.0,0.510194732319184,0.5290322580645161,0.0,1.4150374992788437
0.5290322580645161,0.0,0.0,0.5290322580645161,0.0,0.0,0.5290322580645161,0.0,0.0,0.5290322580645161,0.0,0.0,0.5290322580645161,0.0,0.0,0.5290322580645161,0.0,0.22239242133644802,0.5290322580645161,0.0,0.29956028185890793,0.5290322580645161,0.0,1.4150374992788437,0.5290322580645161,0.0,1.956931278108114
0.535483870967742,0.0,0.0,0.535483870967742,0.0,0.0,0.535483870967742,0.0,0.0,0.535483870967742,0.0,0.0,0.535483870967742,0.0,0.0,0.535483870967742,0.0,0.22239242133644802,0.535483870967742,0.0,0.29956028185890793,0.535483870967742,0.0,1.4150374992788437,0.535483870967742,0.0,1.956931278108114
0.535483870967742,0.0,0.0,0.535483870967742,0.0,0.0,0.535483870967742,0.0,0.0,0.535483870967742,0.0,0.0,0.535483870967742,0.0,0.0,0.535483870967742,0.0,0.24100809950379498,0.535483870967742,0.0,0.44930740136358993,0.535483870967742,0.0,1.956931278108114,0.535483870967742,0.0,2.692296544832478
0.5419354838709678,0.0,0.0,0.5419354838709678,0.0,0.0,0.5419354838709678,0.0,0.0,0.5419354838709678,0.0,0.0,0.5419354838709678,0.0,0.0,0.5419354838709678,0.0,0.24100809950379498,0.5419354838709678,0.0,0.44930740136358993,0.5419354838709678,0.0,1.956931278108114,0.5419354838709678,0.0,2.692296544832478
0.5419354838709678,0.0,0.0,0.5419354838709678,0.0,0.0,0.5419354838709678,0.0,0.0,0.5419354838709678,0.0,0.0,0.5419354838709678,0.0,0.0,0.5419354838709678,0.0,0.8073549220576041,0.5419354838709678,0.0,0.510194732319184,0.5419354838709678,0.0,2.692296544832478,0.5419354838709678,0.0,5.384593089664956
0.5483870967741936,0.0,0.0,0.5483870967741936,0.0,0.0,0.5483870967741936,0.0,0.0,0.5483870967741936,0.0,0.0,0.5483870967741936,0.0,0.0,0.5483870967741936,0.0,0.8073549220576041,0.5483870967741936,0.0,0.510194732319184,0.5483870967741936,0.0,2.692296544832478,0.5483870967741936,0.0,5.384593089664956
0.5483870967741936,0.0,0.0,0.5483870967741936,0.0,0.0,0.5483870967741936,0.0,0.0,0.5483870967741936,0.0,0.0,0.5483870967741936,0.0,0.10691520391651188,0.5483870967741936,0.0,1.4150374992788437,0.5483870967741936,0.0,1.4150374992788437,0.5483870967741936,0.0,5.384593089664956,0.5483870967741936,0.0,5.384593089664956
0.5548387096774193,0.0,0.0,0.5548387096774193,0.0,0.0,0.5548387096774193,0.0,0.0,0.5548387096774193,0.0,0.0,0.5548387096774193,0.0,0.10691520391651188,0.5548387096774193,0.0,1.4150374992788437,0.5548387096774193,0.0,1.4150374992788437,0.5548387096774193,0.0,5.384593089664956,0.5548387096774193,0.0,5.384593089664956
0.5548387096774193,0.0,0.0,0.5548387096774193,0.0,0.0,0.5548387096774193,0.0,0.0,0.5548387096774193,0.0,0.0,0.5548387096774193,0.0,0.22239242133644802,0.5548387096774193,0.0,1.956931278108114,0.5548387096774193,0.0,1.956931278108114,0.5548387096774193,0.0,5.384593089664956,0.5548387096774193,0.0,5.384593089664956
0.5612903225806452,0.0,0.0,0.5612903225806452,0.0,0.0,0.5612903225806452,0.0,0.0,0.5612903225806452,0.0,0.0,0.5612903225806452,0.0,0.22239242133644802,0.5612903225806452,0.0,1.956931278108114,0.5612903225806452,0.0,1.956931278108114,0.5612903225806452,0.0,5.384593089664956,0.5612903225806452,0.0,5.384593089664956
0.5612903225806452,0.0,0.0,0.5612903225806452,0.0,0.0,0.5612903225806452,0.0,0.0,0.5612903225806452,0.0,0.0,0.5612903225806452,0.0,0.24100809950379498,0.5612903225806452,0.0,2.6813669846742187,0.5612903225806452,0.0,2.692296544832478,0.5612903225806452,0.0,5.384593089664956,0.5612903225806452,0.0,5.384593089664956
0.567741935483871,0.0,0.0,0.567741935483871,0.0,0.0,0.567741935483871,0.0,0.0,0.567741935483871,0.0,0.0,0.567741935483871,0.0,0.24100809950379498,0.567741935483871,0.0,2.6813669846742187,0.567741935483871,0.0,2.692296544832478,0.567741935483871,0.0,5.384593089664956,0.567741935483871,0.0,5.384593089664956
0.567741935483871,0.0,0.0,0.567741935483871,0.0,0.0,0.567741935483871,0.0,0.0,0.567741935483871,0.0,0.0,0.567741935483871,0.0,0.2630344058337938,0.567741935483871,0.0,5.3627339693484375,0.567741935483871,0.0,5.384593089664956,0.567741935483871,0.0,5.384593089664956,0.567741935483871,0.0,5.384593089664956
0.5741935483870968,0.0,0.0,0.5741935483870968,0.0,0.0,0.5741935483870968,0.0,0.0,0.5741935483870968,0.0,0.0,0.5741935483870968,0.0,0.2630344058337938,0.5741935483870968,0.0,5.3627339693484375,0.5741935483870968,0.0,5.384593089664956,0.5741935483870968,0.0,5.384593089664956,0.5741935483870968,0.0,5.384593089664956
0.5741935483870968,0.0,0.0,0.5741935483870968,0.0,0.0,0.5741935483870968,0.0,0.0,0.5741935483870968,0.0,0.22239242133644802,0.5741935483870968,0.0,0.32192809488736235,0.5741935483870968,0.0,5.3627339693484375,0.5741935483870968,0.0,5.384593089664956,0.5741935483870968,0.0,5.384593089664956,0.5741935483870968,0.0,5.384593089664956
0.5806451612903226,0.0,0.0,0.5806451612903226,0.0,0.0,0.5806451612903226,0.0,0.0,0.5806451612903226,0.0,0.22239242133644802,0.5806451612903226,0.0,0.32192809488736235,0.5806451612903226,0.0,5.3627339693484375,0.5806451612903226,0.0,5.384593089664956,0.5806451612903226,0.0,5.384593089664956,0.5806451612903226,0.0,5.384593089664956
0.5806451612903226,0.0,0.0,0.5806451612903226,0.0,0.0,0.5806451612903226,0.0,0.0,0.5806451612903226,0.0,0.24100809950379498,0.5806451612903226,0.0,1.3810901673555063,0.5806451612903226,0.0,5.3627339693484375,0.5806451612903226,0.0,5.384593089664956,0.5806451612903226,0.0,5.384593089664956,0.5806451612903226,0.0,5.384593089664956
0.5870967741935484,0.0,0.0,0.5870967741935484,0.0,0.0,0.5870967741935484,0.0,0.0,0.5870967741935484,0.0,0.24100809950379498,0.5870967741935484,0.0,1.3810901673555063,0.5870967741935484,0.0,5.3627339693484375,0.5870967741935484,0.0,5.384593089664956,0.5870967741935484,0.0,5.384593089664956,0.5870967741935484,0.0,5.384593089664956
0.5870967741935484,0.0,0.0,0.5870967741935484,0.0,0.0,0.5870967741935484,0.0,0.22239242133644802,0.5870967741935484,0.0,0.8073549220576041,0.5870967741935484,0.0,1.4150374992788437,0.5870967741935484,0.0,5.3627339693484375,0.5870967741935484,0.0,5.384593089664956,0.5870967741935484,0.0,5.384593089664956,0.5870967741935484,0.0,5.384593089664956
0.5935483870967742,0.0,0.0,0.5935483870967742,0.0,0.0,0.5935483870967742,0.0,0.22239242133644802,0.5935483870967742,0.0,0.8073549220576041,0.5935483870967742,0.0,1.4150374992788437,0.5935483870967742,0.0,5.3627339693484375,0.5935483870967742,0.0,5.384593089664956,0.5935483870967742,0.0,5.384593089664956,0.5935483870967742,0.0,5.384593089664956
0.5935483870967742,0.0,0.0,0.5935483870967742,0.0,0.05377125644098074,0.5935483870967742,0.0,0.24100809950379498,0.5935483870967742,0.0,0.8073549220576041,0.5935483870967742,0.0,1.9434164716336326,0.5935483870967742,0.0,5.3627339693484375,0.5935483870967742,0.0,5.384593089664956,0.5935483870967742,0.0,5.384593089664956,0.5935483870967742,0.0,5.384593089664956
0.6,0.0,0.0,0.6,0.0,0.05377125644098074,0.6,0.0,0.24100809950379498,0.6,0.0,0.8073549220576041,0.6,0.0,1.9434164716336326,0.6,0.0,5.3627339693484375,0.6,0.0,5.384593089664956,0.6,0.0,5.384593089664956,0.6,0.0,5.384593089664956
0.6,0.0,0.0,0.6,0.0,0.22239242133644802,0.6,0.0,0.467923079530937,0.6,0.0,1.3810901673555063,0.6,0.0,1.956931278108114,0.6,0.0,5.3627339693484375,0.6,0.0,5.384593089664956,0.6,0.0,5.384593089664956,0.6,0.0,5.384593089664956
0.6064516129032258,0.0,0.0,0.6064516129032258,0.0,0.22239242133644802,0.6064516129032258,0.0,0.467923079530937,0.6064516129032258,0.0,1.3810901673555063,0.6064516129032258,0.0,1.956931278108114,0.6064516129032258,0.0,5.3627339693484375,0.6064516129032258,0.0,5.384593089664956,0.6064516129032258,0.0,5.384593089664956,0.6064516129032258,0.0,5.384593089664956
0.6064516129032258,0.0,0.0,0.6064516129032258,0.0,0.3344190390705593,0.6064516129032258,0.0,0.8073549220576041,0.6064516129032258,0.0,1.4150374992788437,0.6064516129032258,0.0,2.590815226966594,0.6064516129032258,0.0,5.3627339693484375,0.6064516129032258,0.0,5.384593089664956,0.6064516129032258,0.0,5.384593089664956,0.6064516129032258,0.0,5.384593089664956
0.6129032258064516,0.0,0.0,0.6129032258064516,0.0,0.3344190390705593,0.6129032258064516,0.0,0.8073549220576041,0.6129032258064516,0.0,1.4150374992788437,0.6129032258064516,0.0,2.590815226966594,0.6129032258064516,0.0,5.3627339693484375,0.6129032258064516,0.0,5.384593089664956,0.6129032258064516,0.0,5.384593089664956,0.6129032258064516,0.0,5.384593089664956
0.6129032258064516,0.0,0.0,0.6129032258064516,0.0,0.48542682717024166,0.6129032258064516,0.0,0.8073549220576041,0.6129032258064516,0.0,1.956931278108114,0.6129032258064516,0.0,5.181630453933188,0.6129032258064516,0.0,5.3627339693484375,0.6129032258064516,0.0,5.384593089664956,0.6129032258064516,0.0,5.384593089664956,0.6129032258064516,0.0,5.384593089664956
0.6193548387096774,0.0,0.0,0.6193548387096774,0.0,0.48542682717024166,0.6193548387096774,0.0,0.8073549220576041,0.6193548387096774,0.0,1.956931278108114,0.6193548387096774,0.0,5.181630453933188,0.6193548387096774,0.0,5.3627339693484375,0.6193548387096774,0.0,5.384593089664956,0.6193548387096774,0.0,5.384593089664956,0.6193548387096774,0.0,5.384593089664956
0.6193548387096774,0.0,0.0,0.6193548387096774,0.0,0.5208321633014404,0.6193548387096774,0.0,1.308122295362332,0.6193548387096774,0.0,2.0588936890535687,0.6193548387096774,0.0,5.181630453933188,0.6193548387096774,0.0,5.3627339693484375,0.6193548387096774,0.0,5.384593089664956,0.6193548387096774,0.0,5.384593089664956,0.6193548387096774,0.0,5.384593089664956
0.6258064516129033,0.0,0.0,0.6258064516129033,0.0,0.5208321633014404,0.6258064516129033,0.0,1.308122295362332,0.6258064516129033,0.0,2.0588936890535687,0.6258064516129033,0.0,5.181630453933188,0.6258064516129033,0.0,5.3627339693484375,0.6258064516129033,0.0,5.384593089664956,0.6258064516129033,0.0,5.384593089664956,0.6258064516129033,0.0,5.384593089664956
0.6258064516129033,0.0,0.0,0.6258064516129033,0.0,0.5305147166987798,0.6258064516129033,0.0,1.3810901673555063,0.6258064516129033,0.0,2.6731896837328915,0.6258064516129033,0.0,5.181630453933188,0.6258064516129033,0.0,5.3627339693484375,0.6258064516129033,0.0,5.384593089664956,0.6258064516129033,0.0,5.384593089664956,0.6258064516129033,0.0,5.384593089664956
0.6322580645161291,0.0,0.0,0.6322580645161291,0.0,0.5305147166987798,0.6322580645161291,0.0,1.3810901673555063,0.6322580645161291,0.0,2.6731896837328915,0.6322580645161291,0.0,5.181630453933188,0.6322580645161291,0.0,5.3627339693484375,0.6322580645161291,0.0,5.384593089664956,0.6322580645161291,0.0,5.384593089664956,0.6322580645161291,0.0,5.384593089664956
0.6322580645161291,0.0,0.0,0.6322580645161291,0.0,0.8073549220576041,0.6322580645161291,0.0,1.843274496312547,0.6322580645161291,0.0,4.056268219646745,0.6322580645161291,0.0,5.181630453933188,0.6322580645161291,0.0,5.3627339693484375,0.6322580645161291,0.0,5.384593089664956,0.6322580645161291,0.0,5.384593089664956,0.6322580645161291,0.0,5.384593089664956
0.6387096774193548,0.0,0.0,0.6387096774193548,0.0,0.8073549220576041,0.6387096774193548,0.0,1.843274496312547,0.6387096774193548,0.0,4.056268219646745,0.6387096774193548,0.0,5.181630453933188,0.6387096774193548,0.0,5.3627339693484375,0.6387096774193548,0.0,5.384593089664956,0.6387096774193548,0.0,5.384593089664956,0.6387096774193548,0.0,5.384593089664956
0.6387096774193548,0.0,0.08246216019197297,0.6387096774193548,0.0,0.8073549220576041,0.6387096774193548,0.0,2.0588936890535687,0.6387096774193548,0.0,8.11253643929349,0.6387096774193548,0.0,5.181630453933188,0.6387096774193548,0.0,5.3627339693484375,0.6387096774193548,0.0,5.384593089664956,0.6387096774193548,0.0,5.384593089664956,0.6387096774193548,0.0,5.384593089664956
0.6451612903225806,0.0,0.08246216019197297,0.6451612903225806,0.0,0.8073549220576041,0.6451612903225806,0.0,2.0588936890535687,0.6451612903225806,0.0,8.11253643929349,0.6451612903225806,0.0,5.181630453933188,0.6451612903225806,0.0,5.3627339693484375,0.6451612903225806,0.0,5.384593089664956,0.6451612903225806,0.0,5.384593089664956,0.6451612903225806,0.0,5.384593089664956
0.6451612903225806,0.0,0.12775554719837268,0.6451612903225806,0.0,1.3388019134517584,0.6451612903225806,0.0,2.623436648535792,0.6451612903225806,0.0,8.11253643929349,0.6451612903225806,0.0,5.181630453933188,0.6451612903225806,0.0,5.3627339693484375,0.6451612903225806,0.0,5.384593089664956,0.6451612903225806,0.0,5.384593089664956,0.6451612903225806,0.0,5.384593089664956
0.6516129032258065,0.0,0.12775554719837268,0.6516129032258065,0.0,1.3388019134517584,0.6516129032258065,0.0,2.623436648535792,0.6516129032258065,0.0,8.11253643929349,0.6516129032258065,0.0,5.181630453933188,0.6516129032258065,0.0,5.3627339693484375,0.6516129032258065,0.0,5.384593089664956,0.6516129032258065,0.0,5.384593089664956,0.6516129032258065,0.0,5.384593089664956
0.6516129032258065,0.0,0.2630344058337938,0.6516129032258065,0.0,1.3810901673555063,0.6516129032258065,0.0,3.661504055594149,0.6516129032258065,0.0,8.11253643929349,0.6516129032258065,0.0,5.181630453933188,0.6516129032258065,0.0,5.3627339693484375,0.6516129032258065,0.0,5.384593089664956,0.6516129032258065,0.0,5.384593089664956,0.6516129032258065,0.0,5.384593089664956
0.6580645161290323,0.0,0.2630344058337938,0.6580645161290323,0.0,1.3810901673555063,0.6580645161290323,0.0,3.661504055594149,0.6580645161290323,0.0,8.11253643929349,0.6580645161290323,0.0,5.181630453933188,0.6580645161290323,0.0,5.3627339693484375,0.6580645161290323,0.0,5.384593089664956,0.6580645161290323,0.0,5.384593089664956,0.6580645161290323,0.0,5.384593089664956
0.6580645161290323,0.0,0.38246963682241314,0.6580645161290323,0.0,1.42449782852791,0.6580645161290323,0.0,7.323008111188298,0.6580645161290323,0.0,8.11253643929349,0.6580645161290323,0.0,5.181630453933188,0.6580645161290323,0.0,5.3627339693484375,0.6580645161290323,0.0,5.384593089664956,0.6580645161290323,0.0,5.384593089664956,0.6580645161290323,0.0,5.384593089664956
0.6645161290322581,0.0,0.38246963682241314,0.6645161290322581,0.0,1.42449782852791,0.6645161290322581,0.0,7.323008111188298,0.6645161290322581,0.0,8.11253643929349,0.6645161290322581,0.0,5.181630453933188,0.6645161290322581,0.0,5.3627339693484375,0.6645161290322581,0.0,5.384593089664956,0.6645161290322581,0.0,5.384593089664956,0.6645161290322581,0.0,5.384593089664956
0.6645161290322581,0.0,0.48542682717024166,0.6645161290322581,0.0,1.8194277543581792,0.6645161290322581,0.0,7.323008111188298,0.6645161290322581,0.0,8.11253643929349,0.6645161290322581,0.0,5.181630453933188,0.6645161290322581,0.0,5.3627339693484375,0.6645161290322581,0.0,5.384593089664956,0.6645161290322581,0.0,5.384593089664956,0.6645161290322581,0.0,5.384593089664956
0.6709677419354839,0.0,0.48542682717024166,0.6709677419354839,0.0,1.8194277543581792,0.6709677419354839,0.0,7.323008111188298,0.6709677419354839,0.0,8.11253643929349,0.6709677419354839,0.0,5.181630453933188,0.6709677419354839,0.0,5.3627339693484375,0.6709677419354839,0.0,5.384593089664956,0.6709677419354839,0.0,5.384593089664956,0.6709677419354839,0.0,5.384593089664956
0.6709677419354839,0.0,0.5305147166987798,0.6709677419354839,0.0,2.0588936890535687,0.6709677419354839,0.0,7.323008111188298,0.6709677419354839,0.0,8.11253643929349,0.6709677419354839,0.0,5.181630453933188,0.6709677419354839,0.0,5.3627339693484375,0.6709677419354839,0.0,5.384593089664956,0.6709677419354839,0.0,5.384593089664956,0.6709677419354839,0.0,5.384593089664956
0.6774193548387097,0.0,0.5305147166987798,0.6774193548387097,0.0,2.0588936890535687,0.6774193548387097,0.0,7.323008111188298,0.6774193548387097,0.0,8.11253643929349,0.6774193548387097,0.0,5.181630453933188,0.6774193548387097,0.0,5.3627339693484375,0.6774193548387097,0.0,5.384593089664956,0.6774193548387097,0.0,5.384593089664956,0.6774193548387097,0.0,5.384593089664956
0.6774193548387097,0.0,0.8073549220576041,0.6774193548387097,0.0,3.3543495725797396,0.6774193548387097,0.0,7.323008111188298,0.6774193548387097,0.0,8.11253643929349,0.6774193548387097,0.0,5.181630453933188,0.6774193548387097,0.0,5.3627339693484375,0.6774193548387097,0.0,5.384593089664956,0.6774193548387097,0.0,5.384593089664956,0.6774193548387097,0.0,5.384593089664956
0.6838709677419355,0.0,0.8073549220576041,0.6838709677419355,0.0,3.3543495725797396,0.6838709677419355,0.0,7.323008111188298,0.6838709677419355,0.0,8.11253643929349,0.6838709677419355,0.0,5.181630453933188,0.6838709677419355,0.0,5.3627339693484375,0.6838709677419355,0.0,5.384593089664956,0.6838709677419355,0.0,5.384593089664956,0.6838709677419355,0.0,5.384593089664956
0.6838709677419355,0.0,0.8073549220576041,0.6838709677419355,0.0,6.708699145159479,0.6838709677419355,0.0,7.323008111188298,0.6838709677419355,0.0,8.11253643929349,0.6838709677419355,0.0,5.181630453933188,0.6838709677419355,0.0,5.3627339693484375,0.6838709677419355,0.0,5.384593089664956,0.6838709677419355,0.0,5.384593089664956,0.6838709677419355,0.0,5.384593089664956
0.6903225806451613,0.0,0.8073549220576041,0.6903225806451613,0.0,6.708699145159479,0.6903225806451613,0.0,7.323008111188298,0.6903225806451613,0.0,8.11253643929349,0.6903225806451613,0.0,5.181630453933188,0.6903225806451613,0.0,5.3627339693484375,0.6903225806451613,0.0,5.384593089664956,0.6903225806451613,0.0,5.384593089664956,0.6903225806451613,0.0,5.384593089664956
0.6903225806451613,0.0,0.8479969065549501,0.6903225806451613,0.0,6.708699145159479,0.6903225806451613,0.0,7.323008111188298,0.6903225806451613,0.0,8.11253643929349,0.6903225806451613,0.0,5.181630453933188,0.6903225806451613,0.0,5.3627339693484375,0.6903225806451613,0.0,5.384593089664956,0.6903225806451613,0.0,5.384593089664956,0.6903225806451613,0.0,5.384593089664956
0.6967741935483871,0.0,0.8479969065549501,0.6967741935483871,0.0,6.708699145159479,0.6967741935483871,0.0,7.323008111188298,0.6967741935483871,0.0,8.11253643929349,0.6967741935483871,0.0,5.181630453933188,0.6967741935483871,0.0,5.3627339693484375,0.6967741935483871,0.0,5.384593089664956,0.6967741935483871,0.0,5.384593089664956,0.6967741935483871,0.0,5.384593089664956
0.6967741935483871,0.0,0.9772799234999164,0.6967741935483871,0.0,6.708699145159479,0.6967741935483871,0.0,7.323008111188298,0.6967741935483871,0.0,8.11253643929349,0.6967741935483871,0.0,5.181630453933188,0.6967741935483871,0.0,5.3627339693484375,0.6967741935483871,0.0,5.384593089664956,0.6967741935483871,0.0,5.384593089664956,0.6967741935483871,0.0,5.384593089664956
0.7032258064516129,0.0,0.9772799234999164,0.7032258064516129,0.0,6.708699145159479,0.7032258064516129,0.0,7.323008111188298,0.7032258064516129,0.0,8.11253643929349,0.7032258064516129,0.0,5.181630453933188,0.7032258064516129,0.0,5.3627339693484375,0.7032258064516129,0.0,5.384593089664956,0.7032258064516129,0.0,5.384593089664956,0.7032258064516129,0.0,5.384593089664956
0.7032258064516129,0.0,1.222392421336448,0.7032258064516129,0.0,6.708699145159479,0.7032258064516129,0.0,7.323008111188298,0.7032258064516129,0.0,8.11253643929349,0.7032258064516129,0.0,5.181630453933188,0.7032258064516129,0.0,5.3627339693484375,0.7032258064516129,0.0,5.384593089664956,0.7032258064516129,0.0,5.384593089664956,0.7032258064516129,0.0,5.384593089664956
0.7096774193548387,0.0,1.222392421336448,0.7096774193548387,0.0,6.708699145159479,0.7096774193548387,0.0,7.323008111188298,0.7096774193548387,0.0,8.11253643929349,0.7096774193548387,0.0,5.181630453933188,0.7096774193548387,0.0,5.3627339693484375,0.7096774193548387,0.0,5.384593089664956,0.7096774193548387,0.0,5.384593089664956,0.7096774193548387,0.0,5.384593089664956
0.7096774193548387,0.0,1.3479233034203069,0.7096774193548387,0.0,6.708699145159479,0.7096774193548387,0.0,7.323008111188298,0.7096774193548387,0.0,8.11253643929349,0.7096774193548387,0.0,5.181630453933188,0.7096774193548387,0.0,5.3627339693484375,0.7096774193548387,0.0,5.384593089664956,0.7096774193548387,0.0,5.384593089664956,0.7096774193548387,0.0,5.384593089664956
0.7161290322580646,0.0,1.3479233034203069,0.7161290322580646,0.0,6.708699145159479,0.7161290322580646,0.0,7.323008111188298,0.7161290322580646,0.0,8.11253643929349,0.7161290322580646,0.0,5.181630453933188,0.7161290322580646,0.0,5.3627339693484375,0.7161290322580646,0.0,5.384593089664956,0.7161290322580646,0.0,5.384593089664956,0.7161290322580646,0.0,5.384593089664956
0.7161290322580646,0.0,1.3479233034203069,0.7161290322580646,0.0,6.708699145159479,0.7161290322580646,0.0,7.323008111188298,0.7161290322580646,0.0,8.11253643929349,0.7161290322580646,0.0,5.181630453933188,0.7161290322580646,0.0,5.3627339693484375,0.7161290322580646,0.0,5.384593089664956,0.7161290322580646,0.0,5.384593089664956,0.7161290322580646,0.0,5.384593089664956
0.7225806451612904,0.0,1.3479233034203069,0.7225806451612904,0.0,6.708699145159479,0.7225806451612904,0.0,7.323008111188298,0.7225806451612904,0.0,8.11253643929349,0.7225806451612904,0.0,5.181630453933188,0.7225806451612904,0.0,5.3627339693484375,0.7225806451612904,0.0,5.384593089664956,0.7225806451612904,0.0,5.384593089664956,0.7225806451612904,0.0,5.384593089664956
0.7225806451612904,0.0,1.3810901673555063,0.7225806451612904,0.0,6.708699145159479,0.7225806451612904,0.0,7.323008111188298,0.7225806451612904,0.0,8.11253643929349,0.7225806451612904,0.0,5.181630453933188,0.7225806451612904,0.0,5.3627339693484375,0.7225806451612904,0.0,5.384593089664956,0.7225806451612904,0.0,5.384593089664956,0.7225806451612904,0.0,5.384593089664956
0.7290322580645161,0.0,1.3810901673555063,0.7290322580645161,0.0,6.708699145159479,0.7290322580645161,0.0,7.323008111188298,0.7290322580645161,0.0,8.11253643929349,0.7290322580645161,0.0,5.181630453933188,0.7290322580645161,0.0,5.3627339693484375,0.7290322580645161,0.0,5.384593089664956,0.7290322580645161,0.0,5.384593089664956,0.7290322580645161,0.0,5.384593089664956
0.7290322580645161,0.0,1.3942789391120465,0.7290322580645161,0.0,6.708699145159479,0.7290322580645161,0.0,7.323008111188298,0.7290322580645161,0.0,8.11253643929349,0.7290322580645161,0.0,5.181630453933188,0.7290322580645161,0.0,5.3627339693484375,0.7290322580645161,0.0,5.384593089664956,0.7290322580645161,0.0,5.384593089664956,0.7290322580645161,0.0,5.384593089664956
0.7354838709677419,0.0,1.3942789391120465,0.7354838709677419,0.0,6.708699145159479,0.7354838709677419,0.0,7.323008111188298,0.7354838709677419,0.0,8.11253643929349,0.7354838709677419,0.0,5.181630453933188,0.7354838709677419,0.0,5.3627339693484375,0.7354838709677419,0.0,5.384593089664956,0.7354838709677419,0.0,5.384593089664956,0.7354838709677419,0.0,5.384593089664956
0.7354838709677419,0.0,1.6724253419714956,0.7354838709677419,0.0,6.708699145159479,0.7354838709677419,0.0,7.323008111188298,0.7354838709677419,0.0,8.11253643929349,0.7354838709677419,0.0,5.181630453933188,0.7354838709677419,0.0,5.3627339693484375,0.7354838709677419,0.0,5.384593089664956,0.7354838709677419,0.0,5.384593089664956,0.7354838709677419,0.0,5.384593089664956
0.7419354838709677,0.0,1.6724253419714956,0.7419354838709677,0.0,6.708699145159479,0.7419354838709677,0.0,7.323008111188298,0.7419354838709677,0.0,8.11253643929349,0.7419354838709677,0.0,5.181630453933188,0.7419354838709677,0.0,5.3627339693484375,0.7419354838709677,0.0,5.384593089664956,0.7419354838709677,0.0,5.384593089664956,0.7419354838709677,0.0,5.384593089664956
0.7419354838709677,0.0,2.0588936890535687,0.7419354838709677,0.0,6.708699145159479,0.7419354838709677,0.0,7.323008111188298,0.7419354838709677,0.0,8.11253643929349,0.7419354838709677,0.0,5.181630453933188,0.7419354838709677,0.0,5.3627339693484375,0.7419354838709677,0.0,5.384593089664956,0.7419354838709677,0.0,5.384593089664956,0.7419354838709677,0.0,5.384593089664956
0.7483870967741936,0.0,2.0588936890535687,0.7483870967741936,0.0,6.708699145159479,0.7483870967741936,0.0,7.323008111188298,0.7483870967741936,0.0,8.11253643929349,0.7483870967741936,0.0,5.181630453933188,0.7483870967741936,0.0,5.3627339693484375,0.7483870967741936,0.0,5.384593089664956,0.7483870967741936,0.0,5.384593089664956,0.7483870967741936,0.0,5.384593089664956
0.7483870967741936,0.0,2.478047296804644,0.7483870967741936,0.0,6.708699145159479,0.7483870967741936,0.0,7.323008111188298,0.7483870967741936,0.0,8.11253643929349,0.7483870967741936,0.0,5.181630453933188,0.7483870967741936,0.0,5.3627339693484375,0.7483870967741936,0.0,5.384593089664956,0.7483870967741936,0.0,5.384593089664956,0.7483870967741936,0.0,5.384593089664956
0.7548387096774194,0.0,2.478047296804644,0.7548387096774194,0.0,6.708699145159479,0.7548387096774194,0.0,7.323008111188298,0.7548387096774194,0.0,8.11253643929349,0.7548387096774194,0.0,5.181630453933188,0.7548387096774194,0.0,5.3627339693484375,0.7548387096774194,0.0,5.384593089664956,0.7548387096774194,0.0,5.384593089664956,0.7548387096774194,0.0,5.384593089664956
0.7548387096774194,0.0,3.4918530963296748,0.7548387096774194,0.0,6.708699145159479,0.7548387096774194,0.0,7.323008111188298,0.7548387096774194,0.0,8.11253643929349,0.7548387096774194,0.0,5.181630453933188,0.7548387096774194,0.0,5.3627339693484375,0.7548387096774194,0.0,5.384593089664956,0.7548387096774194,0.0,5.384593089664956,0.7548387096774194,0.0,5.384593089664956
0.7612903225806452,0.0,3.4918530963296748,0.7612903225806452,0.0,6.708699145159479,0.7612903225806452,0.0,7.323008111188298,0.7612903225806452,0.0,8.11253643929349,0.7612903225806452,0.0,5.181630453933188,0.7612903225806452,0.0,5.3627339693484375,0.7612903225806452,0.0,5.384593089664956,0.7612903225806452,0.0,5.384593089664956,0.7612903225806452,0.0,5.384593089664956
0.7612903225806452,0.0,7.047123912114026,0.7612903225806452,0.0,6.708699145159479,0.7612903225806452,0.0,7.323008111188298,0.7612903225806452,0.0,8.11253643929349,0.7612903225806452,0.0,5.181630453933188,0.7612903225806452,0.0,5.3627339693484375,0.7612903225806452,0.0,5.384593089664956,0.7612903225806452,0.0,5.384593089664956,0.7612903225806452,0.0,5.384593089664956
0.7677419354838709,0.0,7.047123912114026,0.7677419354838709,0.0,6.708699145159479,0.7677419354838709,0.0,7.323008111188298,0.7677419354838709,0.0,8.11253643929349,0.7677419354838709,0.0,5.181630453933188,0.7677419354838709,0.0,5.3627339693484375,0.7677419354838709,0.0,5.384593089664956,0.7677419354838709,0.0,5.384593089664956,0.7677419354838709,0.0,5.384593089664956
0.7677419354838709,0.0,7.047123912114026,0.7677419354838709,0.0,6.708699145159479,0.7677419354838709,0.0,7.323008111188298,0.7677419354838709,0.0,8.11253643929349,0.7677419354838709,0.0,5.181630453933188,0.7677419354838709,0.0,5.3627339693484375,0.7677419354838709,0.0,5.384593089664956,0.7677419354838709,0.0,5.384593089664956,0.7677419354838709,0.0,5.384593089664956
0.7741935483870968,0.0,7.047123912114026,0.7741935483870968,0.0,6.708699145159479,0.7741935483870968,0.0,7.323008111188298,0.7741935483870968,0.0,8.11253643929349,0.7741935483870968,0.0,5.181630453933188,0.7741935483870968,0.0,5.3627339693484375,0.7741935483870968,0.0,5.384593089664956,0.7741935483870968,0.0,5.384593089664956,0.7741935483870968,0.0,5.384593089664956
0.7741935483870968,0.0,7.047123912114026,0.7741935483870968,0.0,6.708699145159479,0.7741935483870968,0.0,7.323008111188298,0.7741935483870968,0.0,8.11253643929349,0.7741935483870968,0.0,5.181630453933188,0.7741935483870968,0.0,5.3627339693484375,0.7741935483870968,0.0,5.384593089664956,0.7741935483870968,0.0,5.384593089664956,0.7741935483870968,0.0,5.384593089664956
0.7806451612903226,0.0,7.047123912114026,0.7806451612903226,0.0,6.708699145159479,0.7806451612903226,0.0,7.323008111188298,0.7806451612903226,0.0,8.11253643929349,0.7806451612903226,0.0,5.181630453933188,0.7806451612903226,0.0,5.3627339693484375,0.7806451612903226,0.0,5.384593089664956,0.7806451612903226,0.0,5.384593089664956,0.7806451612903226,0.0,5.384593089664956
0.7806451612903226,0.0,7.047123912114026,0.7806451612903226,0.0,6.708699145159479,0.7806451612903226,0.0,7.323008111188298,0.7806451612903226,0.0,8.11253643929349,0.7806451612903226,0.0,5.181630453933188,0.7806451612903226,0.0,5.3627339693484375,0.7806451612903226,0.0,5.384593089664956,0.7806451612903226,0.0,5.384593089664956,0.7806451612903226,0.0,5.384593089664956
0.7870967741935484,0.0,7.047123912114026,0.7870967741935484,0.0,6.708699145159479,0.7870967741935484,0.0,7.323008111188298,0.7870967741935484,0.0,8.11253643929349,0.7870967741935484,0.0,5.181630453933188,0.7870967741935484,0.0,5.3627339693484375,0.7870967741935484,0.0,5.384593089664956,0.7870967741935484,0.0,5.384593089664956,0.7870967741935484,0.0,5.384593089664956
0.7870967741935484,0.0,7.047123912114026,0.7870967741935484,0.0,6.708699145159479,0.7870967741935484,0.0,7.323008111188298,0.7870967741935484,0.0,8.11253643929349,0.7870967741935484,0.0,5.181630453933188,0.7870967741935484,0.0,5.3627339693484375,0.7870967741935484,0.0,5.384593089664956,0.7870967741935484,0.0,5.384593089664956,0.7870967741935484,0.0,5.384593089664956
0.7935483870967742,0.0,7.047123912114026,0.7935483870967742,0.0,6.708699145159479,0.7935483870967742,0.0,7.323008111188298,0.7935483870967742,0.0,8.11253643929349,0.7935483870967742,0.0,5.181630453933188,0.7935483870967742,0.0,5.3627339693484375,0.7935483870967742,0.0,5.384593089664956,0.7935483870967742,0.0,5.384593089664956,0.7935483870967742,0.0,5.384593089664956
0.7935483870967742,0.0,7.047123912114026,0.7935483870967742,0.0,6.708699145159479,0.7935483870967742,0.0,7.323008111188298,0.7935483870967742,0.0,8.11253643929349,0.7935483870967742,0.0,5.181630453933188,0.7935483870967742,0.0,5.3627339693484375,0.7935483870967742,0.0,5.384593089664956,0.7935483870967742,0.0,5.384593089664956,0.7935483870967742,0.0,5.384593089664956
0.8,0.0,7.047123912114026,0.8,0.0,6.708699145159479,0.8,0.0,7.323008111188298,0.8,0.0,8.11253643929349,0.8,0.0,5.181630453933188,0.8,0.0,5.3627339693484375,0.8,0.0,5.384593089664956,0.8,0.0,5.384593089664956,0.8,0.0,5.384593089664956
0.8,0.0,7.047123912114026,0.8,0.0,6.708699145159479,0.8,0.0,7.323008111188298,0.8,0.0,8.11253643929349,0.8,0.0,5.181630453933188,0.8,0.0,5.3627339693484375,0.8,0.0,5.384593089664956,0.8,0.0,5.384593089664956,0.8,0.0,5.384593089664956
0.8064516129032259,0.0,7.047123912114026,0.8064516129032259,0.0,6.708699145159479,0.8064516129032259,0.0,7.323008111188298,0.8064516129032259,0.0,8.11253643929349,0.8064516129032259,0.0,5.181630453933188,0.8064516129032259,0.0,5.3627339693484375,0.8064516129032259,0.0,5.384593089664956,0.8064516129032259,0.0,5.384593089664956,0.8064516129032259,0.0,5.384593089664956
0.8064516129032259,0.0,7.047123912114026,0.8064516129032259,0.0,6.708699145159479,0.8064516129032259,0.0,7.323008111188298,0.8064516129032259,0.0,8.11253643929349,0.8064516129032259,0.0,5.181630453933188,0.8064516129032259,0.0,5.3627339693484375,0.8064516129032259,0.0,5.384593089664956,0.8064516129032259,0.0,5.384593089664956,0.8064516129032259,0.0,5.384593089664956
0.8129032258064516,0.0,7.047123912114026,0.8129032258064516,0.0,6.708699145159479,0.8129032258064516,0.0,7.323008111188298,0.8129032258064516,0.0,8.11253643929349,0.8129032258064516,0.0,5.181630453933188,0.8129032258064516,0.0,5.3627339693484375,0.8129032258064516,0.0,5.384593089664956,0.8129032258064516,0.0,5.384593089664956,0.8129032258064516,0.0,5.384593089664956
0.8129032258064516,0.0,7.047123912114026,0.8129032258064516,0.0,6.708699145159479,0.8129032258064516,0.0,7.323008111188298,0.8129032258064516,0.0,8.11253643929349,0.8129032258064516,0.0,5.181630453933188,0.8129032258064516,0.0,5.3627339693484375,0.8129032258064516,0.0,5.384593089664956,0.8129032258064516,0.0,5.384593089664956,0.8129032258064516,0.0,5.384593089664956
0.8193548387096774,0.0,7.047123912114026,0.8193548387096774,0.0,6.708699145159479,0.8193548387096774,0.0,7.323008111188298,0.8193548387096774,0.0,8.11253643929349,0.8193548387096774,0.0,5.181630453933188,0.8193548387096774,0.0,5.3627339693484375,0.8193548387096774,0.0,5.384593089664956,0.8193548387096774,0.0,5.384593089664956,0.8193548387096774,0.0,5.384593089664956
0.8193548387096774,0.0,7.047123912114026,0.8193548387096774,0.0,6.708699145159479,0.8193548387096774,0.0,7.323008111188298,0.8193548387096774,0.0,8.11253643929349,0.8193548387096774,0.0,5.181630453933188,0.8193548387096774,0.0,5.3627339693484375,0.8193548387096774,0.0,5.384593089664956,0.8193548387096774,0.0,5.384593089664956,0.8193548387096774,0.0,5.384593089664956
0.8258064516129032,0.0,7.047123912114026,0.8258064516129032,0.0,6.708699145159479,0.8258064516129032,0.0,7.323008111188298,0.8258064516129032,0.0,8.11253643929349,0.8258064516129032,0.0,5.181630453933188,0.8258064516129032,0.0,5.3627339693484375,0.8258064516129032,0.0,5.384593089664956,0.8258064516129032,0.0,5.384593089664956,0.8258064516129032,0.0,5.384593089664956
0.8258064516129032,0.0,7.047123912114026,0.8258064516129032,0.0,6.708699145159479,0.8258064516129032,0.0,7.323008111188298,0.8258064516129032,0.0,8.11253643929349,0.8258064516129032,0.0,5.181630453933188,0.8258064516129032,0.0,5.3627339693484375,0.8258064516129032,0.0,5.384593089664956,0.8258064516129032,0.0,5.384593089664956,0.8258064516129032,0.0,5.384593089664956
0.832258064516129,0.0,7.047123912114026,0.832258064516129,0.0,6.708699145159479,0.832258064516129,0.0,7.323008111188298,0.832258064516129,0.0,8.11253643929349,0.832258064516129,0.0,5.181630453933188,0.832258064516129,0.0,5.3627339693484375,0.832258064516129,0.0,5.384593089664956,0.832258064516129,0.0,5.384593089664956,0.832258064516129,0.0,5.384593089664956
0.832258064516129,0.0,7.047123912114026,0.832258064516129,0.0,6.708699145159479,0.832258064516129,0.0,7.323008111188298,0.832258064516129,0.0,8.11253643929349,0.832258064516129,0.0,5.181630453933188,0.832258064516129,0.0,5.3627339693484375,0.832258064516129,0.0,5.384593089664956,0.832258064516129,0.0,5.384593089664956,0.832258064516129,0.0,5.384593089664956
0.8387096774193549,0.0,7.047123912114026,0.8387096774193549,0.0,6.708699145159479,0.8387096774193549,0.0,7.323008111188298,0.8387096774193549,0.0,8.11253643929349,0.8387096774193549,0.0,5.181630453933188,0.8387096774193549,0.0,5.3627339693484375,0.8387096774193549,0.0,5.384593089664956,0.8387096774193549,0.0,5.384593089664956,0.8387096774193549,0.0,5.384593089664956
0.8387096774193549,0.0,7.047123912114026,0.8387096774193549,0.0,6.708699145159479,0.8387096774193549,0.0,7.323008111188298,0.8387096774193549,0.0,8.11253643929349,0.8387096774193549,0.0,5.181630453933188,0.8387096774193549,0.0,5.3627339693484375,0.8387096774193549,0.0,5.384593089664956,0.8387096774193549,0.0,5.384593089664956,0.8387096774193549,0.0,5.384593089664956
0.8451612903225807,0.0,7.047123912114026,0.8451612903225807,0.0,6.708699145159479,0.8451612903225807,0.0,7.323008111188298,0.8451612903225807,0.0,8.11253643929349,0.8451612903225807,0.0,5.181630453933188,0.8451612903225807,0.0,5.3627339693484375,0.8451612903225807,0.0,5.384593089664956,0.8451612903225807,0.0,5.384593089664956,0.8451612903225807,0.0,5.384593089664956
0.8451612903225807,0.0,7.047123912114026,0.8451612903225807,0.0,6.708699145159479,0.8451612903225807,0.0,7.323008111188298,0.8451612903225807,0.0,8.11253643929349,0.8451612903225807,0.0,5.181630453933188,0.8451612903225807,0.0,5.3627339693484375,0.8451612903225807,0.0,5.384593089664956,0.8451612903225807,0.0,5.384593089664956,0.8451612903225807,0.0,5.384593089664956
0.8516129032258065,0.0,7.047123912114026,0.8516129032258065,0.0,6.708699145159479,0.8516129032258065,0.0,7.323008111188298,0.8516129032258065,0.0,8.11253643929349,0.8516129032258065,0.0,5.181630453933188,0.8516129032258065,0.0,5.3627339693484375,0.8516129032258065,0.0,5.384593089664956,0.8516129032258065,0.0,5.384593089664956,0.8516129032258065,0.0,5.384593089664956
0.8516129032258065,0.0,7.047123912114026,0.8516129032258065,0.0,6.708699145159479,0.8516129032258065,0.0,7.323008111188298,0.8516129032258065,0.0,8.11253643929349,0.8516129032258065,0.0,5.181630453933188,0.8516129032258065,0.0,5.3627339693484375,0.8516129032258065,0.0,5.384593089664956,0.8516129032258065,0.0,5.384593089664956,0.8516129032258065,0.0,5.384593089664956
0.8580645161290322,0.0,7.047123912114026,0.8580645161290322,0.0,6.708699145159479,0.8580645161290322,0.0,7.323008111188298,0.8580645161290322,0.0,8.11253643929349,0.8580645161290322,0.0,5.181630453933188,0.8580645161290322,0.0,5.3627339693484375,0.8580645161290322,0.0,5.384593089664956,0.8580645161290322,0.0,5.384593089664956,0.8580645161290322,0.0,5.384593089664956
0.8580645161290322,0.05336322559872513,7.047123912114026,0.8580645161290322,0.05336322559872513,6.708699145159479,0.8580645161290322,0.0,7.323008111188298,0.8580645161290322,0.0,8.11253643929349,0.8580645161290322,0.0,5.181630453933188,0.8580645161290322,0.016678741146630392,5.3627339693484375,0.8580645161290322,0.0,5.384593089664956,0.8580645161290322,0.0,5.384593089664956,0.8580645161290322,0.0,5.384593089664956
0.864516129032258,0.05336322559872513,7.047123912114026,0.864516129032258,0.05336322559872513,6.708699145159479,0.864516129032258,0.0,7.323008111188298,0.864516129032258,0.0,8.11253643929349,0.864516129032258,0.0,5.181630453933188,0.864516129032258,0.016678741146630392,5.3627339693484375,0.864516129032258,0.0,5.384593089664956,0.864516129032258,0.0,5.384593089664956,0.864516129032258,0.0,5.384593089664956
0.864516129032258,0.09953567355091437,7.047123912114026,0.864516129032258,0.07800251200127316,6.708699145159479,0.864516129032258,0.016678741146630392,7.323008111188298,0.864516129032258,0.0,8.11253643929349,0.864516129032258,0.016678741146630392,5.181630453933188,0.864516129032258,0.15200309344505006,5.3627339693484375,0.864516129032258,0.0,5.384593089664956,0.864516129032258,0.0,5.384593089664956,0.864516129032258,0.0,5.384593089664956
0.8709677419354839,0.09953567355091437,7.047123912114026,0.8709677419354839,0.07800251200127316,6.708699145159479,0.8709677419354839,0.016678741146630392,7.323008111188298,0.8709677419354839,0.0,8.11253643929349,0.8709677419354839,0.016678741146630392,5.181630453933188,0.8709677419354839,0.15200309344505006,5.3627339693484375,0.8709677419354839,0.0,5.384593089664956,0.8709677419354839,0.0,5.384593089664956,0.8709677419354839,0.0,5.384593089664956
0.8709677419354839,0.5849625007211562,7.047123912114026,0.8709677419354839,0.3923174227787603,6.708699145159479,0.8709677419354839,0.035820475578956346,7.323008111188298,0.8709677419354839,0.016678741146630392,8.11253643929349,0.8709677419354839,0.19264507794239583,5.181630453933188,0.8709677419354839,0.41503749927884376,5.3627339693484375,0.8709677419354839,0.0,5.384593089664956,0.8709677419354839,0.0,5.384593089664956,0.8709677419354839,0.0,5.384593089664956
0.8774193548387097,0.5849625007211562,7.047123912114026,0.8774193548387097,0.3923174227787603,6.708699145159479,0.8774193548387097,0.035820475578956346,7.323008111188298,0.8774193548387097,0.016678741146630392,8.11253643929349,0.8774193548387097,0.19264507794239583,5.181630453933188,0.8774193548387097,0.41503749927884376,5.3627339693484375,0.8774193548387097,0.0,5.384593089664956,0.8774193548387097,0.0,5.384593089664956,0.8774193548387097,0.0,5.384593089664956
0.8774193548387097,0.658963082164933,7.047123912114026,0.8774193548387097,0.5849625007211562,6.708699145159479,0.8774193548387097,0.11103131238874395,7.323008111188298,0.8774193548387097,0.19264507794239583,8.11253643929349,0.8774193548387097,0.5849625007211562,5.181630453933188,0.8774193548387097,0.5849625007211562,5.3627339693484375,0.8774193548387097,0.0,5.384593089664956,0.8774193548387097,0.0,5.384593089664956,0.8774193548387097,0.0,5.384593089664956
0.8838709677419355,0.658963082164933,7.047123912114026,0.8838709677419355,0.5849625007211562,6.708699145159479,0.8838709677419355,0.11103131238874395,7.323008111188298,0.8838709677419355,0.19264507794239583,8.11253643929349,0.8838709677419355,0.5849625007211562,5.181630453933188,0.8838709677419355,0.5849625007211562,5.3627339693484375,0.8838709677419355,0.0,5.384593089664956,0.8838709677419355,0.0,5.384593089664956,0.8838709677419355,0.0,5.384593089664956
0.8838709677419355,0.7004397181410922,7.047123912114026,0.8838709677419355,0.658963082164933,6.708699145159479,0.8838709677419355,0.19264507794239583,7.323008111188298,0.8838709677419355,0.5849625007211562,8.11253643929349,0.8838709677419355,0.6166713604484945,5.181630453933188,0.8838709677419355,0.5849625007211562,5.3627339693484375,0.8838709677419355,0.016678741146630392,5.384593089664956,0.8838709677419355,0.0,5.384593089664956,0.8838709677419355,0.0,5.384593089664956
0.8903225806451613,0.7004397181410922,7.047123912114026,0.8903225806451613,0.658963082164933,6.708699145159479,0.8903225806451613,0.19264507794239583,7.323008111188298,0.8903225806451613,0.5849625007211562,8.11253643929349,0.8903225806451613,0.6166713604484945,5.181630453933188,0.8903225806451613,0.5849625007211562,5.3627339693484375,0.8903225806451613,0.016678741146630392,5.384593089664956,0.8903225806451613,0.0,5.384593089664956,0.8903225806451613,0.0,5.384593089664956
0.8903225806451613,0.8930847960834881,7.047123912114026,0.8903225806451613,0.7004397181410922,6.708699145159479,0.8903225806451613,0.5849625007211562,7.323008111188298,0.8903225806451613,0.7004397181410922,8.11253643929349,0.8903225806451613,0.7004397181410922,5.181630453933188,0.8903225806451613,0.5849625007211562,5.3627339693484375,0.8903225806451613,0.2313255461064558,5.384593089664956,0.8903225806451613,0.016678741146630392,5.384593089664956,0.8903225806451613,0.0,5.384593089664956
0.8967741935483872,0.8930847960834881,7.047123912114026,0.8967741935483872,0.7004397181410922,6.708699145159479,0.8967741935483872,0.5849625007211562,7.323008111188298,0.8967741935483872,0.7004397181410922,8.11253643929349,0.8967741935483872,0.7004397181410922,5.181630453933188,0.8967741935483872,0.5849625007211562,5.3627339693484375,0.8967741935483872,0.2313255461064558,5.384593089664956,0.8967741935483872,0.016678741146630392,5.384593089664956,0.8967741935483872,0.0,5.384593089664956
0.8967741935483872,1.7598182652200238,7.047123912114026,0.8967741935483872,0.7004397181410922,6.708699145159479,0.8967741935483872,0.5940076403241633,7.323008111188298,0.8967741935483872,2.081794091163647,8.11253643929349,0.8967741935483872,2.081794091163647,5.181630453933188,0.8967741935483872,0.7004397181410922,5.3627339693484375,0.8967741935483872,0.5305147166987798,5.384593089664956,0.8967741935483872,0.11547721741993588,5.384593089664956,0.8967741935483872,0.016678741146630392,5.384593089664956
0.9032258064516129,1.7598182652200238,7.047123912114026,0.9032258064516129,0.7004397181410922,6.708699145159479,0.9032258064516129,0.5940076403241633,7.323008111188298,0.9032258064516129,2.081794091163647,8.11253643929349,0.9032258064516129,2.081794091163647,5.181630453933188,0.9032258064516129,0.7004397181410922,5.3627339693484375,0.9032258064516129,0.5305147166987798,5.384593089664956,0.9032258064516129,0.11547721741993588,5.384593089664956,0.9032258064516129,0.016678741146630392,5.384593089664956
0.9032258064516129,2.081794091163647,7.047123912114026,0.9032258064516129,1.7598182652200238,6.708699145159479,0.9032258064516129,0.7004397181410922,7.323008111188298,0.9032258064516129,8.11253643929349,8.11253643929349,0.9032258064516129,5.181630453933188,5.181630453933188,0.9032258064516129,5.3627339693484375,5.3627339693484375,0.9032258064516129,5.384593089664956,5.384593089664956,0.9032258064516129,5.384593089664956,5.384593089664956,0.9032258064516129,5.384593089664956,5.384593089664956
0.9096774193548387,2.081794091163647,7.047123912114026,0.9096774193548387,1.7598182652200238,6.708699145159479,0.9096774193548387,0.7004397181410922,7.323008111188298,0.9096774193548387,8.11253643929349,8.11253643929349,0.9096774193548387,5.181630453933188,5.181630453933188,0.9096774193548387,5.3627339693484375,5.3627339693484375,0.9096774193548387,5.384593089664956,5.384593089664956,0.9096774193548387,5.384593089664956,5.384593089664956,0.9096774193548387,5.384593089664956,5.384593089664956
0.9096774193548387,3.523561956057013,7.047123912114026,0.9096774193548387,2.081794091163647,6.708699145159479,0.9096774193548387,2.081794091163647,7.323008111188298,0.9096774193548387,8.11253643929349,8.11253643929349,0.9096774193548387,5.181630453933188,5.181630453933188,0.9096774193548387,5.3627339693484375,5.3627339693484375,0.9096774193548387,5.384593089664956,5.384593089664956,0.9096774193548387,5.384593089664956,5.384593089664956,0.9096774193548387,5.384593089664956,5.384593089664956
0.9161290322580645,3.523561956057013,7.047123912114026,0.9161290322580645,2.081794091163647,6.708699145159479,0.9161290322580645,2.081794091163647,7.323008111188298,0.9161290322580645,8.11253643929349,8.11253643929349,0.9161290322580645,5.181630453933188,5.181630453933188,0.9161290322580645,5.3627339693484375,5.3627339693484375,0.9161290322580645,5.384593089664956,5.384593089664956,0.9161290322580645,5.384593089664956,5.384593089664956,0.9161290322580645,5.384593089664956,5.384593089664956
0.9161290322580645,7.047123912114026,7.047123912114026,0.9161290322580645,6.708699145159479,6.708699145159479,0.9161290322580645,7.323008111188298,7.323008111188298,0.9161290322580645,8.11253643929349,8.11253643929349,0.9161290322580645,5.181630453933188,5.181630453933188,0.9161290322580645,5.3627339693484375,5.3627339693484375,0.9161290322580645,5.384593089664956,5.384593089664956,0.9161290322580645,5.384593089664956,5.384593089664956,0.9161290322580645,5.384593089664956,5.384593089664956
0.9225806451612903,7.047123912114026,7.047123912114026,0.9225806451612903,6.708699145159479,6.708699145159479,0.9225806451612903,7.323008111188298,7.323008111188298,0.9225806451612903,8.11253643929349,8.11253643929349,0.9225806451612903,5.181630453933188,5.181630453933188,0.9225806451612903,5.3627339693484375,5.3627339693484375,0.9225806451612903,5.384593089664956,5.384593089664956,0.9225806451612903,5.384593089664956,5.384593089664956,0.9225806451612903,5.384593089664956,5.384593089664956
0.9225806451612903,7.047123912114026,7.047123912114026,0.9225806451612903,6.708699145159479,6.708699145159479,0.9225806451612903,7.323008111188298,7.323008111188298,0.9225806451612903,8.11253643929349,8.11253643929349,0.9225806451612903,5.181630453933188,5.181630453933188,0.9225806451612903,5.3627339693484375,5.3627339693484375,0.9225806451612903,5.384593089664956,5.384593089664956,0.9225806451612903,5.384593089664956,5.384593089664956,0.9225806451612903,5.384593089664956,5.384593089664956
0.9290322580645162,7.047123912114026,7.047123912114026,0.9290322580645162,6.708699145159479,6.708699145159479,0.9290322580645162,7.323008111188298,7.323008111188298,0.9290322580645162,8.11253643929349,8.11253643929349,0.9290322580645162,5.181630453933188,5.181630453933188,0.9290322580645162,5.3627339693484375,5.3627339693484375,0.9290322580645162,5.384593089664956,5.384593089664956,0.9290322580645162,5.384593089664956,5.384593089664956,0.9290322580645162,5.384593089664956,5.384593089664956
0.9290322580645162,7.047123912114026,7.047123912114026,0.9290322580645162,6.708699145159479,6.708699145159479,0.9290322580645162,7.323008111188298,7.323008111188298,0.9290322580645162,8.11253643929349,8.11253643929349,0.9290322580645162,5.181630453933188,5.181630453933188,0.9290322580645162,5.3627339693484375,5.3627339693484375,0.9290322580645162,5.384593089664956,5.384593089664956,0.9290322580645162,5.384593089664956,5.384593089664956,0.9290322580645162,5.384593089664956,5.384593089664956
0.935483870967742,7.047123912114026,7.047123912114026,0.935483870967742,6.708699145159479,6.708699145159479,0.935483870967742,7.323008111188298,7.323008111188298,0.935483870967742,8.11253643929349,8.11253643929349,0.935483870967742,5.181630453933188,5.181630453933188,0.935483870967742,5.3627339693484375,5.3627339693484375,0.935483870967742,5.384593089664956,5.384593089664956,0.935483870967742,5.384593089664956,5.384593089664956,0.935483870967742,5.384593089664956,5.384593089664956
0.935483870967742,7.047123912114026,7.047123912114026,0.935483870967742,6.708699145159479,6.708699145159479,0.935483870967742,7.323008111188298,7.323008111188298,0.935483870967742,8.11253643929349,8.11253643929349,0.935483870967742,5.181630453933188,5.181630453933188,0.935483870967742,5.3627339693484375,5.3627339693484375,0.935483870967742,5.384593089664956,5.384593089664956,0.935483870967742,5.384593089664956,5.384593089664956,0.935483870967742,5.384593089664956,5.384593089664956
0.9419354838709677,7.047123912114026,7.047123912114026,0.9419354838709677,6.708699145159479,6.708699145159479,0.9419354838709677,7.323008111188298,7.323008111188298,0.9419354838709677,8.11253643929349,8.11253643929349,0.9419354838709677,5.181630453933188,5.181630453933188,0.9419354838709677,5.3627339693484375,5.3627339693484375,0.9419354838709677,5.384593089664956,5.384593089664956,0.9419354838709677,5.384593089664956,5.384593089664956,0.9419354838709677,5.384593089664956,5.384593089664956
0.9419354838709677,7.047123912114026,7.047123912114026,0.9419354838709677,6.708699145159479,6.708699145159479,0.9419354838709677,7.323008111188298,7.323008111188298,0.9419354838709677,8.11253643929349,8.11253643929349,0.9419354838709677,5.181630453933188,5.181630453933188,0.9419354838709677,5.3627339693484375,5.3627339693484375,0.9419354838709677,5.384593089664956,5.384593089664956,0.9419354838709677,5.384593089664956,5.384593089664956,0.9419354838709677,5.384593089664956,5.384593089664956
0.9483870967741935,7.047123912114026,7.047123912114026,0.9483870967741935,6.708699145159479,6.708699145159479,0.9483870967741935,7.323008111188298,7.323008111188298,0.9483870967741935,8.11253643929349,8.11253643929349,0.9483870967741935,5.181630453933188,5.181630453933188,0.9483870967741935,5.3627339693484375,5.3627339693484375,0.9483870967741935,5.384593089664956,5.384593089664956,0.9483870967741935,5.384593089664956,5.384593089664956,0.9483870967741935,5.384593089664956,5.384593089664956
0.9483870967741935,7.047123912114026,7.047123912114026,0.9483870967741935,6.708699145159479,6.708699145159479,0.9483870967741935,7.323008111188298,7.323008111188298,0.9483870967741935,8.11253643929349,8.11253643929349,0.9483870967741935,5.181630453933188,5.181630453933188,0.9483870967741935,5.3627339693484375,5.3627339693484375,0.9483870967741935,5.384593089664956,5.384593089664956,0.9483870967741935,5.384593089664956,5.384593089664956,0.9483870967741935,5.384593089664956,5.384593089664956
0.9548387096774194,7.047123912114026,7.047123912114026,0.9548387096774194,6.708699145159479,6.708699145159479,0.9548387096774194,7.323008111188298,7.323008111188298,0.9548387096774194,8.11253643929349,8.11253643929349,0.9548387096774194,5.181630453933188,5.181630453933188,0.9548387096774194,5.3627339693484375,5.3627339693484375,0.9548387096774194,5.384593089664956,5.384593089664956,0.9548387096774194,5.384593089664956,5.384593089664956,0.9548387096774194,5.384593089664956,5.384593089664956
0.9548387096774194,7.047123912114026,7.047123912114026,0.9548387096774194,6.708699145159479,6.708699145159479,0.9548387096774194,7.323008111188298,7.323008111188298,0.9548387096774194,8.11253643929349,8.11253643929349,0.9548387096774194,5.181630453933188,5.181630453933188,0.9548387096774194,5.3627339693484375,5.3627339693484375,0.9548387096774194,5.384593089664956,5.384593089664956,0.9548387096774194,5.384593089664956,5.384593089664956,0.9548387096774194,5.384593089664956,5.384593089664956
0.9612903225806452,7.047123912114026,7.047123912114026,0.9612903225806452,6.708699145159479,6.708699145159479,0.9612903225806452,7.323008111188298,7.323008111188298,0.9612903225806452,8.11253643929349,8.11253643929349,0.9612903225806452,5.181630453933188,5.181630453933188,0.9612903225806452,5.3627339693484375,5.3627339693484375,0.9612903225806452,5.384593089664956,5.384593089664956,0.9612903225806452,5.384593089664956,5.384593089664956,0.9612903225806452,5.384593089664956,5.384593089664956
0.9612903225806452,7.047123912114026,7.047123912114026,0.9612903225806452,6.708699145159479,6.708699145159479,0.9612903225806452,7.323008111188298,7.323008111188298,0.9612903225806452,8.11253643929349,8.11253643929349,0.9612903225806452,5.181630453933188,5.181630453933188,0.9612903225806452,5.3627339693484375,5.3627339693484375,0.9612903225806452,5.384593089664956,5.384593089664956,0.9612903225806452,5.384593089664956,5.384593089664956,0.9612903225806452,5.384593089664956,5.384593089664956
0.967741935483871,7.047123912114026,7.047123912114026,0.967741935483871,6.708699145159479,6.708699145159479,0.967741935483871,7.323008111188298,7.323008111188298,0.967741935483871,8.11253643929349,8.11253643929349,0.967741935483871,5.181630453933188,5.181630453933188,0.967741935483871,5.3627339693484375,5.3627339693484375,0.967741935483871,5.384593089664956,5.384593089664956,0.967741935483871,5.384593089664956,5.384593089664956,0.967741935483871,5.384593089664956,5.384593089664956
0.967741935483871,7.047123912114026,7.047123912114026,0.967741935483871,6.708699145159479,6.708699145159479,0.967741935483871,7.323008111188298,7.323008111188298,0.967741935483871,8.11253643929349,8.11253643929349,0.967741935483871,5.181630453933188,5.181630453933188,0.967741935483871,5.3627339693484375,5.3627339693484375,0.967741935483871,5.384593089664956,5.384593089664956,0.967741935483871,5.384593089664956,5.384593089664956,0.967741935483871,5.384593089664956,5.384593089664956
0.9741935483870968,7.047123912114026,7.047123912114026,0.9741935483870968,6.708699145159479,6.708699145159479,0.9741935483870968,7.323008111188298,7.323008111188298,0.9741935483870968,8.11253643929349,8.11253643929349,0.9741935483870968,5.181630453933188,5.181630453933188,0.9741935483870968,5.3627339693484375,5.3627339693484375,0.9741935483870968,5.384593089664956,5.384593089664956,0.9741935483870968,5.384593089664956,5.384593089664956,0.9741935483870968,5.384593089664956,5.384593089664956
0.9741935483870968,7.047123912114026,7.047123912114026,0.9741935483870968,6.708699145159479,6.708699145159479,0.9741935483870968,7.323008111188298,7.323008111188298,0.9741935483870968,8.11253643929349,8.11253643929349,0.9741935483870968,5.181630453933188,5.181630453933188,0.9741935483870968,5.3627339693484375,5.3627339693484375,0.9741935483870968,5.384593089664956,5.384593089664956,0.9741935483870968,5.384593089664956,5.384593089664956,0.9741935483870968,5.384593089664956,5.384593089664956
0.9806451612903226,7.047123912114026,7.047123912114026,0.9806451612903226,6.708699145159479,6.708699145159479,0.9806451612903226,7.323008111188298,7.323008111188298,0.9806451612903226,8.11253643929349,8.11253643929349,0.9806451612903226,5.181630453933188,5.181630453933188,0.9806451612903226,5.3627339693484375,5.3627339693484375,0.9806451612903226,5.384593089664956,5.384593089664956,0.9806451612903226,5.384593089664956,5.384593089664956,0.9806451612903226,5.384593089664956,5.384593089664956
0.9806451612903226,7.047123912114026,7.047123912114026,0.9806451612903226,6.708699145159479,6.708699145159479,0.9806451612903226,7.323008111188298,7.323008111188298,0.9806451612903226,8.11253643929349,8.11253643929349,0.9806451612903226,5.181630453933188,5.181630453933188,0.9806451612903226,5.3627339693484375,5.3627339693484375,0.9806451612903226,5.384593089664956,5.384593089664956,0.9806451612903226,5.384593089664956,5.384593089664956,0.9806451612903226,5.384593089664956,5.384593089664956
0.9870967741935484,7.047123912114026,7.047123912114026,0.9870967741935484,6.708699145159479,6.708699145159479,0.9870967741935484,7.323008111188298,7.323008111188298,0.9870967741935484,8.11253643929349,8.11253643929349,0.9870967741935484,5.181630453933188,5.181630453933188,0.9870967741935484,5.3627339693484375,5.3627339693484375,0.9870967741935484,5.384593089664956,5.384593089664956,0.9870967741935484,5.384593089664956,5.384593089664956,0.9870967741935484,5.384593089664956,5.384593089664956
0.9870967741935484,7.047123912114026,7.047123912114026,0.9870967741935484,6.708699145159479,6.708699145159479,0.9870967741935484,7.323008111188298,7.323008111188298,0.9870967741935484,8.11253643929349,8.11253643929349,0.9870967741935484,5.181630453933188,5.181630453933188,0.9870967741935484,5.3627339693484375,5.3627339693484375,0.9870967741935484,5.384593089664956,5.384593089664956,0.9870967741935484,5.384593089664956,5.384593089664956,0.9870967741935484,5.384593089664956,5.384593089664956
0.9935483870967742,7.047123912114026,7.047123912114026,0.9935483870967742,6.708699145159479,6.708699145159479,0.9935483870967742,7.323008111188298,7.323008111188298,0.9935483870967742,8.11253643929349,8.11253643929349,0.9935483870967742,5.181630453933188,5.181630453933188,0.9935483870967742,5.3627339693484375,5.3627339693484375,0.9935483870967742,5.384593089664956,5.384593089664956,0.9935483870967742,5.384593089664956,5.384593089664956,0.9935483870967742,5.384593089664956,5.384593089664956
0.9935483870967742,7.047123912114026,7.047123912114026,0.9935483870967742,6.708699145159479,6.708699145159479,0.9935483870967742,7.323008111188298,7.323008111188298,0.9935483870967742,8.11253643929349,8.11253643929349,0.9935483870967742,5.181630453933188,5.181630453933188,0.9935483870967742,5.3627339693484375,5.3627339693484375,0.9935483870967742,5.384593089664956,5.384593089664956,0.9935483870967742,5.384593089664956,5.384593089664956,0.9935483870967742,5.384593089664956,5.384593089664956
1.0,7.047123912114026,7.047123912114026,1.0,6.708699145159479,6.708699145159479,1.0,7.323008111188298,7.323008111188298,1.0,8.11253643929349,8.11253643929349,1.0,5.181630453933188,5.181630453933188,1.0,5.3627339693484375,5.3627339693484375,1.0,5.384593089664956,5.384593089664956,1.0,5.384593089664956,5.384593089664956,1.0,5.384593089664956,5.384593089664956
1.0,7.047123912114026,7.047123912114026,1.0,6.708699145159479,6.708699145159479,1.0,7.323008111188298,7.323008111188298,1.0,8.11253643929349,8.11253643929349,1.0,5.181630453933188,5.181630453933188,1.0,5.3627339693484375,5.3627339693484375,1.0,5.384593089664956,5.384593089664956,1.0,5.384593089664956,5.384593089664956,1.0,5.384593089664956,5.384593089664956
